epoch,frame,ts_ns,ast_px,ast_py,score
1,1159,1788548617231366666,830.6666666666666,96.0,1.0
1,1160,1788548617264700000,832.7482118010521,107.15794929862022,0.9825130105018616
1,1161,1788548617298044444,834.3854872584343,114.1270245462656,0.9518144130706788
1,1162,1788548617331388888,835.6796938180923,116.37302500009535,0.9384065270423888
1,1163,1788548617364733333,836.2749945521355,112.37307420372964,0.9560542702674866
1,1164,1788548617398077777,836.1813791394234,103.97220540978014,0.9829486608505248
1,1165,1788548617431422222,835.392184227705,92.25986564159392,0.990305721759796
1,1166,1788548617464766666,833.9546784944832,77.88616218417883,0.9939696192741394
1,1167,1788548617498100000,831.9562302194536,61.20590879023075,0.9926280379295348
1,1168,1788548617531444444,830.1399123072624,49.29967260360718,0.980155348777771
1,1169,1788548617564788888,827.2466929554939,39.199684128165245,0.958610773086548
1,1170,1788548617598133333,824.969611691311,33.820691630244255,0.915892481803894
1,1171,1788548617631477777,822.7332916557789,28.862261414527893,0.921960711479187
1,1172,1788548617664822222,820.4097934365273,21.860962212085724,0.9329414963722228
1,1173,1788548617698155555,819.2916447818279,18.52444478869438,0.8972198963165283
1,1174,1788548617731500000,818.908323481679,17.0,0.899669885635376
1,1175,1788548617764844444,819.4002878367901,17.0,0.8873119950294495
1,1176,1788548617798188888,820.4503861665726,17.0,0.8302944302558899
1,1177,1788548617831533333,821.7471764087677,17.0,0.9110045433044434
1,1178,1788548617864877777,822.7019790112972,17.0,0.8952895998954773
1,1179,1788548617898222222,822.6874864697456,18.79321800172329,0.9493985772132874
1,1180,1788548617931555555,823.0804219916463,24.18157210946083,0.8947449326515198
1,1181,1788548617964900000,821.5098670423031,25.718585461378098,0.91282856464386
1,1182,1788548617998244444,820.5173147618771,30.066089160740376,0.9006499648094177
1,1183,1788548618031588888,819.1094500422478,32.72973597049713,0.9380596876144408
1,1184,1788548618064933333,818.7743728458881,38.12650403380394,0.9156901240348816
1,1185,1788548618098277777,817.4800100326538,41.51277419924736,0.924571692943573
1,1186,1788548618131622222,816.0749341025949,45.421963185071945,0.9130568504333496
1,1187,1788548618164955555,814.8040507882833,47.81383506953716,0.924927055835724
1,1188,1788548618198300000,813.3397035300732,47.965711403638124,0.9094313979148864
1,1189,1788548618231644444,812.6881127357483,48.49980300664902,0.9128094911575316
1,1190,1788548618264988888,812.568108946085,48.76315189898014,0.9038682579994202
1,1191,1788548618298333333,813.4609778225422,50.49838775396347,0.9247105717658995
1,1192,1788548618331677777,814.6060346066952,53.33951482176781,0.9129279255867004
1,1193,1788548618365022222,815.3425877392292,56.157636523246765,0.9111997485160828
1,1194,1788548618398355555,815.7391554415226,59.18456308543682,0.940211296081543
1,1195,1788548618431700000,815.7747578322887,62.41843989491463,0.9173699617385864
1,1196,1788548618465044444,816.9593279287219,68.86239112913609,0.9776039719581604
1,1197,1788548618498388888,819.9682421125472,80.64597767591476,0.9808230996131896
1,1198,1788548618531733333,824.1956827789545,96.312985599041,0.982643723487854
1,1199,1788548618565077777,829.108616784215,115.69744205474854,0.9642624855041504
1,1200,1788548618598422222,833.8334217816591,135.65250024199486,0.972990095615387
1,1201,1788548618631755555,838.7682430893183,156.5244248509407,0.9595849514007568
1,1202,1788548618665100000,843.2134522199631,173.67486029863358,0.9840491414070128
1,1203,1788548618698444444,847.8289624005556,191.2552284002304,0.9781373739242554
1,1204,1788548618731788888,851.963195104152,206.16855683922768,0.982485055923462
1,1205,1788548618765133333,855.2141382992268,218.3375320136547,0.9644083976745604
1,1206,1788548618798477777,857.1689450293779,228.0162073969841,0.9682557582855223
1,1207,1788548618831822222,858.421917706728,237.0640485137701,0.943289577960968
1,1208,1788548618865155555,859.2568256258965,247.0312395915389,0.9580702781677246
1,1209,1788548618898500000,859.4825713634491,256.1736072450876,0.9706763029098512
1,1210,1788548618931844444,859.3880212306976,263.870427519083,0.926813006401062
1,1211,1788548618965188888,858.9198282882571,269.4155411720276,0.9567137360572816
1,1212,1788548618998533333,858.7148294150829,275.1020015254617,0.9124150276184082
1,1213,1788548619031877777,857.8446291983128,280.29321667551994,0.9399227499961852
1,1214,1788548619065222222,856.9679467454553,287.2497664541006,0.9286354780197144
1,1215,1788548619098555555,856.4646959006786,296.7323650419712,0.9252587556838988
1,1216,1788548619131900000,855.1901284903288,302.9585925154388,0.9197040796279908
1,1217,1788548619165244444,854.9528352543712,310.1917516589165,0.9174703359603882
1,1218,1788548619198588888,854.7378992438316,316.1546955257654,0.9538170099258424
1,1219,1788548619231933333,854.6569363176823,322.12967352569103,0.905419945716858
1,1220,1788548619265277777,854.5792294740677,327.87055848538876,0.9059972167015076
1,1221,1788548619298611111,853.9605647213757,332.4881385564804,0.908798098564148
1,1222,1788548619331955555,854.5191318392754,340.85031351447105,0.8941324353218079
1,1223,1788548619365300000,853.8301542550325,343.87488429248333,0.8970438838005066
1,1224,1788548619398644444,853.7524558007717,347.6237238943577,0.8899410963058472
1,1225,1788548619431988888,853.6382811069489,351.02787030674517,0.9291160702705384
1,1226,1788548619465333333,853.5203159451485,355.3621808886528,0.8944571018218994
1,1227,1788548619498677777,852.9499270431697,358.85508236289024,0.9069862961769104
1,1228,1788548619532011111,853.0622594878078,364.44331952929497,0.8689336180686951
1,1229,1788548619565355555,853.0922847688198,367.581179857254,0.8686631917953491
1,1230,1788548619598700000,854.4318125247955,371.773693472147,0.8104476928710938
1,1231,1788548619632044444,855.9868113547564,373.28334978222847,0.7743331789970398
1,1232,1788548619665388888,858.1213389113545,374.5665408670902,0.6782711744308472
1,1233,1788548619698733333,860.3495288491249,375.64790216088295,0.62489253282547
1,1234,1788548619732077777,863.0124447317794,391.1482290625572,0.563248336315155
1,1235,1788548619765411111,865.1159546747804,391.75821520388126,0.5671706199645996
1,1236,1788548619798755555,867.3250748217106,392.0063678068109,0.5642105937004089
1,1237,1788548619832100000,869.0810692980886,378.0780329480767,0.5579243302345276
1,1238,1788548619865444444,869.9192184433341,379.16200767457485,0.5922818779945374
1,1239,1788548619898788888,870.4876191914082,379.9737024977803,0.641790509223938
1,1240,1788548619932133333,871.4070616662502,379.8274906873703,0.7672504782676697
1,1241,1788548619965477777,871.7538319081068,379.0015642193612,0.7910739779472351
1,1242,1788548619998811111,872.4003609716892,376.6668809652329,0.8520364761352539
1,1243,1788548620032155555,873.3395514786243,373.4857345223427,0.8304550051689148
1,1244,1788548620065500000,874.9124994874,370.5630253255367,0.8670826554298401
1,1245,1788548620098844444,875.7987612783909,370.200885951519,0.8808614611625671
1,1246,1788548620132188888,876.7195608019829,368.67322090268135,0.8861244916915894
1,1247,1788548620165533333,877.0122469449416,368.2555753290653,0.8909716010093689
1,1248,1788548620198866666,877.8356682509184,365.1395177692175,0.8864187002182007
1,1249,1788548620232211111,878.4691498279572,362.1415392309427,0.9128601551055908
1,1250,1788548620265555555,879.7330545186996,360.51544094085693,0.8834508061408997
1,1251,1788548620298900000,881.0037153246813,359.2166380882263,0.8827133774757385
1,1252,1788548620332244444,882.1034715026617,362.1363162845373,0.903738021850586
1,1253,1788548620365588888,883.4322191476822,364.9664497040212,0.8997700214385986
1,1254,1788548620398933333,884.7427105009556,367.32881104946136,0.8905541896820068
1,1255,1788548620432266666,886.0320543721318,367.57720816135406,0.8941137194633484
1,1256,1788548620465611111,886.8212398886681,363.1330129802227,0.8934005498886108
1,1257,1788548620498955555,886.8815765604377,359.28488609194756,0.9045971632003784
1,1258,1788548620532300000,887.8260258883238,352.8851273879409,0.8954631686210632
1,1259,1788548620565644444,888.2432257086039,350.8209969252348,0.8968093991279602
1,1260,1788548620598988888,889.3169950544834,349.8553395420313,0.9009100794792176
1,1261,1788548620632333333,889.6943598687649,354.8722039014101,0.9122285842895508
1,1262,1788548620665666666,889.3718126416206,361.2974317967892,0.937650740146637
1,1263,1788548620699011111,888.6389729976654,367.4072550237179,0.9010103940963744
1,1264,1788548620732355555,887.9337198138237,370.9241216853261,0.917233943939209
1,1265,1788548620765700000,887.3186920881271,371.209788069129,0.8988470435142517
1,1266,1788548620799044444,886.4940575957298,372.15419429540634,0.8981101512908936
1,1267,1788548620832388888,886.2598562240601,372.6777783334255,0.9081966280937196
1,1268,1788548620865733333,886.3257203400135,372.73427629470825,0.9171831607818604
1,1269,1788548620899066666,886.7505903095007,371.8883906900883,0.9020163416862488
1,1270,1788548620932411111,887.8577808737755,369.3798885643482,0.9013389945030212
1,1271,1788548620965755555,888.1555489599705,369.98283364623785,0.912688672542572
1,1272,1788548620999100000,888.7850874513388,368.9335619583726,0.904713809490204
1,1273,1788548621032444444,889.1668401062489,369.6328204870224,0.9128787517547609
1,1274,1788548621065788888,889.3619246780872,370.2914524674416,0.9158692359924316
1,1275,1788548621099133333,889.195021674037,372.3095609247685,0.908291518688202
1,1276,1788548621132466666,889.2047749310732,373.4166503548622,0.91568261384964
1,1277,1788548621165811111,889.7729871124029,374.11666075885296,0.917768895626068
1,1278,1788548621199155555,890.8172093331814,374.41834646463394,0.9127343893051147
1,1279,1788548621232500000,892.4593908786774,373.5601917505264,0.9077722430229188
1,1280,1788548621265844444,893.5974994003773,375.171417504549,0.9180826544761658
1,1281,1788548621299188888,894.9578628316522,374.8392527103424,0.9134656190872192
1,1282,1788548621332533333,896.5920707881451,372.45321410894394,0.9076879620552064
1,1283,1788548621365866666,897.4146175682545,371.1499984115362,0.9180951714515686
1,1284,1788548621399211111,897.7191534042358,370.06049351394176,0.9196250438690186
1,1285,1788548621432555555,897.8679957389832,369.36363103985786,0.917733907699585
1,1286,1788548621465900000,899.5573246479034,365.1668469011784,0.911748468875885
1,1287,1788548621499244444,900.4270668625832,365.1454532444477,0.919835090637207
1,1288,1788548621532588888,903.1650601774454,361.8153265565634,0.9208531975746156
1,1289,1788548621565933333,905.1237332820892,365.298672735691,0.9453339576721193
1,1290,1788548621599266666,907.586164176464,370.0981834605336,0.9245068430900574
1,1291,1788548621632611111,910.0624621026218,373.1833472698927,0.9404045343399048
1,1292,1788548621665955555,911.7587842494248,375.4785961210728,0.9228140115737916
1,1293,1788548621699300000,912.5281480848788,375.4712136089802,0.9205518364906312
1,1294,1788548621732644444,912.0920806229116,376.3525132238865,0.918010115623474
1,1295,1788548621765988888,911.0616762004792,376.86027143895626,0.9229670763015748
1,1296,1788548621799322222,910.2033695876598,374.95375732705,0.9188815951347352
1,1297,1788548621832666666,909.088866174221,375.1454325020313,0.9257184267044068
1,1298,1788548621866011111,908.4648507237434,376.01933467946947,0.9229257702827454
1,1299,1788548621899355555,908.4494155943394,376.9261568039656,0.925409972667694
1,1300,1788548621932700000,910.0573635399342,373.38639810681343,0.9239956736564636
1,1301,1788548621966044444,911.0247999895364,372.5088743567467,0.9172117710113524
1,1302,1788548621999388888,911.5816539227962,372.32382398843765,0.923512876033783
1,1303,1788548622032722222,912.977060828358,367.10156763345,0.930413782596588
1,1304,1788548622066066666,913.1329756379128,364.65203154087067,0.9281315803527832
1,1305,1788548622099411111,912.9009490832686,362.1769580543041,0.9180789589881896
1,1306,1788548622132755555,912.2541207671164,361.04422914609313,0.9226421117782592
1,1307,1788548622166100000,912.3066629171371,359.6944037973881,0.917869746685028
1,1308,1788548622199444444,912.6767192780972,358.2211625277996,0.929105281829834
1,1309,1788548622232788888,913.990556593053,355.85643742978573,0.9194581508636476
1,1310,1788548622266122222,915.3112313449384,353.3117119371891,0.9157240986824036
1,1311,1788548622299466666,916.1203727051616,353.2853313088417,0.919285237789154
1,1312,1788548622332811111,916.784197062254,353.32113829255104,0.9208992719650269
1,1313,1788548622366155555,917.519595950842,350.6479566693306,0.9417878985404968
1,1314,1788548622399500000,918.169523090124,346.0665293484926,0.9163334369659424
1,1315,1788548622432844444,918.5503650009632,342.44613203406334,0.9483286142349244
1,1316,1788548622466188888,919.9524301961064,338.0325389355421,0.9071789979934692
1,1317,1788548622499522222,920.4209937751292,337.28408095240593,0.914124071598053
1,1318,1788548622532866666,921.8377984911205,335.88628109544516,0.9092029333114624
1,1319,1788548622566211111,922.6907787024976,335.40142691135406,0.9163885712623596
1,1320,1788548622599555555,923.906410768628,333.3257483243942,0.9075136184692384
1,1321,1788548622632900000,924.191837862134,332.5237520635128,0.9132543802261353
1,1322,1788548622666244444,924.3339021503924,331.334119617939,0.9092363119125366
1,1323,1788548622699577777,923.9370960742236,331.769572019577,0.916139841079712
1,1324,1788548622732922222,923.2769005000592,331.0656081363559,0.921049177646637
1,1325,1788548622766266666,923.019443521276,328.6491951942444,0.9097127914428712
1,1326,1788548622799611111,922.7575792223216,326.5272535085678,0.92647522687912
1,1327,1788548622832955555,923.5830362141132,322.87133352458477,0.8947519659996033
1,1328,1788548622866300000,923.8190931528808,322.44669410586357,0.9019554257392884
1,1329,1788548622899644444,924.8903436437248,318.4736755788326,0.920102059841156
1,1330,1788548622932977777,925.5261758863926,316.2026454359293,0.903529703617096
1,1331,1788548622966322222,925.8039878308772,314.00353825907223,0.8988824486732483
1,1332,1788548622999666666,925.2791775763036,313.3212405741215,0.9043229818344116
1,1333,1788548623033011111,925.2646782696248,311.062008228153,0.900370717048645
1,1334,1788548623066355555,924.4308867156506,310.4476187825203,0.8979421854019165
1,1335,1788548623099700000,923.9723636452107,309.1624368429184,0.9004092216491699
1,1336,1788548623133044444,923.4031038880348,308.18506060540676,0.9062198400497437
1,1337,1788548623166377777,923.2262457609175,305.7097946405411,0.8938048481941223
1,1338,1788548623199722222,922.5288562178612,304.4123677909374,0.9055532217025756
1,1339,1788548623233066666,922.5412411093712,300.12122962623835,0.9001877307891846
1,1340,1788548623266411111,922.7536916434764,296.22500248253345,0.8885421752929688
1,1341,1788548623299755555,922.7102209031582,294.7810899168253,0.89335036277771
1,1342,1788548623333100000,923.1429475396872,293.84135845303535,0.8956453204154968
1,1343,1788548623366444444,923.9611922204494,293.5680510401726,0.8943210244178772
1,1344,1788548623399777777,925.0201429706068,291.7936976402998,0.9172515869140624
1,1345,1788548623433122222,926.7937769442796,287.35926231741905,0.879490852355957
1,1346,1788548623466466666,927.76149661839,285.4629164338112,0.9079130291938782
1,1347,1788548623499811111,929.7663690298796,280.91301730275154,0.8784492015838623
1,1348,1788548623533155555,930.6017296612264,281.02749817818403,0.8853702545166016
1,1349,1788548623566500000,931.8769872561096,279.196253195405,0.8915058970451355
1,1350,1788548623599833333,932.7464794516565,278.5624065697193,0.882099986076355
1,1351,1788548623633177777,933.299731105566,277.437063395977,0.8810139298439026
1,1352,1788548623666522222,933.4632884562016,277.3406175673008,0.8881542086601257
1,1353,1788548623699866666,934.156026557088,274.92535807192326,0.8762049674987793
1,1354,1788548623733211111,934.5740639865398,273.6789186298847,0.8776168823242188
1,1355,1788548623766555555,934.4605250060558,273.3194939494133,0.8751304745674133
1,1356,1788548623799900000,934.7525405734776,271.9789922814816,0.8780643939971924
1,1357,1788548623833233333,934.8087919950484,271.1857559084892,0.8728790283203125
1,1358,1788548623866577777,934.9616164006292,270.29572889208794,0.8704259991645813
1,1359,1788548623899922222,935.2215333878994,269.07839058339596,0.8706332445144653
1,1360,1788548623933266666,936.0735219195484,266.6445510685444,0.8666951060295105
1,1361,1788548623966611111,936.5900990962982,265.0467767715454,0.8764338493347168
1,1362,1788548623999955555,937.082919754088,264.65037739276886,0.8712424039840698
1,1363,1788548624033300000,937.597488462925,263.6157043874264,0.8720353245735168
1,1364,1788548624066633333,937.7949068695308,263.23264114558697,0.8694767951965332
1,1365,1788548624099977777,937.7199885249138,264.1270883977413,0.8738145232200623
1,1366,1788548624133322222,938.076267413795,263.34006360173225,0.8669260740280151
1,1367,1788548624166666666,938.3293040394784,263.17542654275894,0.8703591227531433
1,1368,1788548624200011111,938.2678000330924,263.09960801899433,0.8832859396934509
1,1369,1788548624233355555,939.226892322302,258.3054522871971,0.8589959740638733
1,1370,1788548624266700000,939.0466685444115,257.8264598250389,0.8706701993942261
1,1371,1788548624300033333,939.3725056946278,254.9157566651702,0.8585838079452515
1,1372,1788548624333377777,939.151869982481,254.45463320612907,0.8697257041931152
1,1373,1788548624366722222,939.904697023332,251.6751724183559,0.857779860496521
1,1374,1788548624400066666,940.2242118269204,251.24328716099265,0.8652868866920471
1,1375,1788548624433411111,941.5144058465958,249.02013234980404,0.8560210466384888
1,1376,1788548624466755555,942.5354921221732,249.17926064133644,0.8586907386779785
1,1377,1788548624500100000,943.3309901356696,249.39103028178215,0.8618756532669067
1,1378,1788548624533433333,944.3421045541764,251.1985283792019,0.8826402425765991
1,1379,1788548624566777777,945.0513859838248,253.21286898851395,0.8641771078109741
1,1380,1788548624600122222,945.1481978744268,254.98747270554304,0.886360764503479
1,1381,1788548624633466666,945.022047976032,257.1089447289705,0.8763555884361267
1,1382,1788548624666811111,945.2059775441884,260.50284817814827,0.8631256818771362
1,1383,1788548624700155555,944.7110842764378,260.8523885756731,0.8782504796981812
1,1384,1788548624733500000,945.0817621201276,263.30591428279877,0.8701785802841187
1,1385,1788548624766833333,945.4817109405994,263.70066487789154,0.8712462186813354
1,1386,1788548624800177777,946.1677287071944,263.50741013884544,0.8712788224220276
1,1387,1788548624833522222,947.2181161940098,264.33028867840767,0.8874785304069519
1,1388,1788548624866866666,948.2181730419396,265.12937808036804,0.8821154832839966
1,1389,1788548624900211111,949.3335693478584,267.59202870726585,0.8694210648536682
1,1390,1788548624933555555,949.4555521011353,267.6653810739517,0.8862210512161255
1,1391,1788548624966900000,949.953758776188,270.234207123518,0.870082437992096
1,1392,1788548625000233333,949.6674142181872,270.22070856392384,0.875829815864563
1,1393,1788548625033577777,949.606953203678,271.1660044938326,0.8740906715393066
1,1394,1788548625066922222,949.783495336771,272.78833469748497,0.8936607837677002
1,1395,1788548625100266666,950.07659702003,273.7992334663868,0.8812121748924255
1,1396,1788548625133611111,950.4407825767994,275.08602920919657,0.8933291435241699
1,1397,1788548625166955555,950.8169025480748,276.01051827706397,0.8939485549926758
1,1398,1788548625200288888,951.4845148026944,278.21435533463955,0.8702665567398071
1,1399,1788548625233633333,951.7978065758944,278.78916297852993,0.8783676028251648
1,1400,1788548625266977777,951.9676458239556,279.0896552056074,0.8804974555969238
1,1401,1788548625300322222,952.30886220932,279.2758119404316,0.898533821105957
1,1402,1788548625333666666,953.090558744967,282.26376420259476,0.8757866024971008
1,1403,1788548625367011111,953.6073210835456,284.504696816206,0.8953154683113098
1,1404,1788548625400355555,953.9188347384334,286.26420372724533,0.896460771560669
1,1405,1788548625433688888,954.5537547767162,288.91681565344334,0.8773283958435059
1,1406,1788548625467033333,954.729671537876,288.79906637966633,0.8844039440155029
1,1407,1788548625500377777,954.9116347655654,288.38720032572746,0.901048183441162
1,1408,1788548625533722222,955.6777300238608,290.78910733759403,0.8789102435112
1,1409,1788548625567066666,955.755587399006,290.39678770303726,0.8852062821388245
1,1410,1788548625600411111,956.823093995452,294.0607668273151,0.9338525533676147
1,1411,1788548625633755555,957.1932922452688,296.457198292017,0.890414297580719
1,1412,1788548625667088888,957.2813888788224,296.5612172782421,0.8922905325889587
1,1413,1788548625700433333,957.6603069007396,298.1724312007427,0.89700847864151
1,1414,1788548625733777777,958.06928255409,298.57744586467743,0.8922885060310364
1,1415,1788548625767122222,959.0086113195866,301.9088219925761,0.9309468269348145
1,1416,1788548625800466666,959.4397974014282,303.59769290685654,0.8891463875770569
1,1417,1788548625833811111,959.3992127776146,303.4066129028797,0.908123254776001
1,1418,1788548625867155555,959.8871202468872,305.4167086780071,0.8925798535346985
1,1419,1788548625900488888,960.3469642996788,307.06459664553404,0.8997499346733093
1,1420,1788548625933833333,960.655535042286,307.52299734950066,0.8919300436973572
1,1421,1788548625967177777,960.7039550542833,307.5812523961067,0.9129069447517396
1,1422,1788548626000522222,961.2090383470058,309.8500553369522,0.8866429924964905
1,1423,1788548626033866666,961.2055216431618,309.8361920118332,0.8927654027938843
1,1424,1788548626067211111,960.925780043006,310.1644017249346,0.8940545320510864
1,1425,1788548626100544444,960.8947568759322,311.52023470401764,0.9326111078262328
1,1426,1788548626133888888,961.243138551712,315.1905666589737,0.8908118009567261
1,1427,1788548626167233333,961.1264032125472,317.49097430706024,0.955500602722168
1,1428,1788548626200577777,961.4189202189444,321.98696282319725,0.8928787112236023
1,1429,1788548626233922222,961.0802983269097,323.20415499806404,0.9222355484962464
1,1430,1788548626267266666,961.081576667726,325.7684111148119,0.8955907225608826
1,1431,1788548626300611111,960.71079531312,325.65085795521736,0.8955096006393433
1,1432,1788548626333944444,960.6813226044178,326.53816670179367,0.8893612027168274
1,1433,1788548626367288888,960.8000738620758,327.1811772733927,0.9136731028556824
1,1434,1788548626400633333,961.181340187788,328.8683786839247,0.8872286677360535
1,1435,1788548626433977777,961.4261527657508,329.2046712040901,0.9105425477027892
1,1436,1788548626467322222,961.9540007263422,330.9881934588775,0.8821683526039124
1,1437,1788548626500666666,961.9494856372476,330.50208619236946,0.8856772780418396
1,1438,1788548626534011111,962.4053693711758,331.30943086743355,0.9020076394081116
1,1439,1788548626567344444,962.9840904716402,333.53013640642166,0.8725429177284241
1,1440,1788548626600688888,963.0079181315376,333.43742564320564,0.8793177008628845
1,1441,1788548626634033333,964.0825461372732,337.6960451900959,0.8888895511627197
1,1442,1788548626667377777,964.3895061016084,339.44794777035713,0.8681931495666504
1,1443,1788548626700722222,964.7164304852486,340.81713001430035,0.848175585269928
1,1444,1788548626734066666,964.3305234909058,340.0364793203771,0.8475320339202881
1,1445,1788548626767411111,964.4104917049408,341.05394910648465,0.843273401260376
1,1446,1788548626800744444,964.3121262788771,341.15019492805004,0.84986811876297
1,1447,1788548626834088888,964.1822225004436,341.0738020539284,0.8511149287223816
1,1448,1788548626867433333,964.745806902647,342.9222406297922,0.9129778742790222
1,1449,1788548626900777777,965.3958473205566,346.3690615296364,0.835269570350647
1,1450,1788548626934122222,965.3069096803664,346.34443083405495,0.8422992825508118
1,1451,1788548626967466666,966.102396696806,350.8036582618952,0.8538287878036499
1,1452,1788548627000811111,966.1081203520298,351.60350209474564,0.8413324356079102
1,1453,1788548627034144444,966.1483723670244,352.54689985513687,0.8342264294624329
1,1454,1788548627067488888,965.9663911499084,352.8122151494026,0.8451116681098938
1,1455,1788548627100833333,966.3538169562815,355.63106510043144,0.8401562571525574
1,1456,1788548627134177777,966.2434404343368,356.2271316051483,0.8467817306518555
1,1457,1788548627167522222,966.9500926434994,358.89555967599154,0.8472682237625122
1,1458,1788548627200866666,967.6588141322136,360.21454298496246,0.8764351010322571
1,1459,1788548627234211111,968.6266563236712,361.7966532558203,0.8499550819396973
1,1460,1788548627267544444,969.5067396461964,362.3338971138001,0.8818456530570984
1,1461,1788548627300888888,970.3842895627022,363.6499916911125,0.8632503151893616
1,1462,1788548627334233333,971.1545047163964,365.596980124712,0.8692893385887146
1,1463,1788548627367577777,971.2013808041812,365.3742412030697,0.8752456307411194
1,1464,1788548627400922222,971.5519293248652,366.5180099606514,0.8721222281455994
1,1465,1788548627434266666,971.6274153590202,367.93190958350897,0.9047191143035888
1,1466,1788548627467755555,971.5476247370244,370.1485775858164,0.8811123967170715
1,1467,1788548627501088888,971.267243206501,371.18562442064285,0.913993239402771
1,1468,1788548627534433333,971.1455162763596,372.8912636488676,0.8950449824333191
1,1469,1788548627567777777,971.2165186405182,373.6381385922432,0.9167655110359192
1,1470,1788548627601122222,971.71296402812,375.18286687135696,0.89992755651474
1,1471,1788548627634466666,972.5501326024532,376.1024466454983,0.9276798963546752
1,1472,1788548627667811111,973.254047125578,377.83957247436047,0.9076150059700012
1,1473,1788548627701155555,974.0890030935408,380.58619824051857,0.907616138458252
1,1474,1788548627734488888,974.2565576434135,380.8523997217417,0.9121854305267334
1,1475,1788548627767833333,974.4444873034954,382.4793199598789,0.9069257974624634
1,1476,1788548627801177777,974.74807035923,385.2412462234497,0.9068558812141418
1,1477,1788548627834522222,974.584967136383,385.2127543389797,0.9124210476875304
1,1478,1788548627867866666,974.770167544484,387.21155232191086,0.9068697690963744
1,1479,1788548627901211111,974.728263437748,387.596752345562,0.9126575589179992
1,1480,1788548627934555555,974.7126162946224,388.0329904444516,0.9147406816482544
1,1481,1788548627967888888,974.9152977094054,388.8357471525669,0.9367230534553528
1,1482,1788548628001233333,975.2221512645484,390.1952852457762,0.9110395312309264
1,1483,1788548628034577777,975.6371827721596,391.52038368582726,0.928935706615448
1,1484,1788548628067922222,976.3708004355432,393.4520350694656,0.9056121110916138
1,1485,1788548628101266666,977.3788501620292,396.7249741256237,0.9018285274505616
1,1486,1788548628134611111,977.8926525637507,397.7885024100542,0.90638929605484
1,1487,1788548628167955555,978.4122640192508,399.88955717533827,0.9047932624816896
1,1488,1788548628201288888,978.4874365925788,400.9710816815495,0.9207571744918824
1,1489,1788548628234633333,979.3369882702827,405.5493660271168,0.9012395143508912
1,1490,1788548628267977777,979.60452157259,407.07226964086294,0.9073180556297302
1,1491,1788548628301322222,980.0601082593204,408.10592652112246,0.9087026119232178
1,1492,1788548628334666666,981.046716351062,410.4836845099926,0.8972055315971375
1,1493,1788548628368011111,981.6796661615372,410.1848898231983,0.9048409461975098
1,1494,1788548628401355555,982.7907221019268,412.2635577619076,0.897097110748291
1,1495,1788548628434688888,983.1318982243538,411.8854933306575,0.909475326538086
1,1496,1788548628468033333,983.840511366725,414.4897744655609,0.8962006568908691
1,1497,1788548628501377777,984.1864721626044,415.8301376402378,0.9176669716835022
1,1498,1788548628534722222,984.4810436666012,417.50727412104607,0.8918378949165344
1,1499,1788548628568066666,984.5223533809184,418.6314794123173,0.8973618149757385
1,1500,1788548628601411111,984.6686192154884,419.62311547994614,0.8925961852073669
1,1501,1788548628634744444,984.7683256715536,421.13674391806126,0.9193137884140016
1,1502,1788548628668088888,985.1578138768672,424.3732139766216,0.919384777545929
1,1503,1788548628701433333,985.2525015175344,425.89290791004896,0.8970381617546082
1,1504,1788548628734777777,985.3910589814186,427.35659596323967,0.9071817994117736
1,1505,1788548628768122222,985.5977052748204,428.6847160458565,0.8897339701652527
1,1506,1788548628801466666,985.5839910507202,429.1736673563719,0.8917579054832458
1,1507,1788548628834811111,985.8119518756866,429.6730628311634,0.8954460024833679
1,1508,1788548628868144444,986.3969046771526,431.40202632546425,0.843687117099762
1,1509,1788548628901488888,986.9929382917472,432.8517064601183,0.8411083221435547
1,1510,1788548628934833333,987.4766264855862,433.3376986980438,0.7743690609931946
1,1511,1788548628968177777,988.0491869859396,433.9776575230062,0.7453858852386475
1,1512,1788548629001522222,988.2198842018844,434.20307141542435,0.7124267220497131
1,1513,1788548629034866666,988.0775419026612,433.7732164263725,0.710237979888916
1,1514,1788548629068211111,987.778796672821,433.31870263814926,0.7103286981582642
1,1515,1788548629101544444,988.6199896335602,435.240277543664,0.6082794666290283
1,1516,1788548629134888888,985.5,434.5,0.5527726632356643
1,1517,1788548629168233333,989.3697333335876,441.71305134892464,0.5593835711479187
1,1518,1788548629201577777,989.9061060398816,432.9266229271889,0.6728829145431519
1,1519,1788548629234922222,989.8300492167472,431.74773955345154,0.7028632760047913
1,1520,1788548629268266666,990.1189751401544,428.95641331747174,0.7808650135993958
1,1521,1788548629301611111,989.9027686864138,428.304200142622,0.7972425222396851
1,1522,1788548629334944444,990.068488612771,426.40181264281273,0.8090802431106567
1,1523,1788548629368288888,990.1473687589169,425.67654809355736,0.8396894335746765
1,1524,1788548629401633333,990.730866253376,422.7227972149849,0.860512375831604
1,1525,1788548629434977777,991.24059073627,420.8532989174128,0.9059678316116332
1,1526,1788548629468322222,991.7910125851632,419.6409483253956,0.8966740369796753
1,1527,1788548629501666666,992.3746253848076,417.4521644115448,0.9154988527297974
1,1528,1788548629535011111,993.1051492393016,415.6531052589417,0.9022229909896852
1,1529,1788548629568344444,993.70127633214,414.0791249275207,0.8951882123947144
1,1530,1788548629601688888,994.415325731039,411.2916811406613,0.9133369326591492
1,1531,1788548629635033333,994.9959416664204,409.3089424967766,0.8953322768211365
1,1532,1788548629668377777,995.5938872396946,406.96512815728784,0.915945053100586
1,1533,1788548629701722222,996.2171275764704,404.87685415148735,0.8989921808242798
1,1534,1788548629735066666,996.7329273223876,402.85048092901707,0.917576551437378
1,1535,1788548629768411111,997.373444288969,400.85954351723194,0.9053002595901488
1,1536,1788548629801744444,998.266414821148,397.9491567350924,0.8970877528190613
1,1537,1788548629835088888,998.3643144965172,397.18518459796906,0.9067686796188354
1,1538,1788548629868433333,998.7938534915448,393.6766909658909,0.8987273573875427
1,1539,1788548629901777777,998.6937275528908,392.80604289472103,0.909282386302948
1,1540,1788548629935122222,998.7977141737938,390.6816363930702,0.904280424118042
1,1541,1788548629968466666,998.905111528933,388.3209764659405,0.9201954007148744
1,1542,1788548630001811111,999.2103342860936,386.5288380086422,0.9003055691719055
1,1543,1788548630035144444,999.8432147949934,383.82055731117725,0.9283035397529602
1,1544,1788548630068488888,1000.549843341112,381.41671338677406,0.8875893354415894
1,1545,1788548630101833333,1001.0128935817628,380.7453193664551,0.8942418694496155
1,1546,1788548630135177777,1001.4294930994512,380.1094844788313,0.8955108523368835
1,1547,1788548630168522222,1002.6133471727372,376.8638794571161,0.898537278175354
1,1548,1788548630201866666,1002.8105633109808,376.51685240864754,0.9074737429618835
1,1549,1788548630235211111,1003.2122046798468,375.0465108603239,0.918010711669922
1,1550,1788548630268544444,1003.9096932932734,372.1956333965063,0.9178308248519896
1,1551,1788548630301888888,1004.2469691038132,370.84246127307415,0.9085636138916016
1,1552,1788548630335233333,1004.1519928723574,370.7222917973995,0.9129415154457092
1,1553,1788548630368577777,1004.875963434577,367.8962634950876,0.8999517560005188
1,1554,1788548630401922222,1005.11483450979,367.1999977529049,0.9102006554603576
1,1555,1788548630435266666,1006.3467314839364,363.6281269192696,0.8996343016624451
1,1556,1788548630468611111,1006.7468925714492,362.1207740753889,0.9120177626609802
1,1557,1788548630501944444,1007.1556821018456,360.7704012989998,0.9128895401954652
1,1558,1788548630535288888,1007.1850333958864,360.801858484745,0.914230465888977
1,1559,1788548630568633333,1007.3260367810726,359.41780376434326,0.9253090620040894
1,1560,1788548630601977777,1008.027769079432,357.11645786464214,0.9131258726119996
1,1561,1788548630635322222,1008.725340604782,355.0298180487007,0.9072040319442748
1,1562,1788548630668666666,1010.1732250452042,349.43786546587944,0.8625208735466003
1,1563,1788548630702011111,1010.71365955472,348.80743873119354,0.8587830066680908
1,1564,1788548630735344444,1011.308717250824,347.044852938503,0.8390870094299316
1,1565,1788548630768688888,1011.35790887475,346.725028693676,0.8334119319915771
1,1566,1788548630802033333,1011.5833970308304,345.72855857014656,0.8259146809577942
1,1567,1788548630835377777,1011.8095715790988,344.7411238849163,0.8262235522270203
1,1568,1788548630868722222,1012.502230733633,341.9764710497111,0.8044178485870361
1,1569,1788548630902066666,1013.3775886297226,339.30310794711113,0.7905601263046265
1,1570,1788548630935411111,1013.9673290140928,338.86392015218735,0.7874008417129517
1,1571,1788548630968744444,1014.7033117711544,336.6113615632057,0.7759231328964233
1,1572,1788548631002088888,1015.2150018960238,336.5042632818222,0.7722060084342957
1,1573,1788548631035433333,1015.8304053992032,335.49609622359276,0.7642020583152771
1,1574,1788548631068777777,1016.4198143184184,334.5227953195572,0.758992612361908
1,1575,1788548631102122222,1017.9086287170647,333.4992205798626,0.748525857925415
1,1576,1788548631135466666,1018.690903544426,331.97606070153415,0.749951183795929
2,1907,1788548642171944444,857.3333333333334,444.0,1.0
2,1908,1788548642205288888,857.0372107364237,443.3906944096088,0.994003176689148
2,1909,1788548642238622222,856.9896036982536,442.8722644597292,0.996447503566742
2,1910,1788548642271966666,856.755737170577,442.6126771271229,0.9921928644180298
2,1911,1788548642305311111,856.4292877018452,442.3674736320973,0.989861011505127
2,1912,1788548642338655555,856.247203797102,441.8913301676512,0.9950202703475952
2,1913,1788548642372000000,856.3401174843311,441.12893392145634,0.9928151965141296
2,1914,1788548642405344444,856.4978668689728,440.2958012223244,0.9890577793121338
2,1915,1788548642438677777,857.2815485596657,441.8935032486915,0.98043030500412
2,1916,1788548642472022222,858.0381584279239,443.3204925060272,0.9907571077346802
2,1917,1788548642505366666,858.6686482429504,445.38559263944626,0.9734457731246948
2,1918,1788548642538711111,859.189728423953,446.9837362598628,0.991795301437378
2,1919,1788548642572055555,859.240057349205,447.09779769927263,0.990985870361328
2,1920,1788548642605399999,859.7397765219212,449.9157047495246,0.9922834634780884
2,1921,1788548642638744444,859.7023751735687,450.2294178456068,0.9912790060043336
2,1922,1788548642672077777,860.1055129542947,452.9841091129929,0.9920685887336732
2,1923,1788548642705422222,860.1883205771446,454.09182078391314,0.9924371242523192
2,1924,1788548642738766666,860.1465398967266,454.72973996400833,0.9911186695098876
2,1925,1788548642772111111,860.4216943085194,456.38576716184616,0.981172263622284
2,1926,1788548642805455555,860.7796497046947,457.7248362004757,0.9897393584251404
2,1927,1788548642838800000,861.4495169520378,459.6265252232552,0.9844149351119996
2,1928,1788548642872144444,861.860521286726,459.0665525794029,0.9896928071975708
2,1929,1788548642905477777,862.8206006288528,460.7538641542196,0.9892913699150084
2,1930,1788548642938822222,863.3147410154343,461.7493455111981,0.9871867895126344
2,1931,1788548642972166666,863.5817417502403,462.37521573901176,0.9868432283401488
2,1932,1788548643005511111,863.5790462493896,463.0303968936205,0.989577293395996
2,1933,1788548643038855555,863.3946990668774,463.67974069714546,0.989102065563202
2,1934,1788548643072200000,863.5640232861042,465.6062083542347,0.9818111658096312
2,1935,1788548643105544444,863.6618994474411,467.2638282477856,0.9877086281776428
2,1936,1788548643138877777,863.9325577691197,469.7614262998104,0.990410327911377
2,1937,1788548643172222222,864.0809276849031,471.73195961117744,0.9870874285697936
2,1938,1788548643205566666,864.3008901774883,472.76638270914555,0.989643096923828
2,1939,1788548643238911111,864.3052077293396,473.6394648551941,0.9877943992614746
2,1940,1788548643272255555,864.2658930420876,474.3490673005581,0.988548994064331
2,1941,1788548643305600000,864.5542432367802,476.7458260655403,0.9835661053657532
2,1942,1788548643338944444,864.8705478906631,479.1054094433785,0.9906869530677797
2,1943,1788548643372277777,865.516654342413,481.9560716673732,0.9870398044586182
2,1944,1788548643405622222,865.7619381994009,482.55107083916664,0.987410306930542
2,1945,1788548643438966666,866.3089849948883,485.0399076119066,0.9898992776870728
2,1946,1788548643472311111,866.3220593631268,485.8075158596039,0.9879781603813172
2,1947,1788548643505655555,866.6822375953197,488.2531522810459,0.9876893162727356
2,1948,1788548643538999999,866.7223247289658,488.5709127485752,0.98563814163208
2,1949,1788548643572344444,867.0884815752506,490.4386501610279,0.9858865141868592
2,1950,1788548643605677777,867.3948613107204,490.5328369140625,0.9835494756698608
2,1951,1788548643639022222,867.8906284123659,489.70062774419785,0.989184558391571
2,1952,1788548643672366666,868.6826900541782,490.4275812804699,0.9838895201683044
2,1953,1788548643705711111,869.3469690680504,490.9051539748907,0.9888639450073242
2,1954,1788548643739055555,870.0498880445957,492.3531423509121,0.9865245819091796
2,1955,1788548643772400000,870.3108256757259,491.76267452538013,0.9869629740715028
2,1956,1788548643805744444,871.0106514301151,492.8994735777378,0.9902443289756776
2,1957,1788548643839077777,871.5838206112385,492.6640949249267,0.983966052532196
2,1958,1788548643872422222,872.2238272577524,494.4887427389622,0.981509268283844
2,1959,1788548643905766666,872.5323195159435,496.2423468977213,0.9811787009239196
2,1960,1788548643939111111,872.486710369587,496.8394397944212,0.9835593104362488
2,1961,1788548643972455555,872.6441427469254,498.71697559952736,0.983155369758606
2,1962,1788548644005800000,872.7472204267979,499.37256076931953,0.9839848279953004
2,1963,1788548644039133333,873.1475633382797,500.76634968817234,0.9875186681747437
2,1964,1788548644072477777,873.6865876913071,502.07534804195166,0.9827311635017396
2,1965,1788548644105822222,874.2646109461784,504.49796709418297,0.9137906432151794
2,1966,1788548644139166666,874.3342397511005,504.65013816952705,0.9122018218040466
2,1967,1788548644172511111,875.656934440136,507.5075653493405,0.944748878479004
2,1968,1788548644205855555,876.3550187945366,508.5516036450863,0.9401822686195374
2,1969,1788548644239200000,876.4704259932041,509.64425042271614,0.9350995421409608
2,1970,1788548644272533333,876.30152374506,510.1605637520552,0.8654713034629822
2,1971,1788548644305877777,876.4531465470791,514.3344032466412,0.938989520072937
2,1972,1788548644339222222,876.4823281168938,515.4173821806908,0.9447166919708252
2,1973,1788548644372566666,876.4846604168415,515.7369949221611,0.9510668516159058
2,1974,1788548644405911111,877.1949743628502,516.3120565414429,0.964535355567932
2,1975,1788548644439255555,878.327304571867,517.7666706740856,0.9588099122047424
2,1976,1788548644472600000,879.0349315553904,517.938577298075,0.9659070372581482
2,1977,1788548644505933333,880.1382854878902,519.3236854672432,0.9178544878959656
2,1978,1788548644539277777,881.1242354139686,519.7536074370146,0.8429157733917236
2,1979,1788548644572622222,881.4274222552776,519.5560509264469,0.8366498947143555
2,1980,1788548644605966666,881.739460259676,519.7079086005688,0.8062931299209595
2,1981,1788548644639311111,881.5510869026184,520.0847725942731,0.8100041151046753
2,1982,1788548644672655555,881.1668702661991,520.2757175862789,0.7619583606719971
2,1983,1788548644705999999,882.1493198126554,520.1470151543617,0.7935768365859985
2,1984,1788548644739333333,883.7350809574127,520.7548214644194,0.788219690322876
2,1985,1788548644772677777,883.6603035330772,520.6962509155273,0.7473524808883667
2,1986,1788548644806022222,883.9664718843997,520.4174951016903,0.7875717282295227
2,1987,1788548644839366666,884.1833374351263,519.9162754714489,0.838241696357727
2,1988,1788548644872711111,884.9279762282968,518.085274040699,0.8868222236633301
2,1989,1788548644906055555,885.012377073057,517.7561884820461,0.8986806273460388
2,1990,1788548644939400000,885.5128921568394,515.2132427096367,0.9319862723350524
2,1991,1788548644972733333,885.513315141201,514.560104072094,0.9367502331733704
2,1992,1788548645006077777,885.1512728184462,513.1556707620621,0.9343802332878112
2,1993,1788548645039422222,885.0521657094359,511.6756899654865,0.8867498636245728
2,1994,1788548645072766666,885.0983598604798,510.6951729655266,0.8748043775558472
2,1995,1788548645106111111,885.212384223938,509.6561366021633,0.8956522941589355
2,1996,1788548645139455555,885.7871534824371,507.26458463072777,0.8754868507385254
2,1997,1788548645172800000,886.1544792354107,506.2844579219818,0.8938953876495361
2,1998,1788548645206133333,887.102322794497,503.37820240855217,0.8685291409492493
2,1999,1788548645239477777,888.0460914596915,500.7722355723381,0.8859493136405945
2,2000,1788548645272822222,888.6204791665077,498.6244966983795,0.9146273732185364
2,2001,1788548645306166666,889.2632615864277,496.49007335305214,0.9379372596740724
2,2002,1788548645339511111,889.2860719561577,496.2154990285635,0.950519561767578
2,2003,1788548645372855555,889.509186655283,495.1552515476942,0.9409269094467164
2,2004,1788548645406200000,889.2950699329376,494.77784638106823,0.9520276188850404
2,2005,1788548645439533333,889.5632613301277,492.45583319664,0.9356215000152588
2,2006,1788548645472877777,889.2119955271482,492.3997774422169,0.9353675246238708
2,2007,1788548645506222222,888.9419968575239,492.4539512097835,0.935337781906128
2,2008,1788548645539566666,889.7552621811628,489.4184615015984,0.9294570088386536
2,2009,1788548645572911111,889.991082736291,488.3298105895519,0.9262357354164124
2,2010,1788548645606255555,891.1687801778316,484.1641869544983,0.917974054813385
2,2011,1788548645639599999,891.9036627262831,482.18682430684566,0.9042702317237854
2,2012,1788548645672933333,892.1459062695503,481.0509955212474,0.9579644203186036
2,2013,1788548645706277777,892.1868002265692,480.7539728730917,0.930730640888214
2,2014,1788548645739622222,892.4972450435162,480.2575508058071,0.9384570121765136
2,2015,1788548645772966666,892.5402474701405,480.0115206250921,0.9308161735534668
2,2016,1788548645806311111,893.135548889637,477.6293120384216,0.9211711287498474
2,2017,1788548645839655555,893.2543553709984,476.51742255687714,0.906024694442749
2,2018,1788548645873000000,893.7541362345219,474.3318640887737,0.924027979373932
2,2019,1788548645906333333,894.1255287081003,472.6291562318802,0.9231495261192322
2,2020,1788548645939677777,894.9548311159015,469.7922553420067,0.9131267666816713
2,2021,1788548645973022222,895.385138630867,469.3451460301876,0.902496337890625
2,2022,1788548646006366666,895.5237213969231,469.0126815661788,0.90414959192276
2,2023,1788548646039711111,895.638864248991,467.83081735670567,0.9136759638786316
2,2024,1788548646073055555,896.5066708922386,463.34058690071106,0.912595272064209
2,2025,1788548646106400000,896.608962059021,462.0073651480489,0.9331738352775574
2,2026,1788548646139733333,897.8489010035992,456.8132856339216,0.9497807621955872
2,2027,1788548646173077777,898.0019805841148,456.57854464650154,0.9532873630523682
2,2028,1788548646206422222,898.415954887867,455.21123637259007,0.9476931095123292
2,2029,1788548646239766666,898.8366905301809,453.9160406664014,0.9149953126907348
2,2030,1788548646273111111,898.6133776307106,453.5529437661171,0.9493526220321656
2,2031,1788548646306455555,898.8307212591171,452.45307978987694,0.9323065876960754
2,2032,1788548646339800000,899.1220341771841,449.73826518654823,0.9262396693229676
2,2033,1788548646373133333,899.0943127796054,449.1065805479884,0.934981644153595
2,2034,1788548646406477777,899.6972561776638,445.8105040043593,0.928845226764679
2,2035,1788548646439822222,899.6343744397163,445.18618097901344,0.9367139935493468
2,2036,1788548646473166666,900.0070698712952,442.77905644476414,0.9385787844657898
2,2037,1788548646506511111,899.8753884881735,442.9846826326102,0.9441888332366944
2,2038,1788548646539855555,900.1571178287268,441.091817073524,0.8961561918258667
2,2039,1788548646573200000,900.1229155957699,441.0089818891138,0.8873963952064514
2,2040,1788548646606533333,900.6463387906551,438.43320947885513,0.8772847652435303
2,2041,1788548646639877777,901.0651071816684,436.84238831698895,0.8901078104972839
2,2042,1788548646673222222,901.1466636508704,435.6307592391968,0.8691368103027344
2,2043,1788548646706566666,900.9657222256064,435.43199294805527,0.8731617331504822
2,2044,1788548646739911111,901.553933262825,432.4873543381691,0.8617472648620605
2,2045,1788548646773255555,901.9969612259883,430.2333625108003,0.874360203742981
2,2046,1788548646806599999,902.5376797616482,428.64466083049774,0.8476352691650391
2,2047,1788548646839933333,903.2342743724583,426.75459937751293,0.8537152409553528
2,2048,1788548646873277777,903.8705289810896,425.4182562530041,0.8620065450668335
2,2049,1788548646906622222,904.5636358857156,424.4032662510872,0.9219250082969666
2,2050,1788548646939966666,904.8177481144668,424.5528992116451,0.9223042726516724
2,2051,1788548646973311111,905.3304940462112,422.786239027977,0.9053525328636168
2,2052,1788548647006655555,905.1673749685287,422.7552214562893,0.9022723436355592
2,2053,1788548647039988888,905.6121559739112,419.6313522458077,0.8664980530738831
2,2054,1788548647073333333,906.3159793317318,417.00419961987063,0.8859309554100037
2,2055,1788548647106677777,906.860556960106,414.98748841229826,0.8957367539405823
2,2056,1788548647140022222,907.5979822576046,413.0741555094719,0.9292199611663818
2,2057,1788548647173366666,908.241819575429,411.1126013472676,0.9489662647247314
2,2058,1788548647206711111,909.0357533469796,408.7090637981891,0.9268232583999634
2,2059,1788548647240055555,909.3596075475216,408.9259083345533,0.934401273727417
2,2060,1788548647273388888,909.8943767994642,408.5447028279305,0.8905394673347473
2,2061,1788548647306733333,910.4368226230145,408.4622219502926,0.9309300184249878
2,2062,1788548647340077777,911.0479358024896,408.0833303779363,0.8531462550163269
2,2063,1788548647373422222,911.6625027060508,406.88772570341825,0.9101221561431884
2,2064,1788548647406766666,912.0041448348202,406.2739755511284,0.853838324546814
2,2065,1788548647440111111,912.4341117143632,405.3078220784664,0.9094143509864808
2,2066,1788548647473455555,912.77555193007,404.75285214185715,0.8716712594032288
2,2067,1788548647506788888,913.5659681856632,402.66146460175514,0.899578332901001
2,2068,1788548647540133333,913.7683562040328,402.5794105231762,0.9032465815544128
2,2069,1788548647573477777,914.3315777480602,401.0381822101772,0.935076117515564
2,2070,1788548647606822222,914.4844990074636,400.98287950642407,0.9323214292526244
2,2071,1788548647640166666,915.3503607809544,398.13677167892456,0.924196720123291
2,2072,1788548647673511111,915.8000981360674,397.0729020982981,0.9307469129562378
2,2073,1788548647706855555,916.2311905175447,396.8250598013401,0.9125753045082092
2,2074,1788548647740188888,916.9985714162468,395.97233246453106,0.9362231492996216
2,2075,1788548647773533333,917.5285385847092,395.59992092847824,0.9014859199523926
2,2076,1788548647806877777,917.944760877639,394.2308557331562,0.9573704600334167
2,2077,1788548647840222222,918.2841973602772,393.2332707941532,0.9303776025772096
2,2078,1788548647873566666,918.8073286563158,390.2114548236132,0.9387046694755554
2,2079,1788548647906911111,918.757084786892,390.0509106740355,0.9355908632278442
2,2080,1788548647940255555,919.4703992009164,387.33579671382904,0.9334304332733154
2,2081,1788548647973588888,919.4952313005924,387.39775571227074,0.9303021430969238
2,2082,1788548648006933333,919.9285856857896,386.1421764642,0.9392723441123962
2,2083,1788548648040277777,920.351586163044,385.1096311286092,0.944631814956665
2,2084,1788548648073622222,920.8513567894696,384.234691798687,0.930127203464508
2,2085,1788548648106966666,921.2420293837786,382.74092304706573,0.9476200938224792
2,2086,1788548648140311111,921.77864664793,381.3639915883541,0.9256483912467957
2,2087,1788548648173655555,922.0940523073076,379.8048101067543,0.9536802172660828
2,2088,1788548648206988888,922.4373340904712,378.51788398623466,0.9289982318878174
2,2089,1788548648240333333,923.1511153131725,375.09861792624,0.9397072792053224
2,2090,1788548648273677777,923.219573661685,374.5066782236099,0.9295048117637634
2,2091,1788548648307022222,923.4921900033952,372.17209808528423,0.8992127776145935
2,2092,1788548648340366666,923.73730930686,370.9250943660736,0.8668630719184875
2,2093,1788548648373711111,924.6102918684484,367.405877172947,0.8696900010108948
2,2094,1788548648407055555,925.126157835126,365.44150045514107,0.8996275067329407
2,2095,1788548648440388888,925.7910721302032,363.3804469406605,0.8706520199775696
2,2096,1788548648473733333,926.1288907974958,361.8087512254715,0.9054704308509828
2,2097,1788548648507077777,926.750680282712,359.6000434458256,0.8695821166038513
2,2098,1788548648540422222,927.3301219642162,358.09332428872585,0.899307906627655
2,2099,1788548648573766666,928.1086420863868,356.1390949636698,0.8739486932754517
2,2100,1788548648607111111,928.3084600567818,355.0872049257159,0.9090314507484436
2,2101,1788548648640444444,928.5146748423576,352.64597856998444,0.864901065826416
2,2102,1788548648673788888,928.5916192531586,351.55128875374794,0.8877514004707336
2,2103,1788548648707133333,929.0224325656892,349.6649188399315,0.8703534603118896
2,2104,1788548648740477777,929.4788271188736,348.45530292391777,0.8958703279495239
2,2105,1788548648773822222,929.8908342644572,346.2045069038868,0.86592036485672
2,2106,1788548648807166666,930.3884569704531,343.63110771775246,0.8564965128898621
2,2107,1788548648840511111,930.3249712586404,343.27134570479393,0.8578099608421326
2,2108,1788548648873844444,930.614950031042,343.52850046753883,0.8555755615234375
2,2109,1788548648907188888,930.9794648066164,343.87884448468685,0.8550940155982971
2,2110,1788548648940533333,932.5378102064132,339.8916970714927,0.9262071251869202
2,2111,1788548648973877777,932.6192764639854,339.93352627009153,0.9250961542129515
2,2112,1788548649007222222,932.9234848693012,338.23712150752544,0.9102625250816344
2,2113,1788548649040566666,933.363968104124,333.9474731683731,0.8618072867393494
2,2114,1788548649073911111,933.3208012878896,332.5741286277771,0.8808863162994385
2,2115,1788548649107244444,933.670456200838,330.0133051201701,0.9010555744171144
2,2116,1788548649140588888,933.9603490792216,329.36317789554596,0.9216837882995604
2,2117,1788548649173933333,934.5884398818016,328.0180268213153,0.9373657703399658
2,2118,1788548649207277777,935.2932223975658,326.4725561439991,0.9591124653816224
2,2119,1788548649240622222,936.3931755125524,323.3774946331978,0.9493607878684998
2,2120,1788548649273966666,936.7189327180386,322.9704070594162,0.9559285640716552
2,2121,1788548649307311111,937.0893995314837,322.1584115624428,0.9545377492904664
2,2122,1788548649340644444,937.7290731966496,319.75893898308277,0.9449545741081238
2,2123,1788548649373988888,937.622756242752,319.6792396903038,0.9531940817832948
2,2124,1788548649407333333,937.893133893609,320.96215753257275,0.9540770053863524
2,2125,1788548649440677777,937.8650940060616,321.2768650650978,0.9540844559669496
2,2126,1788548649474022222,938.2839386761189,323.6893202364445,0.9248026609420776
2,2127,1788548649507366666,938.5755987763404,325.501432210207,0.9143113493919371
2,2128,1788548649540711111,939.0839576348662,328.8262881189585,0.9026654958724976
2,2129,1788548649574044444,938.6903144419192,328.855621278286,0.9020607471466064
2,2130,1788548649607388888,938.8534202873708,330.59024596214294,0.8987905979156494
2,2131,1788548649640733333,939.2744936943054,332.7690847069025,0.9045032262802124
2,2132,1788548649674077777,940.0619088038802,335.01899628154933,0.8718489408493042
2,2133,1788548649707422222,940.6287505924702,336.13385121524334,0.9001713991165161
2,2134,1788548649740766666,941.1887957006692,338.0000693721013,0.8639727830886841
2,2135,1788548649774111111,941.1910246908664,338.4530665874481,0.8765825033187866
2,2136,1788548649807444444,941.077528655529,339.051500082016,0.8583430051803589
2,2137,1788548649840788888,941.273548811674,342.64694291353226,0.92963308095932
2,2138,1788548649874133333,941.3314068615437,342.66527304053307,0.9259467720985411
2,2139,1788548649907477777,942.0974295288324,345.41660675406456,0.918546199798584
2,2140,1788548649940822222,942.3120262622832,345.34189561009407,0.9167951345443726
2,2141,1788548649974166666,943.4721905887128,348.17853942513466,0.929920732975006
2,2142,1788548650007511111,943.714333474636,348.03206945210695,0.9231035709381104
2,2143,1788548650040844444,944.8160452842712,350.85130436718464,0.9139825105667114
2,2144,1788548650074188888,945.1470596939324,352.8930009007454,0.9159408211708068
2,2145,1788548650107533333,945.5878931581974,355.247814103961,0.8703306317329407
2,2146,1788548650140877777,945.6611799001694,356.7505319863558,0.9042698740959167
2,2147,1788548650174222222,945.602721363306,358.7112358212471,0.8713549375534058
2,2148,1788548650207566666,945.3167875111104,358.43388229608536,0.8643079996109009
2,2149,1788548650240911111,945.5397541224957,361.118862465024,0.8699203729629517
2,2150,1788548650274244444,945.4573060572149,360.7861875593662,0.8624309301376343
2,2151,1788548650307588888,946.1062340140344,363.8462024480104,0.8680880069732666
2,2152,1788548650340933333,946.0199374537916,363.789209112525,0.8629429340362549
2,2153,1788548650374277777,946.6553656756878,366.54116824269295,0.8769544959068298
2,2154,1788548650407622222,947.0787480100988,368.2335623651743,0.907217800617218
2,2155,1788548650440966666,947.3762083351612,370.2300641685724,0.8798595666885376
2,2156,1788548650474311111,947.8119501322508,371.9758013058454,0.9080508947372437
2,2157,1788548650507644444,948.304141998291,373.6243778169155,0.8780377507209778
2,2158,1788548650540988888,948.289756923914,373.73273745179176,0.8773525357246399
2,2159,1788548650574333333,948.1247685104609,373.67912140488625,0.8743786215782166
2,2160,1788548650607677777,947.9832560848444,373.4483750760555,0.8734298348426819
2,2161,1788548650641022222,948.5810732245444,376.70039117336273,0.8777925968170166
2,2162,1788548650674366666,948.9201573505998,376.40053048729897,0.871674120426178
2,2163,1788548650707711111,950.6395754814148,381.6771088242531,0.8711603283882141
2,2164,1788548650741044444,951.2879142463208,381.741736471653,0.859556257724762
2,2165,1788548650774388888,952.1780648231506,384.54231774806976,0.9324125051498412
2,2166,1788548650807733333,952.336461275816,384.3895442187786,0.926079034805298
2,2167,1788548650841077777,952.8346252143384,386.7116274833679,0.927899956703186
2,2168,1788548650874422222,952.629552066326,386.6466785669327,0.9206591844558716
2,2169,1788548650907766666,952.7448276877404,388.6233657300472,0.9349279999732972
2,2170,1788548650941111111,952.7004058361052,390.2957651913166,0.9435706734657288
2,2171,1788548650974444444,952.672594755888,391.4219796657562,0.9253622889518738
2,2172,1788548651007788888,953.045329682529,394.1582178324461,0.9442628026008606
2,2173,1788548651041133333,953.6791471540928,396.276623994112,0.923512876033783
2,2174,1788548651074477777,954.1587174981833,397.4293409585953,0.9604325890541076
2,2175,1788548651107822222,954.6937679052352,398.39606273174286,0.9361138343811036
2,2176,1788548651141166666,955.173953652382,399.77325877547264,0.948214828968048
2,2177,1788548651174511111,955.7859585732222,402.3992111682892,0.8893139958381653
2,2178,1788548651207844444,956.3862579166888,406.1891388744116,0.8940487504005432
2,2179,1788548651241188888,956.4305160343648,407.5235853791237,0.8911985158920288
2,2180,1788548651274533333,957.2215068489312,411.3607888221741,0.8954415321350098
2,2181,1788548651307877777,957.195754185319,412.3192564249038,0.8963395357131958
2,2182,1788548651341222222,957.5429317951202,415.4015652537346,0.8744301199913025
2,2183,1788548651374566666,957.3545553386213,416.06934612989426,0.8817228674888611
2,2184,1788548651407900000,957.893664740026,419.01628941111267,0.863431453704834
2,2185,1788548651441244444,958.275383412838,420.8688320815563,0.8796306252479553
2,2186,1788548651474588888,958.7719030231236,422.1631329059601,0.8504667282104492
2,2187,1788548651507933333,959.4139891266824,422.98934301175177,0.8455742597579956
2,2188,1788548651541277777,959.7465734183788,423.4541096687317,0.8292536735534668
2,2189,1788548651574622222,959.8469681292772,423.3056053519249,0.8294100761413574
2,2190,1788548651607966666,959.8190432786942,423.1272605806589,0.8307956457138062
2,2191,1788548651641300000,959.859981879592,424.209909632802,0.8501154780387878
2,2192,1788548651674644444,960.2770204246044,428.2108435332775,0.8172555565834045
2,2193,1788548651707988888,959.7171452343464,427.9892303859815,0.8062097430229187
2,2194,1788548651741333333,959.5295648872852,431.0788755789399,0.8196700215339661
2,2195,1788548651774677777,959.2691950201988,433.7671182751656,0.7840288877487183
2,2196,1788548651808022222,958.9533269703388,435.23034060001373,0.8107482194900513
2,2197,1788548651841366666,958.7710495889188,436.05681743100286,0.8033962845802307
2,2198,1788548651874700000,958.3627680242062,437.8836042806506,0.7983040809631348
2,2199,1788548651908044444,958.5347193181516,438.8088276833296,0.770396888256073
2,2200,1788548651941388888,959.1674133688211,440.0907061994076,0.7765990495681763
2,2201,1788548651974733333,958.9560199715196,440.6328782737255,0.7608026266098022
2,2202,1788548652008077777,959.1987062543632,442.1774369031191,0.7741087079048157
2,2203,1788548652041422222,959.2782930135728,443.9168560132384,0.7782499194145203
2,2204,1788548652074766666,959.6164844930172,446.3398563861847,0.7653346657752991
2,2205,1788548652108100000,959.0405232720076,447.4453667104244,0.7843883037567139
2,2206,1788548652141444444,959.5457336306572,450.2862133085728,0.7743960618972778
2,2207,1788548652174788888,959.1693150550128,451.2480434626341,0.8065189123153687
2,2208,1788548652208133333,959.1254658252,453.52278259396553,0.8829354643821716
2,2209,1788548652241477777,959.518360555172,453.52129155397415,0.8833181858062744
2,2210,1788548652274822222,960.4096711874008,455.4947598874569,0.8933850526809692
2,2211,1788548652308166666,960.5439929962158,455.5562337636947,0.8881135582923889
2,2212,1788548652341500000,961.5405760109423,457.66583290696144,0.8128431439399719
2,2213,1788548652374844444,961.4565162062644,459.90345354378223,0.8271633982658386
2,2214,1788548652408188888,961.3306613266468,461.12971560657024,0.8169923424720764
2,2215,1788548652441533333,961.2078531980516,463.07697569578886,0.845334529876709
2,2216,1788548652474877777,961.2351934164762,463.9152448773384,0.8339042067527771
2,2217,1788548652508222222,961.2584277391434,465.84174570441246,0.8630491495132446
2,2218,1788548652541566666,961.3836581408978,467.0579192079604,0.8687430024147034
2,2219,1788548652574900000,961.7252101004124,468.30651968717575,0.85965496301651
2,2220,1788548652608244444,961.948808055371,468.9489503316581,0.8803759217262268
2,2221,1788548652641588888,962.7508012801408,471.6657999753952,0.8694115281105042
2,2222,1788548652674933333,963.075408294797,472.60193088650703,0.8852893710136414
2,2223,1788548652708277777,963.4818956255912,475.48197242617607,0.8682980537414551
2,2224,1788548652741622222,963.5879996418952,475.4691319465637,0.8627549409866333
2,2225,1788548652774966666,963.4001870453358,475.1085613742471,0.8643965125083923
2,2226,1788548652808300000,963.1388739049436,476.33949518203735,0.8880770206451416
2,2227,1788548652841644444,963.5713854730128,480.0884050130844,0.8772643804550171
2,2228,1788548652874988888,963.2055694162846,480.2674779891968,0.876526415348053
2,2229,1788548652908333333,964.0498716719449,484.66875687241554,0.8823493123054504
2,2230,1788548652941677777,964.7211957275867,487.1820097565651,0.8737536668777466
2,2231,1788548652975022222,965.3734730780124,489.1878145784139,0.8949782252311707
2,2232,1788548653008355555,966.0668187737464,489.69751036167145,0.8588467240333557
2,2233,1788548653041700000,966.4827872812748,492.4524419903755,0.9356311559677124
2,2234,1788548653075044444,966.6282455921172,493.10966388881207,0.920031487941742
2,2235,1788548653108388888,966.568518012762,493.1383094638586,0.917650580406189
2,2236,1788548653141733333,966.8059392869473,494.81614273786545,0.9340203404426576
2,2237,1788548653175077777,966.7738262712955,494.8618695884943,0.9231211543083192
2,2238,1788548653208422222,967.6524996757508,497.16504932940006,0.893131673336029
2,2239,1788548653241755555,968.5278732776642,498.9463353008032,0.8608468174934387
2,2240,1788548653275100000,968.8693612068892,498.6076187491417,0.8568262457847595
2,2241,1788548653308444444,969.382415831089,502.2145223021507,0.9440580010414124
2,2242,1788548653341788888,969.7259221076964,503.14439211785793,0.9256338477134703
2,2243,1788548653375133333,970.37874263525,505.7302506566048,0.9424743056297302
2,2244,1788548653408477777,970.7149878740312,507.24929812550545,0.9449068307876588
2,2245,1788548653441822222,970.9411089681088,508.7367374897003,0.9218912124633788
2,2246,1788548653475155555,971.027590373531,508.96077552065253,0.9197539687156676
2,2247,1788548653508500000,971.480052769184,511.80426436662674,0.9309064745903016
2,2248,1788548653541844444,972.368046671152,515.1037945821881,0.9055436253547668
2,2249,1788548653575188888,972.6750518083572,516.7411693036556,0.8612993359565735
2,2250,1788548653608533333,973.1956878900528,519.666345924139,0.8668937087059021
2,2251,1788548653641877777,973.4381366670132,521.2348792254925,0.8740397691726685
2,2252,1788548653675222222,973.9115782305598,523.2151318490505,0.8669276833534241
2,2253,1788548653708555555,973.9720965418963,523.3251928389072,0.8664237856864929
2,2254,1788548653741900000,974.1443072259426,524.1546459645033,0.8588021993637085
2,2255,1788548653775244444,974.2887560725212,525.0122683038935,0.8683822751045227
2,2256,1788548653808588888,974.8193468153476,526.6538778543472,0.8529288172721863
2,2257,1788548653841933333,974.9659660719336,527.6319806277752,0.8896597623825073
2,2258,1788548653875277777,975.4455062448978,528.6257886588573,0.8398861289024353
2,2259,1788548653908622222,976.1233904883264,530.3637917935848,0.8493219614028931
2,2260,1788548653941955555,976.331684499979,530.5271477103233,0.8366506099700928
2,2261,1788548653975300000,977.2271095961332,530.2903731167316,0.7154645919799805
2,2262,1788548654008644444,977.11090349406,529.8743698745966,0.6885694861412048
2,2263,1788548654041988888,977.0406114310026,529.9977450242732,0.6650115251541138
2,2264,1788548654075333333,976.7522138804196,529.9550210908055,0.6874526143074036
2,2265,1788548654108677777,976.5737002789974,530.2183973491192,0.7488846182823181
2,2266,1788548654142022222,976.844038784504,529.9383921846747,0.853194534778595
2,2267,1788548654175355555,976.9133762717248,529.756162121892,0.8651608228683472
2,2268,1788548654208700000,977.4580785930156,528.2479665577412,0.9004157185554504
2,2269,1788548654242044444,977.8992223292588,527.6022172272205,0.9069199562072754
2,2270,1788548654275388888,978.8333792537452,524.7457095980644,0.9471362829208374
2,2271,1788548654308733333,978.808855071664,524.067524753511,0.9271507263183594
2,2272,1788548654342077777,978.3783464431764,524.1009041070938,0.9248783588409424
2,2273,1788548654375422222,978.2453262507915,522.9335494935513,0.9390333294868468
2,2274,1788548654408755555,978.8326772600412,519.8297788053751,0.9290273785591124
2,2275,1788548654442100000,978.635644197464,519.6152155995369,0.922290563583374
2,2276,1788548654475444444,978.9015884399414,518.1901559382677,0.9100796580314636
2,2277,1788548654508788888,979.7546765208244,513.4626629948616,0.8622338771820068
2,2278,1788548654542133333,979.801180228591,513.0444783382118,0.8625842332839966
2,2279,1788548654575477777,980.8270109295844,509.24559023976326,0.8855632543563843
2,2280,1788548654608822222,981.2877859175204,508.5653945803642,0.8682669401168823
2,2281,1788548654642155555,981.5889178216456,507.323069781065,0.8740801215171814
2,2282,1788548654675500000,981.603599011898,507.5848017334938,0.8664554357528687
2,2283,1788548654708844444,981.7271040081978,505.137299567461,0.8892608880996704
2,2284,1788548654742188888,981.423798084259,504.7767140120268,0.8693992495536804
2,2285,1788548654775533333,981.6365844607352,502.01060150936246,0.8836690783500671
2,2286,1788548654808877777,981.7638468742372,501.4311557710171,0.8692458868026733
2,2287,1788548654842222222,982.4487793445588,500.7718022763729,0.8833227753639221
2,2288,1788548654875555555,983.4664968550204,498.6644815206528,0.8684022426605225
2,2289,1788548654908900000,983.7789217084646,498.81273636221886,0.8687430024147034
2,2290,1788548654942244444,984.4923216104507,496.9311747029424,0.8812233209609985
2,2291,1788548654975588888,985.495833992958,492.77812269330025,0.8688960671424866
2,2292,1788548655008933333,985.6180818378924,491.6822950541973,0.8920685648918152
2,2293,1788548655042277777,986.2536979019642,488.8102313131094,0.867179811000824
2,2294,1788548655075622222,986.7470815181732,485.4324159324169,0.9348453879356384
2,2295,1788548655108955555,986.7839084118604,484.82252894341946,0.9125379323959352
2,2296,1788548655142300000,986.9096621870996,483.8303062319755,0.9382387399673462
2,2297,1788548655175644444,987.1941455155612,483.47519120574,0.9065057039260864
2,2298,1788548655208988888,988.1135511249304,480.6859777271747,0.9233970046043396
2,2299,1788548655242333333,988.9039209634066,479.2816689014435,0.9013378024101256
2,2300,1788548655275677777,989.94031213969,476.5846654474735,0.9144480228424072
2,2301,1788548655309022222,990.762157857418,475.1411510556936,0.882436215877533
2,2302,1788548655342355555,990.9463884197176,474.9749202989042,0.8844968676567078
2,2303,1788548655375700000,991.655887722969,471.6110237836838,0.8988298177719116
2,2304,1788548655409044444,991.655573517084,470.5383474826813,0.902932107448578
2,2305,1788548655442388888,991.4004401564598,470.5299611389637,0.9015713930130004
2,2306,1788548655475733333,992.318383783102,467.6340667307377,0.8524219393730164
2,2307,1788548655509077777,993.6880723237992,461.9987528545316,0.7718344330787659
2,2308,1788548655542422222,994.2803437411784,460.4206342101097,0.759235143661499
2,2309,1788548655575755555,994.5483448207378,459.9152130559087,0.7578738331794739
2,2310,1788548655609100000,994.7849038392304,458.93978993967175,0.7595170140266418
2,2311,1788548655642444444,994.7581800222396,459.2317346185446,0.7584915161132812
2,2312,1788548655675788888,994.9480510242284,457.54813700914383,0.7228597402572632
2,2313,1788548655709133333,995.4334743916988,454.3486876487732,0.6995674967765808
2,2314,1788548655742477777,996.4165416955948,450.1136392652989,0.6788426041603088
2,2315,1788548655775822222,996.6226223111152,449.851623788476,0.6697222590446472
2,2316,1788548655809155555,996.5524088442326,448.0772345215082,0.672845721244812
2,2317,1788548655842500000,996.6977386176586,447.2978057861328,0.6752477288246155
2,2318,1788548655875844444,997.1328606158496,444.0737462863326,0.7214087247848511
2,2319,1788548655909188888,997.8805828318,441.8762309849262,0.6987043619155884
2,2320,1788548655942533333,998.2391935288906,440.2075759470463,0.7243164777755737
2,2321,1788548655975877777,998.7703158557416,437.8827347010374,0.6781824231147766
2,2322,1788548656009211111,999.240316003561,437.024987610057,0.6619266867637634
2,2323,1788548656042555555,1000.5161968767644,435.6757239997387,0.5883030295372009
2,2324,1788548656075900000,1000.1041662693024,435.2697414457798,0.5948968529701233
3,2688,1788548668212688888,865.3333333333334,350.6666666666667,1.0
3,2689,1788548668246033333,864.7790304869413,351.00423529883847,0.9981718063354492
3,2690,1788548668279377777,864.6262222230434,350.9215375483036,0.9962704181671144
3,2691,1788548668312722222,864.5771293342113,350.49872130155563,0.9879620671272278
3,2692,1788548668346066666,864.7599484324455,350.2456387281418,0.9902037978172302
3,2693,1788548668379411111,864.7990171611309,349.9419119991362,0.9894064664840698
3,2694,1788548668412744444,864.8301561176777,349.53428331017494,0.9804676175117492
3,2695,1788548668446088888,864.7928111255169,348.96653109788895,0.9857590794563292
3,2696,1788548668479433333,864.6775834262371,348.5842639505863,0.9788323044776917
3,2697,1788548668512777777,865.0012211899739,350.4879151880741,0.8863551020622253
3,2698,1788548668546122222,865.5323887169361,361.72937431931496,0.7418555021286011
3,2699,1788548668579466666,866.8350844830275,363.58845150470734,0.9160756468772888
3,2700,1788548668612811111,867.1430700719357,364.5332963168621,0.914280891418457
3,2701,1788548668646144444,867.3976123631,367.8392725288868,0.9437586665153505
3,2702,1788548668679488888,867.1708160191774,368.7022181749344,0.9421977400779724
3,2703,1788548668712833333,867.1973220407963,371.099147208035,0.9497130513191224
3,2704,1788548668746177777,867.3891905546188,374.0803622454405,0.9324280619621276
3,2705,1788548668779522222,867.5166809856892,374.5886995792389,0.9418613910675048
3,2706,1788548668812866666,868.0091789243743,377.48022186756134,0.9265493154525756
3,2707,1788548668846211111,868.5933890640736,379.1655522286892,0.9240129590034484
3,2708,1788548668879544444,869.1319725513458,381.96265249326825,0.943957269191742
3,2709,1788548668912888888,869.3257595002651,382.3552994430065,0.93851238489151
3,2710,1788548668946233333,869.5763934850693,384.57107865810394,0.9421948790550232
3,2711,1788548668979577777,870.1015437021852,389.723207205534,0.9171887636184692
3,2712,1788548669012922222,870.482766777277,393.3706509470939,0.9157962203025818
3,2713,1788548669046266666,870.7878630012274,397.22509559988976,0.9450356960296632
3,2714,1788548669079611111,870.8608753234148,399.2761092185974,0.9187962412834167
3,2715,1788548669112944444,871.3645720779896,402.974318921566,0.9425662755966188
3,2716,1788548669146288888,871.6959646344185,404.35610887408257,0.935947597026825
3,2717,1788548669179633333,871.9541478268802,406.7221733629703,0.9426688551902772
3,2718,1788548669212977777,872.6397127509117,412.4285046458244,0.922847330570221
3,2719,1788548669246322222,872.6683577299118,413.9937124676071,0.940900981426239
3,2720,1788548669279666666,873.2890602648258,420.9138177856803,0.9204380512237548
3,2721,1788548669313011111,873.3390491008759,422.4105296134949,0.9351804256439208
3,2722,1788548669346344444,873.4174757599831,425.554500579834,0.933546781539917
3,2723,1788548669379688888,873.0146137988195,426.6948714852333,0.9385910034179688
3,2724,1788548669413033333,872.8341376334429,432.43262684345245,0.9291617274284364
3,2725,1788548669446377777,872.1072742044926,433.5315120220184,0.9355546236038208
3,2726,1788548669479722222,871.4829050898552,433.6136083900929,0.9308080077171326
3,2727,1788548669513066666,871.0708997696638,433.39058539271355,0.9362232685089112
3,2728,1788548669546411111,872.061435483396,441.81645515561104,0.9183070659637452
3,2729,1788548669579744444,871.934135697782,442.13162188231945,0.9326452016830444
3,2730,1788548669613088888,872.3513389229774,447.8132097274065,0.7903198599815369
3,2731,1788548669646433333,872.6056376695633,452.36118042469025,0.914020836353302
3,2732,1788548669679777777,872.6023011505604,454.4809544980526,0.8845449090003967
3,2733,1788548669713122222,872.9049443602562,457.0522497221827,0.8413277268409729
3,2734,1788548669746466666,872.8118179142475,458.0341126061976,0.795898973941803
3,2735,1788548669779811111,872.1170388311148,459.137070953846,0.6863139867782593
3,2736,1788548669813144444,872.6087755560875,459.0175219345838,0.694770336151123
3,2737,1788548669846488888,873.0,458.0,0.606558410525322
3,2738,1788548669879833333,873.0437495075166,458.8829342648387,0.7336438894271851
3,2739,1788548669913177777,871.9521303065121,458.2768460214138,0.7528186440467834
3,2740,1788548669946522222,872.8880144283175,455.860218539834,0.9121485352516174
3,2741,1788548669979866666,873.3386532366276,453.6607167124748,0.9303038120269777
3,2742,1788548670013211111,874.1446424424648,451.16568057239056,0.8715982437133789
3,2743,1788548670046544444,874.2838707864285,450.748664945364,0.8648882508277893
3,2744,1788548670079888888,876.0979458242655,444.47691893577576,0.8197780251502991
3,2745,1788548670113233333,876.3514336943626,441.56726798415184,0.8449497818946838
3,2746,1788548670146577777,876.6052435040474,438.57252752780914,0.9001507759094238
3,2747,1788548670179922222,876.3558583259583,438.57641246914864,0.9065622091293336
3,2748,1788548670213266666,876.4386309087276,433.5154681801796,0.9153766632080078
3,2749,1788548670246611111,876.4293244183064,433.2302591949702,0.9286710023880004
3,2750,1788548670279944444,877.1386391222477,428.7958300858736,0.9283823370933532
3,2751,1788548670313288888,877.6351781189442,428.178472623229,0.9359946250915528
3,2752,1788548670346633333,878.216802880168,428.1526433825493,0.9371022582054138
3,2753,1788548670379977777,878.7648874521255,428.64096173644066,0.9358033537864684
3,2754,1788548670413322222,879.6852966547012,426.25661304593086,0.842197835445404
3,2755,1788548670446666666,880.5365273058414,420.54887822270393,0.9327157735824584
3,2756,1788548670480011111,880.9743575528264,419.0148274162784,0.8480658531188965
3,2757,1788548670513344444,881.5301551818848,412.6086702942848,0.9279476404190063
3,2758,1788548670546688888,881.1634484529495,413.5141596496105,0.9345664978027344
3,2759,1788548670580033333,880.9353359788656,410.4217855632305,0.8858900666236877
3,2760,1788548670613377777,880.8931846991181,410.4813820719719,0.8652728796005249
3,2761,1788548670646722222,881.4563165009022,409.4938346743584,0.8769694566726685
3,2762,1788548670680066666,881.970557520166,406.31438252329826,0.8726450204849243
3,2763,1788548670713411111,883.2153387367725,401.3020489811897,0.9005123972892761
3,2764,1788548670746744444,883.1971133202314,401.55143019557,0.8904085755348206
3,2765,1788548670780088888,883.5231342613697,398.3279492855072,0.9043273329734802
3,2766,1788548670813433333,883.3669806420803,398.8851723894477,0.900532066822052
3,2767,1788548670846777777,883.7427110671997,395.1519232541322,0.9036101698875428
3,2768,1788548670880122222,883.6456134319305,393.9357702434063,0.9071784615516664
3,2769,1788548670913466666,883.6028026044369,391.9625919163227,0.8182294368743896
3,2770,1788548670946811111,883.661080121994,390.8290721029043,0.8398626446723938
3,2771,1788548670980144444,884.2168138176203,387.3840182721615,0.8624209761619568
3,2772,1788548671013488888,884.621987760067,386.249535381794,0.8986291885375977
3,2773,1788548671046833333,885.0859900787473,383.5128567814827,0.9034493565559388
3,2774,1788548671080177777,885.4717127382755,382.8421074450016,0.9002647995948792
3,2775,1788548671113522222,886.3109848201275,379.3161742389202,0.8277885317802429
3,2776,1788548671146866666,887.1937076002359,374.8182075470686,0.8491396307945251
3,2777,1788548671180211111,887.5498971045017,374.3722067475319,0.8525252342224121
3,2778,1788548671213544444,888.1147903800011,373.2108840793371,0.856603741645813
3,2779,1788548671246888888,888.5328572690487,372.3396955728531,0.8142834305763245
3,2780,1788548671280233333,889.2352592200041,367.4071928560734,0.808437705039978
3,2781,1788548671313577777,889.1572800576687,367.6368108987808,0.8123282194137573
3,2782,1788548671346922222,889.2054056227207,366.6267699599266,0.847833514213562
3,2783,1788548671380266666,889.6429276764393,362.2776247560978,0.9344243407249452
3,2784,1788548671413600000,889.8396827280521,360.941297955811,0.9117149114608764
3,2785,1788548671446944444,890.7232567965984,353.3111769556999,0.9340863823890686
3,2786,1788548671480288888,890.7587068229914,353.10029062628746,0.9399895071983336
3,2787,1788548671513633333,891.1909887641668,350.015008950606,0.9372602701187134
3,2788,1788548671546977777,891.2902072966099,350.235196813941,0.9344592094421388
3,2789,1788548671580322222,891.9294869676232,346.8026220947504,0.9366137385368348
3,2790,1788548671613666666,892.1488345563412,347.09608655422926,0.9364262223243712
3,2791,1788548671647000000,892.5002346634865,343.9682115614414,0.9354475736618042
3,2792,1788548671680344444,892.3646186888218,345.0365251712501,0.942834496498108
3,2793,1788548671713688888,892.5847114622593,345.667208135128,0.8188705444335938
3,2794,1788548671747033333,892.4987684190273,346.0307796895504,0.8409077525138855
3,2795,1788548671780377777,893.14444860816,342.8807966336608,0.8199920654296875
3,2796,1788548671813722222,893.6835192739964,339.8686780780554,0.8944826126098633
3,2797,1788548671847066666,894.446519613266,339.1947388201952,0.8782139420509338
3,2798,1788548671880400000,895.1083750277758,337.15519496798515,0.8958936929702759
3,2799,1788548671913744444,895.6634894311428,335.0341188944876,0.8385713696479797
3,2800,1788548671947088888,896.1927885115147,331.96986583806574,0.8849157691001892
3,2801,1788548671980433333,897.354910582304,329.43239229917526,0.8401293158531189
3,2802,1788548672013777777,898.1109341010451,327.0499535501003,0.879694938659668
3,2803,1788548672047122222,898.8256249725819,325.5734957456589,0.8439859747886658
3,2804,1788548672080466666,899.8574104458094,324.34771969914436,0.8753355145454407
3,2805,1788548672113800000,900.1993770748377,323.3698626756668,0.8316875696182251
3,2806,1788548672147144444,900.2058900743723,323.79724329710007,0.830214262008667
3,2807,1788548672180488888,900.1664770692587,324.0741641372442,0.8295500874519348
3,2808,1788548672213833333,901.4566203951836,319.2094382196665,0.8123430013656616
3,2809,1788548672247177777,902.7316077649592,313.7170915901661,0.8160582780838013
3,2810,1788548672280522222,903.4755711853504,310.15618175268173,0.827591061592102
3,2811,1788548672313866666,904.5176865160464,307.25287345051765,0.8127365112304688
3,2812,1788548672347200000,905.4240810871124,303.2874094247818,0.8415518403053284
3,2813,1788548672380544444,906.290684401989,299.8703474700451,0.905634880065918
3,2814,1788548672413888888,906.4888301193714,300.2254749238491,0.9085519313812256
3,2815,1788548672447233333,906.7504866421224,297.93162110447884,0.8788055777549744
3,2816,1788548672480577777,907.1263931840658,295.87050326168537,0.8938202857971191
3,2817,1788548672513922222,907.2387937158346,292.92792197316885,0.8852479457855225
3,2818,1788548672547266666,907.5768612623216,290.94962940737605,0.8936660885810852
3,2819,1788548672580600000,907.8948375806212,288.1020473688841,0.9047589898109436
3,2820,1788548672613944444,908.5399673581124,283.6397029161453,0.9037002921104432
3,2821,1788548672647288888,908.6540880799294,283.28241994977,0.9164447784423828
3,2822,1788548672680633333,909.8906604200602,287.8325137645006,0.8403864502906799
3,2823,1788548672713977777,910.2518943846226,288.1810894906521,0.8325052857398987
3,2824,1788548672747322222,911.2368270754814,293.16218438744545,0.8501728177070618
3,2825,1788548672780666666,911.3002848625184,295.0065662744455,0.8641818761825562
3,2826,1788548672814000000,911.9559377916156,296.3015932440758,0.8139832019805908
3,2827,1788548672847344444,912.2283175736666,299.5810516476631,0.8602161407470703
3,2828,1788548672880688888,913.054807640612,301.6068073809147,0.8375365734100342
3,2829,1788548672914033333,913.1627605557442,304.42241767048836,0.8823134303092957
3,2830,1788548672947377777,913.8254386037588,306.6374896168709,0.8592005968093872
3,2831,1788548672980722222,914.8958411812782,311.9686013869941,0.9155542850494384
3,2832,1788548673014055555,915.3049098849295,315.18783052265644,0.910134255886078
3,2833,1788548673047400000,915.6919143795968,317.8491006195545,0.9163315296173096
3,2834,1788548673080744444,915.9748989269136,319.27990823984146,0.9228025674819946
3,2835,1788548673114088888,916.147829592228,320.4680464565754,0.9179460406303406
3,2836,1788548673147433333,916.3932793736458,323.48506408929825,0.9096722602844238
3,2837,1788548673180777777,916.4134604930878,325.6690745949745,0.9207466244697572
3,2838,1788548673214122222,916.3493749201298,327.48130536079407,0.9092581272125244
3,2839,1788548673247455555,916.1409047842026,328.3588075041771,0.875322699546814
3,2840,1788548673280800000,917.3299026191236,332.4941549897194,0.8734630942344666
3,2841,1788548673314144444,917.741588652134,335.59819930791855,0.8651399612426758
3,2842,1788548673347488888,918.0744167491794,336.96379666030407,0.8945340514183044
3,2843,1788548673380833333,918.0014395819744,337.85897839069366,0.8629985451698303
3,2844,1788548673414177777,918.3025657236576,339.99796468694694,0.911396622657776
3,2845,1788548673447522222,918.7211343050004,342.31270483136177,0.8860334157943726
3,2846,1788548673480855555,918.9584768563508,346.44963416457176,0.8864721655845642
3,2847,1788548673514200000,919.085085004568,347.82958491146564,0.898449182510376
3,2848,1788548673547544444,919.2590936720372,348.5729703307152,0.8800780773162842
3,2849,1788548673580888888,919.8381430208684,351.9719936642796,0.900092601776123
3,2850,1788548673614233333,919.86336055398,353.67726653814316,0.8750858306884766
3,2851,1788548673647577777,919.7930396944284,357.04158040881157,0.9117993116378784
3,2852,1788548673680922222,919.6212963163852,359.9333354756236,0.9077699184417723
3,2853,1788548673714255555,919.610328644514,363.2870658934117,0.9061902165412904
3,2854,1788548673747600000,919.5933284461498,364.4351963400841,0.90008145570755
3,2855,1788548673780944444,919.99673453602,367.8447245359421,0.9045021533966064
3,2856,1788548673814288888,920.3538770377636,369.1458065658808,0.8795406222343445
3,2857,1788548673847633333,920.7660467773676,372.8332039117813,0.8888943791389465
3,2858,1788548673880977777,920.885134972632,374.0347318612039,0.870539665222168
3,2859,1788548673914322222,921.3084798753262,377.2460214197636,0.8661710023880005
3,2860,1788548673947655555,921.5577877163888,381.1001082211733,0.8811337351799011
3,2861,1788548673981000000,921.360468417406,382.0134926084429,0.8296464085578918
3,2862,1788548674014344444,921.2595292329788,384.11402869969606,0.8790870308876038
3,2863,1788548674047688888,921.0514334626496,386.053499288857,0.8604289889335632
3,2864,1788548674081033333,921.547738969326,389.0728505179286,0.8865501284599304
3,2865,1788548674114377777,921.6697773337364,390.4359070956707,0.863981306552887
3,2866,1788548674147722222,922.1507731974124,393.5110383331776,0.922934591770172
3,2867,1788548674181055555,922.722815811634,397.4660157263279,0.924620509147644
3,2868,1788548674214400000,922.9703105632216,397.5971547663212,0.9135172367095948
3,2869,1788548674247744444,923.2046678066254,401.53548899292946,0.9269005656242372
3,2870,1788548674281088888,922.5797454416752,402.68810442090034,0.9199313521385192
3,2871,1788548674314433333,921.7134356200696,404.08766996115446,0.9145246148109436
3,2872,1788548674347777777,920.9339340925216,405.3609611988067,0.9074303507804872
3,2873,1788548674381122222,920.7147412002088,408.31745463609695,0.889494776725769
3,2874,1788548674414455555,920.518903553486,412.8140437453985,0.8692309260368347
3,2875,1788548674447800000,920.0333319343626,413.19883143901825,0.8414531946182251
3,2876,1788548674481144444,920.3682451844217,417.7642213255167,0.8704249262809753
3,2877,1788548674514488888,919.8453496545552,417.5299487411976,0.868305504322052
3,2878,1788548674547833333,919.661866426468,419.6979188323021,0.8883876800537109
3,2879,1788548674581177777,919.632862508297,421.7829249203205,0.8568223714828491
3,2880,1788548674614522222,919.8615145981312,424.4587954878807,0.8630856871604919
3,2881,1788548674647855555,920.2476090043784,429.28680765628815,0.8697080016136169
3,2882,1788548674681200000,920.08270598948,429.5845953822136,0.8622093200683594
3,2883,1788548674714544444,920.237375214696,433.7153203189373,0.8635854125022888
3,2884,1788548674747888888,920.2238018065692,436.50010576844215,0.8678548336029053
3,2885,1788548674781233333,919.8180121034384,438.08064860105515,0.8657338619232178
3,2886,1788548674814577777,919.3602048456668,439.6412831246853,0.8886045813560486
3,2887,1788548674847922222,918.9458305798472,442.8335552215576,0.8763204216957092
3,2888,1788548674881255555,918.8456020951272,448.46426847577095,0.8877274394035339
3,2889,1788548674914600000,918.5063042640686,448.8173618167639,0.869879424571991
3,2890,1788548674947944444,918.0962002575396,448.806444182992,0.8653821349143982
3,2891,1788548674981288888,917.9877094039692,448.7918326109648,0.8618321418762207
3,2892,1788548675014633333,918.6058222949504,452.9664091169834,0.8602921366691589
3,2893,1788548675047977777,919.6440780162812,456.5751619338989,0.8763116598129272
3,2894,1788548675081322222,920.1413806676863,456.6005375683307,0.85960453748703
3,2895,1788548675114655555,920.9372982904316,468.21285389363766,0.8689514994621277
3,2896,1788548675148000000,921.0761790275574,469.42618557810783,0.8687785863876343
3,2897,1788548675181344444,921.5944969952106,474.26875364780426,0.8664540648460388
3,2898,1788548675214688888,921.2127041518688,474.6401840746403,0.8591696619987488
3,2899,1788548675248033333,921.1541785895824,477.000590266427,0.8563668727874756
3,2900,1788548675281377777,921.4770798385144,477.1739619225264,0.8594427108764648
3,2901,1788548675314722222,922.2222605198622,481.0423908568918,0.8495078086853027
3,2902,1788548675348055555,922.7561833411456,481.4883083105087,0.8517434000968933
3,2903,1788548675381400000,922.570599257946,481.85857160389423,0.7479895949363708
3,2904,1788548675414744444,923.057925287634,482.7969327718019,0.7425632476806641
3,2905,1788548675448088888,922.97913980484,483.185568600893,0.7491684556007385
3,2906,1788548675481433333,924.7966571301222,483.6469373106957,0.7767308950424194
3,2907,1788548675514777777,925.4348566234112,482.39833176136017,0.8548300266265869
3,2908,1788548675548122222,925.93639267236,480.3899537920952,0.8853729963302612
3,2909,1788548675581455555,926.292933613062,478.59535762667656,0.8774218559265137
3,2910,1788548675614800000,926.0744735449553,478.84887716174126,0.8814677596092224
3,2911,1788548675648144444,925.817861020565,477.05906481668353,0.8892392516136169
3,2912,1788548675681488888,925.8911193981768,474.9494965597987,0.8662017583847046
3,2913,1788548675714833333,927.1092164292932,469.82708460092545,0.8748276829719543
3,2914,1788548675748177777,928.0060412958264,466.65857860445976,0.9021020531654358
3,2915,1788548675781522222,929.0331071577966,463.09943675994873,0.8666142821311951
3,2916,1788548675814855555,929.452210277319,463.2207040637731,0.860101580619812
3,2917,1788548675848200000,929.7830528914928,464.07993595302105,0.8623045086860657
3,2918,1788548675881544444,930.3182370066644,460.49608889222145,0.8671202063560486
3,2919,1788548675914888888,930.346326559782,460.8377257734537,0.8626922369003296
3,2920,1788548675948233333,930.7127477228642,457.5788859128952,0.8181856274604797
3,2921,1788548675981577777,931.4330467581748,449.56261587142944,0.8568941354751587
3,2922,1788548676014911111,931.4651423692704,446.3642186820507,0.8986328840255737
3,2923,1788548676048255555,931.6532790660858,443.73471239209175,0.9222908020019532
3,2924,1788548676081600000,931.9241871908308,441.7532299011946,0.910637378692627
3,2925,1788548676114944444,932.446288883686,438.935881011188,0.9186457991600036
3,2926,1788548676148288888,932.7147713899612,438.3896673619747,0.9197162985801696
3,2927,1788548676181633333,932.971919985488,437.4744531214237,0.9207087755203248
3,2928,1788548676214977777,933.2147300988436,435.6251124441624,0.9052118062973022
3,2929,1788548676248311111,933.5309774279594,432.0801870077848,0.929267644882202
3,2930,1788548676281655555,933.7820141762496,427.80955778062344,0.9228803515434264
3,2931,1788548676315000000,933.6361646950244,427.1898111701012,0.9290383458137512
3,2932,1788548676348344444,934.111416079104,422.0582061931491,0.92032390832901
3,2933,1788548676381688888,934.2308221012354,421.5119234621525,0.9262123107910156
3,2934,1788548676415033333,934.9815445300192,417.00517248502,0.9215595722198486
3,2935,1788548676448377777,935.4817374944688,414.43394407629967,0.9091960787773132
3,2936,1788548676481711111,936.2003324478864,410.79234151542187,0.9247089624404908
3,2937,1788548676515055555,936.7096598446368,408.5593789219856,0.9101814031600952
3,2938,1788548676548400000,937.5311429202555,405.0636829137802,0.9276787638664246
3,2939,1788548676581744444,937.696208268404,403.98383382335305,0.9312589168548584
3,2940,1788548676615088888,938.151645347476,401.63131043314934,0.9149494767189026
3,2941,1788548676648433333,938.1308722048998,400.5419587492943,0.9459471702575684
3,2942,1788548676681777777,938.1229532063008,398.1716929525137,0.8409266471862793
3,2943,1788548676715111111,939.1034157499672,392.5809588134289,0.8240953683853149
3,2944,1788548676748455555,939.550442546606,391.9795074425638,0.8038492798805237
3,2945,1788548676781800000,940.942045968026,386.0716819688678,0.8932259678840637
3,2946,1788548676815144444,941.666842252016,383.8335776031018,0.9108571410179138
3,2947,1788548676848488888,942.3577855825424,380.28481990098953,0.9166880249977112
3,2948,1788548676881833333,942.7115607857704,379.6968966722488,0.9219048619270324
3,2949,1788548676915177777,943.099529132247,377.8278761357069,0.9229215383529664
3,2950,1788548676948511111,942.8644086569548,377.97569940425456,0.9265360832214355
3,2951,1788548676981855555,942.552697122097,378.1494460552931,0.926500916481018
3,2952,1788548677015200000,942.5063551068306,376.21912065148354,0.8900801539421082
3,2953,1788548677048544444,943.0068690842018,370.12475622445345,0.9237537980079652
3,2954,1788548677081888888,943.380428224802,368.5696211457253,0.8746795058250427
3,2955,1788548677115233333,944.5537109673024,360.8854706585407,0.9130219221115112
3,2956,1788548677148577777,945.150698170066,360.3758592307568,0.910902738571167
3,2957,1788548677181911111,946.145114570856,356.91130331903696,0.7677854895591736
3,2958,1788548677215255555,946.68970605731,355.93728718161583,0.831561803817749
3,2959,1788548677248600000,947.2119313031436,354.7221781015396,0.8897573351860046
3,2960,1788548677281944444,947.3717672526836,354.0052144341171,0.8965218663215637
3,2961,1788548677315288888,947.6549600362778,350.71407544612885,0.8853843212127686
3,2962,1788548677348633333,947.3643409013748,349.95571917667985,0.8928099870681763
3,2963,1788548677381977777,947.7955681979656,346.2587100863457,0.8860878348350525
3,2964,1788548677415311111,948.3489770889282,342.40067195892334,0.8893842101097107
3,2965,1788548677448655555,949.0492827966808,341.18910387158394,0.873430073261261
3,2966,1788548677482000000,949.7502986043692,337.20254485309124,0.8908502459526062
3,2967,1788548677515344444,950.2381590604782,335.6096594631672,0.8690276145935059
3,2968,1788548677548688888,950.5546673238276,332.2447215914726,0.8698735237121582
3,2969,1788548677582033333,951.0317042134702,330.6722106039524,0.8429219126701355
3,2970,1788548677615366666,951.2747130990028,327.7394272983074,0.7804977893829346
3,2971,1788548677648711111,951.2405134141444,327.79116466641426,0.7817609906196594
3,2972,1788548677682055555,951.1382393836976,327.96482794359326,0.7832859754562378
3,2973,1788548677715400000,951.3149929344654,322.8947884067893,0.8833208680152893
3,2974,1788548677748744444,951.4260538518428,320.25404983758926,0.9145678281784058
3,2975,1788548677782088888,951.2319706082344,319.76671682298183,0.9129046201705932
3,2976,1788548677815433333,952.2516593039036,310.49561700224876,0.8955799341201782
3,2977,1788548677848766666,952.494052439928,310.08665826916695,0.9068124890327454
3,2978,1788548677882111111,953.2704596221448,304.70734295248985,0.8898022770881653
3,2979,1788548677915455555,953.8755400404334,304.2935628294945,0.9031215906143188
3,2980,1788548677948800000,954.5610324442388,301.3226090669632,0.85345858335495
3,2981,1788548677982144444,954.9232956841588,301.79127737879753,0.8680939674377441
3,2982,1788548678015488888,955.6386761963367,298.49228152632713,0.8256815671920776
3,2983,1788548678048833333,956.2948055267334,297.2106818109751,0.8630679249763489
3,2984,1788548678082166666,956.5569061934948,294.7128801047802,0.8211691379547119
3,2985,1788548678115511111,957.4860526919364,293.7255087196827,0.8827895522117615
3,2986,1788548678148855555,958.3108310103416,292.62203669548035,0.8264371156692505
3,2987,1788548678182200000,958.9604005031288,288.9687960203737,0.891274631023407
3,2988,1788548678215544444,960.149556145072,286.7466142177582,0.8766483068466187
3,2989,1788548678248888888,960.8925795182586,287.20948822796345,0.9028685688972472
3,2990,1788548678282233333,961.413536041975,288.8825720921159,0.8264150619506836
3,2991,1788548678315566666,962.0765751823784,292.599268168211,0.9035605788230896
3,2992,1788548678348911111,962.6082369089128,295.2542158663273,0.8978462815284729
3,2993,1788548678382255555,962.8758603036404,297.67292538285255,0.913027048110962
3,2994,1788548678415600000,963.143771186471,299.64550161361694,0.9109461307525636
3,2995,1788548678448944444,963.0630105510354,299.5525532960892,0.9135704040527344
3,2996,1788548678482288888,963.102570489049,300.0366706959903,0.9220513105392456
3,2997,1788548678515633333,964.0111148422584,305.7794762700796,0.9081458449363708
3,2998,1788548678548966666,964.1773929148912,305.2536474466324,0.9129431843757628
3,2999,1788548678582311111,965.1754451096058,310.4515358507633,0.8247122764587402
3,3000,1788548678615655555,966.1905660629272,313.94309763610363,0.9135740399360656
3,3001,1788548678649000000,966.6141312122344,316.2181160002947,0.9088686108589172
3,3002,1788548678682344444,966.8464755564928,317.454136967659,0.9139475226402284
3,3003,1788548678715688888,966.9450128376484,318.4138727784157,0.9173822999000548
3,3004,1788548678749033333,967.0295935161412,318.7021729052067,0.9187107682228088
3,3005,1788548678782366666,967.5853545963764,321.7237939834595,0.9062919020652772
3,3006,1788548678815711111,968.1774386763572,323.6489382684231,0.9133610725402832
3,3007,1788548678849055555,968.6069496273994,326.35858741402626,0.9115434288978576
3,3008,1788548678882400000,968.9517047777772,328.5227941274643,0.915158212184906
3,3009,1788548678915744444,969.4973182678224,332.63041284680367,0.8460104465484619
3,3010,1788548678949088888,969.5151335000992,332.88857297599316,0.8464013934135437
3,3011,1788548678982433333,970.0026319834868,335.44971308112144,0.922211766242981
3,3012,1788548679015766666,970.6173900663852,337.541492074728,0.8753413558006287
3,3013,1788548679049111111,971.0506682805716,343.101110547781,0.8449113965034485
3,3014,1788548679082455555,971.5597257018088,346.84604689478874,0.8433992862701416
3,3015,1788548679115800000,971.3207955658436,349.46355870366096,0.8386193513870239
3,3016,1788548679149144444,971.5467767715454,350.99726563179865,0.7992544770240784
3,3017,1788548679182488888,971.7013657987118,354.4073511660099,0.8133591413497925
3,3018,1788548679215833333,972.0290991775692,358.31221145391464,0.8081004023551941
3,3019,1788548679249166666,972.5571541488172,363.3214672505856,0.7407277822494507
3,3020,1788548679282511111,972.602330505848,365.0316415242851,0.7579240798950195
3,3021,1788548679315855555,973.3603608310224,369.05277414247394,0.7105703353881836
3,3022,1788548679349200000,973.0972298681736,370.3431465029717,0.7307311296463013
3,3023,1788548679382544444,975.4129481613636,374.0145751554519,0.7170730233192444
3,3024,1788548679415888888,976.3110382258892,376.2676959335804,0.6992242932319641
3,3025,1788548679449233333,976.005889672786,377.69136503338814,0.6926854848861694
3,3026,1788548679482566666,977.869289278984,381.2845159769058,0.698315441608429
3,3027,1788548679515911111,976.4235190153122,382.2684628069401,0.6711753010749817
3,3028,1788548679549255555,979.1237458884716,386.95410512015224,0.6957685947418213
3,3029,1788548679582600000,978.183480322361,388.39424473047256,0.6670792102813721
3,3030,1788548679615944444,979.1744730621576,391.8332758694887,0.6767755150794983
3,3031,1788548679649288888,977.127280563116,397.5699236392975,0.6404229998588562
3,3032,1788548679682633333,979.88188688457,397.1004109233618,0.6502829790115356
3,3033,1788548679715966666,976.4292052984238,404.2898682653904,0.657329261302948
3,3034,1788548679749311111,976.9655505008996,404.0767209902406,0.6800237894058228
3,3035,1788548679782655555,980.1101670488716,404.15091386437416,0.7037460803985596
3,3036,1788548679816000000,977.8124078065156,407.27135276794434,0.7243163585662842
3,3037,1788548679849344444,980.1867391169072,408.1910873055458,0.7553827166557312
3,3038,1788548679882688888,978.4456662833692,411.3084840774536,0.7546272873878479
3,3039,1788548679916033333,979.1464669555426,413.3410274386406,0.7729340195655823
3,3040,1788548679949366666,977.9792280718684,418.33802968263626,0.7872360348701477
3,3041,1788548679982711111,977.6745630800724,418.2243516743183,0.7856213450431824
3,3042,1788548680016055555,977.0270334668458,423.4860760271549,0.8093608021736145
3,3043,1788548680049400000,976.6417666077614,424.56803864240646,0.7993603944778442
3,3044,1788548680082744444,976.7200521826744,426.2500318288803,0.7898740172386169
3,3045,1788548680116088888,976.5793664753436,428.6174494922161,0.7968019247055054
3,3046,1788548680149433333,977.3624478280544,431.44891491532326,0.8141643404960632
3,3047,1788548680182766666,977.1688919365406,433.7647261470556,0.8336445689201355
3,3048,1788548680216111111,978.156846806407,436.4081510901451,0.8588639497756958
3,3049,1788548680249455555,978.0211975574492,439.2180933654308,0.8485955595970154
3,3050,1788548680282800000,978.3551428616048,442.47522845864296,0.8588411211967468
3,3051,1788548680316144444,978.4881806969644,446.8285069763661,0.868716299533844
3,3052,1788548680349488888,978.4424404203892,447.0064680236392,0.8472891449928284
3,3053,1788548680382833333,978.8532559275628,451.68015891313553,0.8580639958381653
3,3054,1788548680416166666,978.8020140081644,452.02845710888505,0.8392245769500732
3,3055,1788548680449511111,978.8893146514891,455.0523378141224,0.8585779070854187
3,3056,1788548680482855555,979.0653621777892,457.5078926384449,0.8578594923019409
3,3057,1788548680516200000,979.0063233012334,460.3584963083267,0.8578817248344421
3,3058,1788548680549544444,979.2841575741768,464.4124945104122,0.8507331013679504
3,3059,1788548680582888888,979.5740511715412,464.7767766863108,0.8279327750205994
3,3060,1788548680616222222,980.1077662408352,469.30266442894936,0.8489575386047363
3,3061,1788548680649566666,980.3525888323784,470.12913762032986,0.816071629524231
3,3062,1788548680682911111,980.2553479671478,475.6368968486786,0.8669834733009338
3,3063,1788548680716255555,980.2698333859444,476.8791704699397,0.8489025831222534
3,3064,1788548680749600000,980.7104496657848,481.91225012391806,0.8572184443473816
3,3065,1788548680782944444,981.4935078620912,486.1905312538147,0.8545269966125488
3,3066,1788548680816288888,981.8357024788857,487.6433002948761,0.8911056518554688
3,3067,1788548680849622222,982.0836617276073,488.5225104689598,0.8847699761390686
3,3068,1788548680882966666,982.2717055380344,489.07250183075666,0.8754748106002808
3,3069,1788548680916311111,982.1130400896072,492.3558377921581,0.8503756523132324
3,3070,1788548680949655555,982.6933707594872,494.96716613695025,0.84381502866745
3,3071,1788548680983000000,984.0723062083124,499.0562931112945,0.7185813188552856
3,3072,1788548681016344444,984.3863954544069,498.11148019135,0.7424649000167847
3,3073,1788548681049688888,984.6352959573268,497.61446672677994,0.7611629962921143
3,3074,1788548681083022222,984.7047003805636,494.563122600317,0.8294771909713745
3,3075,1788548681116366666,985.0151153411716,493.5768056511879,0.8662353157997131
3,3076,1788548681149711111,985.0721216648816,493.5768444240093,0.8734759092330933
3,3077,1788548681183055555,985.4231303334236,491.44161683321,0.8866816163063049
3,3078,1788548681216400000,985.7393473982812,489.7840776592493,0.9163700938224792
3,3079,1788548681249744444,986.2481985986232,486.222991079092,0.8546155095100403
3,3080,1788548681283088888,986.7432603538036,481.737496227026,0.9113264679908752
3,3081,1788548681316422222,987.0995445474982,477.2340495437384,0.9087955951690674
3,3082,1788548681349766666,987.272527873516,476.7697189599275,0.9119621515274048
3,3083,1788548681383111111,987.7754372656344,472.43306332826614,0.8900884389877319
3,3084,1788548681416455555,988.0951467752456,472.0741850063205,0.9007863998413086
3,3085,1788548681449800000,988.374283194542,469.790430188179,0.8779497146606445
3,3086,1788548681483144444,988.6272837221622,469.7287231683731,0.8714532256126404
3,3087,1788548681516488888,989.6540708243848,464.7257516384125,0.7796154022216797
3,3088,1788548681549822222,990.1334480643272,464.6633410751819,0.7748242616653442
3,3089,1788548681583166666,991.1818638443948,460.34510576725006,0.7510290741920471
3,3090,1788548681616511111,992.1631799191236,457.0408096536994,0.8333709239959717
3,3091,1788548681649855555,992.7462860941888,454.28560784459114,0.858606219291687
3,3092,1788548681683200000,993.0977788567544,451.77644039690495,0.8942301869392395
3,3093,1788548681716544444,993.4331874251366,448.5996988415718,0.8591539859771729
3,3094,1788548681749888888,993.419250279665,446.21670320630074,0.8834794163703918
3,3095,1788548681783222222,994.5882591307164,443.01528700068593,0.8244544863700867
3,3096,1788548681816566666,995.1643515825272,440.4756337106228,0.819873571395874
3,3097,1788548681849911111,996.0170166473836,434.8934473693371,0.7217936515808105
3,3098,1788548681883255555,995.7788902968168,433.0389713086188,0.7799438834190369
3,3099,1788548681916600000,995.9766991138458,432.7587866038084,0.7727272510528564
3,3100,1788548681949944444,996.7427296936512,429.4532794356346,0.7803066372871399
3,3101,1788548681983288888,996.776036709547,429.4711775481701,0.7827669382095337
3,3102,1788548682016622222,997.2769893407822,424.36362755298615,0.7508288025856018
3,3103,1788548682049966666,997.2811571061612,422.32107424736023,0.7461466789245605
3,3104,1788548682083311111,997.8531634062527,418.04349195212126,0.7528209686279297
3,3105,1788548682116655555,997.548796415329,417.7587163001299,0.7505502104759216
4,3530,1788548696287355555,858.6666666666666,440.0,1.0
4,3531,1788548696320700000,859.2785407602787,439.4360970258713,0.9909443855285645
4,3532,1788548696354044444,859.5247349441051,439.09342178702354,0.9933962821960448
4,3533,1788548696387388888,859.6233576238155,438.7629251033068,0.992606520652771
4,3534,1788548696420733333,859.6033688187599,438.20943497121334,0.9939160943031312
4,3535,1788548696454077777,859.6052422821522,437.5899022221565,0.9883922934532166
4,3536,1788548696487411111,859.3304986953735,437.06187377125025,0.993288516998291
4,3537,1788548696520755555,859.0292261634022,436.841982126236,0.994339644908905
4,3538,1788548696554100000,858.8261695504189,436.83320517838,0.9941316843032836
4,3539,1788548696587444444,858.8075986504555,436.8918619900942,0.9945574998855592
4,3540,1788548696620788888,860.5940723121166,441.0202517583966,0.8189271688461304
4,3541,1788548696654133333,861.0622406564653,441.8674826025963,0.7743933796882629
4,3542,1788548696687477777,862.8536902070045,444.79733046889305,0.7373632788658142
4,3543,1788548696720811111,863.391869276762,449.53588035702705,0.8058137893676758
4,3544,1788548696754155555,864.1668843626976,450.3145607113838,0.8755010962486267
4,3545,1788548696787500000,864.7520066201687,451.4334594905376,0.9232532382011414
4,3546,1788548696820844444,865.1501615047455,452.34612116217613,0.9308355450630188
4,3547,1788548696854188888,865.6044137179852,453.346708714962,0.9405863881111144
4,3548,1788548696887533333,866.0433233976364,454.1313839107752,0.9404721856117249
4,3549,1788548696920877777,866.634485989809,455.0163325630128,0.9405047297477722
4,3550,1788548696954211111,866.9547349102795,456.2091615200043,0.9433925151824952
4,3551,1788548696987555555,866.8356545567513,455.8035427629948,0.9449259638786316
4,3552,1788548697020900000,867.2638138830662,457.96310395374894,0.9402880668640136
4,3553,1788548697054244444,867.2357990890741,457.5666224062443,0.9408890008926392
4,3554,1788548697087588888,867.8502699136734,459.7817201465368,0.9415691494941713
4,3555,1788548697120933333,868.447829246521,460.84402745962143,0.933236300945282
4,3556,1788548697154277777,869.0804009139538,461.9482438191771,0.940973162651062
4,3557,1788548697187611111,869.8275380432606,463.5308691561222,0.9300413131713868
4,3558,1788548697220955555,870.3708089888096,465.31382897496223,0.9390355944633484
4,3559,1788548697254300000,870.7650454342365,467.4289427101612,0.9380978345870972
4,3560,1788548697287644444,870.7501063197851,468.2642969787121,0.9419997334480286
4,3561,1788548697320988888,871.1969212144613,471.6481020748615,0.9370153546333312
4,3562,1788548697354333333,871.2602724134922,474.174206122756,0.933243453502655
4,3563,1788548697387666666,871.0479566045105,476.2062231749296,0.941588580608368
4,3564,1788548697421011111,871.0080328751355,478.5183977484703,0.9297810196876526
4,3565,1788548697454355555,870.8224698752165,480.38661891222,0.9397954940795898
4,3566,1788548697487700000,870.8275309056044,482.0048180930317,0.9346116185188292
4,3567,1788548697521044444,870.9209187477827,483.20064237713814,0.936331033706665
4,3568,1788548697554388888,871.2852699458599,485.66093000769615,0.8912447094917297
4,3569,1788548697587733333,871.2033298909664,485.49454882740974,0.8955003619194031
4,3570,1788548697621066666,871.5503151416779,487.9418584555387,0.8732352256774902
4,3571,1788548697654411111,871.7878420203924,490.6737752556801,0.8494887948036194
4,3572,1788548697687755555,871.3012529611588,491.1552597284317,0.848153829574585
4,3573,1788548697721100000,871.0978915318847,492.4902657866478,0.8362265229225159
4,3574,1788548697754444444,870.3332284390926,492.6644043326378,0.8430473208427429
4,3575,1788548697787788888,870.640539586544,494.11809377372265,0.8392876982688904
4,3576,1788548697821133333,870.934264101088,495.125129789114,0.872608482837677
4,3577,1788548697854466666,871.002212850377,495.1762287467718,0.8481818437576294
4,3578,1788548697887811111,871.3057532012463,496.27570286393166,0.8774011731147766
4,3579,1788548697921155555,871.278886795044,496.7347918152809,0.8659139275550842
4,3580,1788548697954500000,871.7712643295527,498.1182469874621,0.8776924014091492
4,3581,1788548697987844444,871.4242883622646,497.7960983812809,0.879887580871582
4,3582,1788548698021188888,871.2346279472113,498.9726813547313,0.9052067995071412
4,3583,1788548698054533333,871.0094314934686,498.7650851905346,0.9102964997291564
4,3584,1788548698087866666,870.7635069042444,500.5765078663826,0.8686843514442444
4,3585,1788548698121211111,870.7650148123503,502.6472849845886,0.859147310256958
4,3586,1788548698154555555,870.8460730463266,503.94210838899016,0.86519455909729
4,3587,1788548698187900000,870.9325825721025,505.8213961273432,0.8240647315979004
4,3588,1788548698221244444,871.136502891779,505.704095929861,0.8308514356613159
4,3589,1788548698254588888,871.8039414435625,507.2451081126928,0.8195871114730835
4,3590,1788548698287933333,872.203821271658,506.961494024843,0.8273723125457764
4,3591,1788548698321266666,872.8674284368753,508.5243176817894,0.8107796907424927
4,3592,1788548698354611111,872.9080554097891,508.2155667245388,0.81914222240448
4,3593,1788548698387955555,873.3063065707684,509.9596377424896,0.8137257099151611
4,3594,1788548698421300000,873.1697390377522,509.3587265610695,0.8063613176345825
4,3595,1788548698454644444,873.189529016614,510.20862090587616,0.8176543116569519
4,3596,1788548698487988888,873.4487723112106,510.8237637579441,0.8363239765167236
4,3597,1788548698521333333,873.8569335788488,512.7325302362442,0.8622077703475952
4,3598,1788548698554666666,874.2333565056324,513.5327764451504,0.8946589827537537
4,3599,1788548698588011111,875.3693901002407,515.2419390827417,0.8809400200843811
4,3600,1788548698621355555,875.581261485815,515.3600984811783,0.8602943420410156
4,3601,1788548698654700000,875.7917807549238,515.0529557466507,0.8550700545310974
4,3602,1788548698688044444,876.3871540427208,515.3087042272091,0.7744491100311279
4,3603,1788548698721388888,876.774181202054,515.2017980664968,0.7302455306053162
4,3604,1788548698754733333,877.2966005802155,515.1808488070965,0.6311655640602112
4,3605,1788548698788066666,875.0,515.0,0.6282745188474655
4,3606,1788548698821411111,877.156879350543,516.1856615394354,0.7111015915870667
4,3607,1788548698854755555,876.9855266157538,516.1027951836586,0.7592841982841492
4,3608,1788548698888100000,877.0498732179403,516.0465474165976,0.8019348382949829
4,3609,1788548698921444444,877.3057475686073,515.5093738436699,0.8617640733718872
4,3610,1788548698954788888,877.0757431015372,514.5051863789558,0.8979108333587646
4,3611,1788548698988133333,877.0893445014954,513.6532938480377,0.8782753944396973
4,3612,1788548699021466666,877.0093803321943,511.4392281770706,0.8646755814552307
4,3613,1788548699054811111,877.3469254672527,510.4005997776985,0.8364801406860352
4,3614,1788548699088155555,878.1014312505722,507.3009094893932,0.8426054120063782
4,3615,1788548699121500000,878.4572309553623,506.27141577005386,0.8195517063140869
4,3616,1788548699154844444,878.9673777595162,503.2576165795326,0.8284847736358643
4,3617,1788548699188188888,879.3646651506424,501.8867245018482,0.8456305265426636
4,3618,1788548699221533333,879.8592005670071,499.36061641573906,0.8519929051399231
4,3619,1788548699254866666,880.0275756921619,499.040372941643,0.8642085790634155
4,3620,1788548699288211111,880.7104543745518,496.809893772006,0.862880527973175
4,3621,1788548699321555555,880.6856926381588,496.1813624203205,0.8781406283378601
4,3622,1788548699354900000,881.3755216300488,493.06895292550325,0.8644248843193054
4,3623,1788548699388244444,881.7596517801285,492.8722029030323,0.8724792003631592
4,3624,1788548699421588888,882.2295115888119,491.28799709677696,0.8620157837867737
4,3625,1788548699454933333,882.8124353289604,489.07532426714897,0.8931072354316711
4,3626,1788548699488266666,883.2553050816059,488.5543241202831,0.8638232350349426
4,3627,1788548699521611111,883.6127084195614,487.2281090468168,0.8822839260101318
4,3628,1788548699554955555,883.8624031543732,487.2426848858595,0.8694258332252502
4,3629,1788548699588300000,884.4320525527,485.5063190162182,0.8910229206085205
4,3630,1788548699621644444,884.8287064731121,484.59447276592255,0.8816226720809937
4,3631,1788548699654988888,885.3697257339954,481.9359575584531,0.8681313395500183
4,3632,1788548699688333333,885.7226548492908,479.9869381310418,0.8938120007514954
4,3633,1788548699721666666,885.654089063406,479.2033258229494,0.8724012970924377
4,3634,1788548699755011111,885.8159813731909,478.28112241625786,0.8840938210487366
4,3635,1788548699788355555,886.0354949012399,477.7890036553145,0.8770244121551514
4,3636,1788548699821700000,886.2309817671776,477.7441385090351,0.8734804391860962
4,3637,1788548699855044444,886.3334125876427,477.4046100974083,0.8676960468292236
4,3638,1788548699888388888,887.6098287403584,474.1672110557556,0.8890640139579773
4,3639,1788548699921733333,888.4014996886253,472.20716024935246,0.8425602316856384
4,3640,1788548699955066666,888.66198310256,472.5379328131676,0.8389765024185181
4,3641,1788548699988411111,889.7126183211803,467.9325135499239,0.8630712628364563
4,3642,1788548700021755555,889.923300459981,466.3334576487541,0.8905407190322876
4,3643,1788548700055100000,890.415594369173,463.7216301560402,0.8379219174385071
4,3644,1788548700088444444,890.5638501942158,462.7612548172474,0.8330709338188171
4,3645,1788548700121788888,891.2353455275297,459.0687180310488,0.8649381995201111
4,3646,1788548700155133333,891.5584889054298,458.5859275460243,0.8619384765625
4,3647,1788548700188466666,891.9771154243499,456.630647867918,0.8819777965545654
4,3648,1788548700221811111,892.1814260780811,456.5205161571502,0.8822130560874939
4,3649,1788548700255155555,893.0515420399606,453.85535229742527,0.8884272575378418
4,3650,1788548700288500000,893.4997221827507,452.1375197917223,0.9074301719665528
4,3651,1788548700321844444,894.0280625615269,450.8571230620146,0.8912253975868225
4,3652,1788548700355188888,894.6399375796318,449.015366951935,0.9115612506866456
4,3653,1788548700388533333,895.0760600864887,447.6895273029804,0.8909668326377869
4,3654,1788548700421866666,895.4447641968727,445.9866095278412,0.9094601273536682
4,3655,1788548700455211111,895.7193942964077,444.5706503689289,0.9010616540908812
4,3656,1788548700488555555,896.1875504255295,441.5737156867981,0.8941896557807922
4,3657,1788548700521900000,896.2454473823309,441.5413624346256,0.8898501396179199
4,3658,1788548700555244444,896.2681040763855,441.3795246183872,0.8878470659255981
4,3659,1788548700588588888,896.7222079336643,441.0973548144102,0.8917418122291565
4,3660,1788548700621922222,897.9857844719663,437.40670600533485,0.8630444407463074
4,3661,1788548700655266666,898.0210262611508,437.6294949352741,0.855711817741394
4,3662,1788548700688611111,898.0935761556029,437.93614988029,0.8551255464553833
4,3663,1788548700721955555,899.0564796626568,432.4535613954067,0.8298128843307495
4,3664,1788548700755300000,898.7441426515579,432.4989327788353,0.8081862330436707
4,3665,1788548700788644444,899.1256654113531,429.42113322019577,0.8162400722503662
4,3666,1788548700821988888,899.251987695694,428.4196247160435,0.8382343053817749
4,3667,1788548700855322222,899.3362399935722,427.46041238307953,0.8269602656364441
4,3668,1788548700888666666,900.0912430360913,424.3205716609955,0.8209267854690552
4,3669,1788548700922011111,900.1982781291008,424.07091274112463,0.8161720633506775
4,3670,1788548700955355555,900.834705233574,422.3401458859444,0.8279756903648376
4,3671,1788548700988700000,901.1132963895798,421.029461927712,0.8198961019515991
4,3672,1788548701022044444,901.8059493750334,418.39707857370377,0.8404405117034912
4,3673,1788548701055388888,901.7490613162518,418.3842135667801,0.8413606286048889
4,3674,1788548701088722222,902.4759513437748,415.45456570386887,0.8787903785705566
4,3675,1788548701122066666,902.4199019372464,415.73645663261414,0.8776620626449585
4,3676,1788548701155411111,902.8741339296104,413.28898081183434,0.9133777618408204
4,3677,1788548701188755555,902.926079966128,413.5710282921791,0.9127030968666076
4,3678,1788548701222100000,903.1148010566832,413.8559229671955,0.915263295173645
4,3679,1788548701255444444,903.4509038627148,414.02345563843846,0.914927303791046
4,3680,1788548701288788888,903.9434238709508,413.9486265145242,0.9187026619911194
4,3681,1788548701322122222,905.3455639779568,410.8644319027662,0.8946245908737183
4,3682,1788548701355466666,906.3369904756546,408.1531269401312,0.8676655888557434
4,3683,1788548701388811111,906.6285565495492,408.773444250226,0.8695456981658936
4,3684,1788548701422155555,907.8401250839232,403.15834929049015,0.8592711091041565
4,3685,1788548701455500000,907.9344308152796,403.2213662266731,0.8428866863250732
4,3686,1788548701488844444,908.751844316721,400.6616541147232,0.8622581362724304
4,3687,1788548701522188888,909.3014142811298,400.0143246082589,0.8812129497528076
4,3688,1788548701555522222,909.9932375340724,399.2199841737747,0.8943906426429749
4,3689,1788548701588866666,910.8245087563992,397.817008972168,0.9095029234886168
4,3690,1788548701622211111,911.6596588492392,396.4578260779381,0.88906329870224
4,3691,1788548701655555555,912.1723305135964,395.6709962487221,0.8984993696212769
4,3692,1788548701688900000,912.7055623233318,394.6388164162636,0.8772159218788147
4,3693,1788548701722244444,912.6996511220932,395.0977694094181,0.8780984282493591
4,3694,1788548701755588888,913.0379634164274,395.3979066610336,0.8740715384483337
4,3695,1788548701788922222,913.6971271932124,393.7095314860344,0.8805107474327087
4,3696,1788548701822266666,914.078423589468,391.8268409073353,0.836496889591217
4,3697,1788548701855611111,914.1633423417808,392.29324263334274,0.8352984189987183
4,3698,1788548701888955555,915.518707215786,386.1025017499924,0.8627609014511108
4,3699,1788548701922300000,915.9312658160924,385.43261617422104,0.8443917036056519
4,3700,1788548701955644444,916.6092142760754,381.73186442255974,0.8738234043121338
4,3701,1788548701988988888,916.942705012858,381.34813764691353,0.8708399534225464
4,3702,1788548702022322222,917.6143978536128,378.3242096602917,0.8660174012184143
4,3703,1788548702055666666,917.2820273935796,378.593963176012,0.8608722686767578
4,3704,1788548702089011111,917.4485922455788,377.450349509716,0.8550453782081604
4,3705,1788548702122355555,917.1232509985566,377.5213324725628,0.8588801622390747
4,3706,1788548702155700000,917.1960494220256,377.7372590303421,0.8586825132369995
4,3707,1788548702189044444,917.5147714018822,377.7112607061863,0.8560497164726257
4,3708,1788548702222377777,918.400041550398,375.518334209919,0.8832292556762695
4,3709,1788548702255722222,919.3907741606236,371.9251462742686,0.8763391375541687
4,3710,1788548702289066666,919.5808686614037,371.78913183510303,0.8764787912368774
4,3711,1788548702322411111,920.9107794836164,366.1359540820122,0.8858264684677124
4,3712,1788548702355755555,921.1609848290682,365.49055713415146,0.8646539449691772
4,3713,1788548702389100000,921.722752571106,362.8925902694464,0.8748700022697449
4,3714,1788548702422444444,921.9337331056596,362.4338747262954,0.8695511817932129
4,3715,1788548702455777777,921.9089237973094,361.9477863572538,0.8672294616699219
4,3716,1788548702489122222,921.87245939672,362.4189898371697,0.8640283346176147
4,3717,1788548702522466666,921.7979364097118,362.8924334272742,0.8687641024589539
4,3718,1788548702555811111,921.9354732036592,363.179871737957,0.8649876713752747
4,3719,1788548702589155555,922.149754077196,363.3037460744381,0.8678143620491028
4,3720,1788548702622500000,922.4852604866028,363.2062179595232,0.8632108569145203
4,3721,1788548702655844444,924.0970777347684,356.064548432827,0.8663576245307922
4,3722,1788548702689177777,925.031844548881,352.7734082490206,0.8457617163658142
4,3723,1788548702722522222,925.2822089195251,350.3614222705364,0.8284021615982056
4,3724,1788548702755866666,925.4927240908146,349.1342958211899,0.846079409122467
4,3725,1788548702789211111,925.9967361334712,347.31439450383186,0.828787624835968
4,3726,1788548702822555555,926.8504749536514,345.2942838072777,0.8390113711357117
4,3727,1788548702855900000,926.755299463868,345.58881095051765,0.8296622633934021
4,3728,1788548702889244444,926.9583633095026,343.18828354775906,0.8437761068344116
4,3729,1788548702922577777,927.0511902235448,342.81131279468536,0.8400589227676392
4,3730,1788548702955922222,927.212890520692,339.73997062444687,0.8475732803344727
4,3731,1788548702989266666,927.6746114194392,339.31363731622696,0.8335873484611511
4,3732,1788548703022611111,928.6138507723808,336.73001742362976,0.8432934284210205
4,3733,1788548703055955555,929.077277995646,335.974724130705,0.8309411406517029
4,3734,1788548703089300000,929.4249410331248,334.9796414040029,0.8276867270469666
4,3735,1788548703122644444,930.1781938970088,333.3107449710369,0.8486270904541016
4,3736,1788548703155977777,930.3339076638222,331.1801986694336,0.8750469088554382
4,3737,1788548703189322222,930.1418959647416,330.824799105525,0.8767774701118469
4,3738,1788548703222666666,930.3106935620308,328.9504931345582,0.8642029166221619
4,3739,1788548703256011111,930.2045582681894,328.09025160223246,0.8666136264801025
4,3740,1788548703289355555,930.6186104118824,325.7066975235939,0.8373231887817383
4,3741,1788548703322700000,930.782848149538,324.83706071972847,0.8452005982398987
4,3742,1788548703356044444,931.2599906027316,323.1298856139183,0.8431631326675415
4,3743,1788548703389377777,932.3257560133934,319.29827839136124,0.8651012182235718
4,3744,1788548703422722222,933.2273114323616,317.65396550297737,0.8401437997817993
4,3745,1788548703456066666,933.7461067140102,317.19172187149525,0.8620213866233826
4,3746,1788548703489411111,934.3762001097202,317.1389883607626,0.8832727670669556
4,3747,1788548703522755555,934.5940763056278,317.31832867860794,0.9022958278656006
4,3748,1788548703556100000,934.9358306229116,318.7239750921726,0.8636364936828613
4,3749,1788548703589444444,935.3728871047496,321.2231368422508,0.8526039123535156
4,3750,1788548703622777777,935.3109858930112,323.56172773241997,0.8408054709434509
4,3751,1788548703656122222,936.0230703931302,326.31117114424706,0.813178539276123
4,3752,1788548703689466666,936.6285877525806,327.3029740154743,0.8383798599243164
4,3753,1788548703722811111,937.3619447946548,329.53394216299057,0.8267278075218201
4,3754,1788548703756155555,938.4612973928452,330.2844753265381,0.8613301515579224
4,3755,1788548703789500000,939.3711735904216,332.07566253840923,0.8296817541122437
4,3756,1788548703822833333,940.2639804184436,334.21125772595406,0.8482681512832642
4,3757,1788548703856177777,940.247938081622,334.91110334545374,0.8380139470100403
4,3758,1788548703889522222,940.7416870594024,338.13697673380375,0.8412339091300964
4,3759,1788548703922866666,941.0520555116236,339.53763061761856,0.8077142834663391
4,3760,1788548703956211111,940.8197891116142,340.0486946962774,0.8090432286262512
4,3761,1788548703989555555,940.6037383079528,340.2855246067047,0.8057901859283447
4,3762,1788548704022900000,940.370530962944,340.7630640119314,0.8066704869270325
4,3763,1788548704056233333,940.9188908934592,343.34457206726074,0.8596580624580383
4,3764,1788548704089577777,941.6581265032293,347.67288014292717,0.8097285032272339
4,3765,1788548704122922222,942.2091075778008,349.91949608922005,0.8581481575965881
4,3766,1788548704156266666,943.1450992077588,353.5143732428551,0.907398283481598
4,3767,1788548704189611111,943.6482206285,354.37274745106697,0.9174461364746094
4,3768,1788548704222955555,944.2758904397488,356.0926111713052,0.9148930907249452
4,3769,1788548704256300000,944.63656771183,356.1846731454134,0.9158002734184264
4,3770,1788548704289633333,944.931480139494,356.9291035309434,0.9165288805961608
4,3771,1788548704322977777,945.5240591168404,359.7005504667759,0.9125653505325316
4,3772,1788548704356322222,945.3501170277596,359.90457759797573,0.9173620343208312
4,3773,1788548704389666666,945.7983364164828,362.5937575995922,0.9137445092201232
4,3774,1788548704423011111,946.1193021908402,364.037544362247,0.9225576519966124
4,3775,1788548704456355555,946.705029219389,365.9176462367177,0.9141082167625428
4,3776,1788548704489700000,947.2210562378168,366.925873182714,0.9233973622322084
4,3777,1788548704523033333,947.8597129285336,368.7338970005512,0.916647493839264
4,3778,1788548704556377777,948.1741098612548,369.5445174276829,0.9186755418777466
4,3779,1788548704589722222,948.675827473402,371.2011832743883,0.9192217588424684
4,3780,1788548704623066666,949.2819475233556,373.93411165475845,0.9183457493782043
4,3781,1788548704656411111,949.7633521258832,375.14991469681263,0.9225103855133056
4,3782,1788548704689755555,950.2380234450102,376.6702904999256,0.9174826741218568
4,3783,1788548704723100000,950.4607888162136,378.07570873200893,0.9214960932731628
4,3784,1788548704756433333,950.7291721105576,380.2172090858221,0.9190422892570496
4,3785,1788548704789777777,950.8714341670276,381.6959217786789,0.9226111769676208
4,3786,1788548704823122222,951.1538089215755,383.4552752673626,0.920267641544342
4,3787,1788548704856466666,951.420970261097,384.6460088789463,0.9198339581489564
4,3788,1788548704889811111,951.5340183675288,384.13546165823936,0.9229873418807985
4,3789,1788548704923155555,952.39634719491,386.2878373861313,0.9164923429489136
4,3790,1788548704956500000,953.0210612807424,387.26608312129974,0.9213314056396484
4,3791,1788548704989833333,953.487991631031,388.7307295501232,0.9166082739830016
4,3792,1788548705023177777,953.7197885215282,390.2930169701576,0.9198987483978271
4,3793,1788548705056522222,953.7807138413192,392.14386354386806,0.9179055094718932
4,3794,1788548705089866666,953.6551289260389,393.0824698582291,0.9162699580192566
4,3795,1788548705123211111,953.36461943388,392.79997274279594,0.9191812872886658
4,3796,1788548705156555555,954.0664732977748,395.6275224983692,0.904796063899994
4,3797,1788548705189900000,954.5513449013232,396.8553715199232,0.8776758313179016
4,3798,1788548705223233333,954.937745887786,398.7210152745247,0.7983152866363525
4,3799,1788548705256577777,955.4184675216676,402.9127003476024,0.8248439431190491
4,3800,1788548705289922222,955.3932720720768,403.04450856894255,0.832429826259613
4,3801,1788548705323266666,955.4956448972224,404.1239594593644,0.8065519332885742
4,3802,1788548705356611111,955.3094778358936,404.3115137517452,0.8026642799377441
4,3803,1788548705389955555,956.0830963030456,405.68162244558334,0.8235093951225281
4,3804,1788548705423300000,956.328838646412,408.1242767199874,0.8694967031478882
4,3805,1788548705456633333,956.7382887005806,408.83582730591297,0.8495113253593445
4,3806,1788548705489977777,956.7448043227196,408.9028407782316,0.8471324443817139
4,3807,1788548705523322222,957.033721294254,412.9190529808402,0.7963244915008545
4,3808,1788548705556666666,957.0472062304616,412.8162757605314,0.7997615933418274
4,3809,1788548705590011111,957.3424634933472,412.8984938710928,0.8004002571105957
4,3810,1788548705623355555,959.7864842265844,417.9200065881014,0.8091768026351929
4,3811,1788548705656700000,960.1869950294496,417.9882013136521,0.8010717034339905
4,3812,1788548705690033333,960.3066469430923,417.6216453611851,0.7966247797012329
4,3813,1788548705723377777,960.7185303270816,419.0699504092336,0.8253203630447388
4,3814,1788548705756722222,962.2528238296508,420.6471708416939,0.8158231377601624
4,3815,1788548705790066666,962.5337415337564,420.7134920656681,0.8067392706871033
4,3816,1788548705823411111,962.4969291388988,420.7081660926342,0.8020182251930237
4,3817,1788548705856755555,962.2693116664886,423.5214193165302,0.8399797081947327
4,3818,1788548705890100000,963.5199852883816,425.65174928307533,0.8489805459976196
4,3819,1788548705923433333,963.695687353611,425.9696327541023,0.8694685697555542
4,3820,1788548705956777777,965.1337485015392,430.00019960163627,0.8284549713134766
4,3821,1788548705990122222,965.6020126342772,430.3960654735565,0.8266683220863342
4,3822,1788548706023466666,965.2060393989086,433.85980343818665,0.8616454601287842
4,3823,1788548706056811111,965.1731489002703,434.1179151311517,0.8609088659286499
4,3824,1788548706090155555,965.6849733889104,436.5908462405205,0.8177732229232788
4,3825,1788548706123500000,965.9512063972652,438.39651224017143,0.8038731217384338
4,3826,1788548706156833333,965.7764593362808,438.6267530620098,0.8034863471984863
4,3827,1788548706190177777,965.5784162580968,438.657850086689,0.8039984703063965
4,3828,1788548706223522222,965.5268071293832,443.0320974960923,0.802193284034729
4,3829,1788548706256866666,965.4363402724266,444.93022142350674,0.8350155353546143
4,3830,1788548706290211111,965.535738259554,445.93141220510006,0.8569978475570679
4,3831,1788548706323555555,966.5873284935952,450.7340841591358,0.886997640132904
4,3832,1788548706356899999,966.7067642509936,450.94746686145663,0.8976031541824341
4,3833,1788548706390233333,967.2632435262204,452.5140223503113,0.8330469131469727
4,3834,1788548706423577777,967.5843550264836,454.935010060668,0.8213584423065186
4,3835,1788548706456922222,968.4990802705288,456.4184433221817,0.783536970615387
4,3836,1788548706490266666,968.3677964508532,457.2606784403324,0.7989324331283569
4,3837,1788548706523611111,969.3087025880814,459.3998509645462,0.8699758648872375
4,3838,1788548706556955555,968.8824809268116,459.51088565588,0.8575173020362854
4,3839,1788548706590288888,968.385708719492,463.92444319278,0.8498168587684631
4,3840,1788548706623633333,967.9735637120904,465.6197614967823,0.8453497290611267
4,3841,1788548706656977777,967.9036565646528,465.3281563818455,0.864217221736908
4,3842,1788548706690322222,968.5241407454014,465.6298062503338,0.9144331216812134
4,3843,1788548706723666666,968.9913795925676,467.2959560751915,0.9211101531982422
4,3844,1788548706757011111,969.1972004175186,468.1554420888424,0.9275113344192504
4,3845,1788548706790355555,969.5817301571368,470.31527322530746,0.9195067286491394
4,3846,1788548706823688888,969.8420603573322,471.6224784255028,0.9256830215454102
4,3847,1788548706857033333,970.2880756855012,473.27101904153824,0.9269158840179444
4,3848,1788548706890377777,970.6672576963902,474.1009195297957,0.9270319938659668
4,3849,1788548706923722222,971.264672935009,475.9773119594902,0.9240190982818604
4,3850,1788548706957066666,971.6510794460772,477.4634313285351,0.9204589128494264
4,3851,1788548706990411111,972.1397606879472,479.66489642858505,0.9200387597084044
4,3852,1788548707023755555,972.1544439941644,480.2331422120333,0.9216864705085754
4,3853,1788548707057088888,972.624161720276,482.5879206955433,0.9136925339698792
4,3854,1788548707090433333,972.6019996404648,482.7364678680897,0.9139983654022216
4,3855,1788548707123777777,972.7682605087756,483.6538426578045,0.8510547876358032
4,3856,1788548707157122222,973.0626752749084,486.2960974276066,0.8789680004119873
4,3857,1788548707190466666,973.6273457109928,487.9081672281027,0.8711079359054565
4,3858,1788548707223811111,974.6734490692616,490.5665773749351,0.8601488471031189
4,3859,1788548707257155555,974.5245533585548,490.9310388416052,0.8519659042358398
4,3860,1788548707290488888,974.2046040445566,490.84647184610367,0.8495912551879883
4,3861,1788548707323833333,974.3791292905807,491.9495228715241,0.8632192611694336
4,3862,1788548707357177777,975.2977194488049,495.26958391070366,0.8675628304481506
4,3863,1788548707390522222,975.4118340313436,495.0905003622174,0.8609139323234558
4,3864,1788548707423866666,976.610602647066,498.0509852953255,0.8723291158676147
4,3865,1788548707457211111,977.2956531941892,498.83181670308113,0.8255965709686279
4,3866,1788548707490555555,977.7722423523664,501.1893478929997,0.8497081995010376
4,3867,1788548707523888888,977.808851569891,501.86174573004246,0.832522451877594
4,3868,1788548707557233333,977.9449529387056,504.85980707407,0.8123037219047546
4,3869,1788548707590577777,978.0469592362642,506.01393857225776,0.815565824508667
4,3870,1788548707623922222,978.04772599414,507.0721382498741,0.8416405320167542
4,3871,1788548707657266666,977.8955909758806,508.320984095335,0.8446946740150452
4,3872,1788548707690611111,977.8169146478176,510.6345894932747,0.8610700368881226
4,3873,1788548707723955555,977.9164623320104,511.55507868528366,0.8728026151657104
4,3874,1788548707757288888,978.3269766271114,514.0804490149021,0.8670415282249451
4,3875,1788548707790633333,978.7597838938236,514.4950729012489,0.880938708782196
4,3876,1788548707823977777,979.3699107170104,515.7887929528952,0.8312815427780151
4,3877,1788548707857322222,980.812713727355,516.4725071787834,0.8791666030883789
4,3878,1788548707890666666,981.1443569213152,516.7324889302254,0.8604530096054077
4,3879,1788548707924011111,981.2756989598274,519.6124549806118,0.895872175693512
4,3880,1788548707957355555,981.225061133504,520.506637185812,0.8626306056976318
4,3881,1788548707990688888,980.9888045964764,521.1126482784748,0.8700900077819824
4,3882,1788548708024033333,981.3175223171712,521.2420961260796,0.8257922530174255
4,3883,1788548708057377777,982.0524625442922,521.5461605787277,0.7888480424880981
4,3884,1788548708090722222,983.0678078606724,522.1490340530872,0.7927037477493286
4,3885,1788548708124066666,983.231505125761,522.2778577506542,0.7872244119644165
4,3886,1788548708157411111,983.3655903339386,522.4034776687622,0.8586863875389099
4,3887,1788548708190755555,984.077109247446,522.5395539104939,0.8451434373855591
4,3888,1788548708224088888,984.1974069029092,522.6734562218189,0.8770712614059448
4,3889,1788548708257433333,984.416938006878,522.7611450403929,0.8638616800308228
4,3890,1788548708290777777,984.7966613471508,522.8140153437853,0.8625050783157349
4,3891,1788548708324122222,985.2180514782668,522.2936770617962,0.8786075115203857
4,3892,1788548708357466666,985.9948088624516,520.9347764849663,0.8637958765029907
4,3893,1788548708390811111,986.5270722210408,520.2340104579926,0.8856731653213501
4,3894,1788548708424144444,986.8839771002532,518.9177919253707,0.8909655809402466
4,3895,1788548708457488888,987.40259334445,516.9586441889405,0.867415189743042
4,3896,1788548708490833333,988.1850371062756,513.4302563071251,0.8592926263809204
4,3897,1788548708524177777,988.4879770874976,512.503289103508,0.8876068592071533
4,3898,1788548708557522222,988.782125711441,510.92361545562744,0.8655396699905396
4,3899,1788548708590866666,988.9727785512804,510.34679049253464,0.8831283450126648
4,3900,1788548708624211111,989.2415495365858,508.24388118088245,0.8576221466064453
4,3901,1788548708657544444,989.85563737154,505.3823760151863,0.8764432668685913
4,3902,1788548708690888888,990.2282455861568,504.87164798378944,0.8513466119766235
4,3903,1788548708724233333,990.717035919428,501.7015554904938,0.877935528755188
4,3904,1788548708757577777,990.9697903990746,500.72842463850975,0.8637613654136658
4,3905,1788548708790922222,990.5451991558076,500.9506665356457,0.8910051584243774
4,3906,1788548708824266666,990.6832069456576,500.122204862535,0.8838471174240112
4,3907,1788548708857611111,991.327305227518,497.6370764374733,0.91422301530838
4,3908,1788548708890944444,991.4611206352712,496.83747747540474,0.9114015102386476
4,3909,1788548708924288888,992.0279640816152,494.32261407375336,0.9212347269058228
4,3910,1788548708957633333,992.1117348819972,493.6947288513184,0.9188460111618042
4,3911,1788548708990977777,992.4119554460048,491.64504128694534,0.9198676347732544
4,3912,1788548709024322222,992.7065208256244,489.5176197588444,0.9131232500076294
4,3913,1788548709057666666,992.7274820804596,488.5105081796646,0.9128126502037048
4,3914,1788548709091011111,992.9997151564748,486.2795141935349,0.8968492150306702
4,3915,1788548709124344444,993.6293109953403,483.83730667829514,0.8499536514282227
4,3916,1788548709157688888,993.8373283594848,482.7450585067272,0.836715042591095
4,3917,1788548709191033333,994.863153398037,479.0349963456392,0.8194687366485596
4,3918,1788548709224377777,995.4197254776956,476.99780108430423,0.8206085562705994
4,3919,1788548709257722222,995.543879956007,476.4042467176914,0.8394345045089722
4,3920,1788548709291066666,996.0625294223428,473.97469310462475,0.8893818855285645
4,3921,1788548709324411111,996.2219823747872,471.7518638819456,0.8793392777442932
4,3922,1788548709357744444,996.4931356608868,470.6407478451729,0.8368707895278931
4,3923,1788548709391088888,996.9628548584878,468.8768451958895,0.8426021337509155
4,3924,1788548709424433333,997.3232003450394,468.0412235036492,0.8264018893241882
4,3925,1788548709457777777,997.974482158199,465.6836701929569,0.8318919539451599
4,3926,1788548709491122222,998.497963309288,463.854548856616,0.8023117184638977
4,3927,1788548709524466666,999.103664137423,461.53679659962654,0.7406637668609619
4,3928,1788548709557811111,999.1002207174896,461.2684091925621,0.7254087328910828
4,3929,1788548709591144444,999.469548523426,457.3421978950501,0.6978469491004944
4,3930,1788548709624488888,999.3482501506804,456.29136419296265,0.6904475092887878
4,3931,1788548709657833333,999.7126451134682,452.6458588242531,0.682847797870636
4,3932,1788548709691177777,999.3826219439508,451.9795457832515,0.6801953911781311
4,3933,1788548709724522222,999.3320200443268,450.48266127705574,0.6834877729415894
4,3934,1788548709757866666,999.3933449685574,447.88712725043297,0.7002833485603333
4,3935,1788548709791211111,1000.0231020562352,446.1881626099348,0.7042627930641174
4,3936,1788548709824544444,1000.4713544249536,444.1432728469372,0.7127801775932312
4,3937,1788548709857888888,1001.3553648293018,441.95769483968616,0.712673544883728
4,3938,1788548709891233333,1002.26975569129,438.5905757546425,0.7331293821334839
4,3939,1788548709924577777,1002.61791151762,438.03969353437424,0.7349644899368286
4,3940,1788548709957922222,1003.0767078846692,436.2960470020771,0.7542142868041992
4,3941,1788548709991266666,1003.2409714758396,435.14213244616985,0.7556254267692566
4,3942,1788548710024611111,1002.9305808320642,433.89739545434713,0.7815187573432922
4,3943,1788548710057944444,1003.5261330604552,432.3908892273903,0.7336610555648804
4,3944,1788548710091288888,1003.7112200260162,431.6671889722347,0.7070767283439636
4,3945,1788548710124633333,1003.9960692571476,430.42351871728897,0.6751419305801392
4,3946,1788548710157977777,1004.1224459633232,429.8794177249074,0.6185809373855591
4,3947,1788548710191322222,1004.0,425.3333333333333,1.0
5,4310,1788548722294766666,848.0,448.0,1.0
5,4311,1788548722328111111,848.4164463579655,449.3607698380947,0.9902184009552002
5,4312,1788548722361455555,848.7377562224865,450.39345866441727,0.991165578365326
5,4313,1788548722394800000,849.0533816367388,451.0452650114894,0.9948198795318604
5,4314,1788548722428144444,849.5736159086227,452.2072404026985,0.9865177869796752
5,4315,1788548722461477777,850.6490851044655,455.2152808904648,0.9893357157707214
5,4316,1788548722494822222,851.6601534187794,457.8918091207742,0.8692206144332886
5,4317,1788548722528166666,853.9329696521163,469.71498933434486,0.9894179701805116
5,4318,1788548722561511111,854.5465334951878,472.46597322821617,0.9770016074180604
5,4319,1788548722594855555,854.9986466807313,477.638984888792,0.9902496337890624
5,4320,1788548722628200000,854.7554027885199,483.19710548222065,0.9230825901031494
5,4321,1788548722661544444,854.898564748466,494.6451960504055,0.9145547747612
5,4322,1788548722694877777,854.7828049808741,502.80696956813335,0.9891875982284546
5,4323,1788548722728222222,854.3975213766098,504.3670279085636,0.9860454201698304
5,4324,1788548722761566666,854.8160786777735,507.05588054284453,0.9896352887153624
5,4325,1788548722794911111,856.251967728138,513.3160570263863,0.9631972312927246
5,4326,1788548722828255555,857.548428863287,511.90942297130823,0.9872903227806092
5,4327,1788548722861600000,859.3309929966927,513.2217790186405,0.9831669926643372
5,4328,1788548722894944444,860.8686006218195,513.5094780027866,0.9540839791297911
5,4329,1788548722928277777,862.0847257822752,516.0815367028117,0.9866220355033876
5,4330,1788548722961622222,862.5200943648815,515.6035985052586,0.9797963500022888
5,4331,1788548722994966666,863.0417841523886,516.5556436777115,0.9845033288002014
5,4332,1788548723028311111,864.2323650121689,521.7979985028505,0.9752541184425354
5,4333,1788548723061655555,864.4334717988968,521.5425311326981,0.9768728613853456
5,4334,1788548723095000000,864.294627726078,520.1787650436163,0.9834024310112
5,4335,1788548723128344444,864.0891244485974,518.7185893058777,0.9839664101600648
5,4336,1788548723161677777,865.4536181688309,528.845454543829,0.9684776663780212
5,4337,1788548723195022222,866.0342652648687,529.6890985965729,0.9833766222000122
5,4338,1788548723228366666,867.9794797990471,541.0919315367937,0.8085131645202637
5,4339,1788548723261711111,869.4603127241135,544.6097512841225,0.9718399047851562
5,4340,1788548723295055555,870.6091884672642,547.5130448043346,0.9317054748535156
5,4341,1788548723328400000,871.4962091743946,550.9799994975328,0.9078039526939392
5,4342,1788548723361744444,871.6915099322796,551.1034430041909,0.8431252241134644
5,4343,1788548723395077777,873.0,559.0,0.646324245929718
5,4344,1788548723428422222,873.0,556.0,0.622844842672348
5,4345,1788548723461766666,874.3635845482349,548.3767792582512,0.6539468765258789
5,4346,1788548723495111111,875.7886051386595,544.0424759909511,0.937388241291046
5,4347,1788548723528455555,876.3153492510319,542.2232513576746,0.9512813091278076
5,4348,1788548723561800000,876.8199075907469,537.4614391028881,0.9340495467185974
5,4349,1788548723595133333,877.2098682373762,531.456031024456,0.9746099710464478
5,4350,1788548723628477777,877.8312881141901,522.0099243139848,0.974174737930298
5,4351,1788548723661822222,877.8587140589952,520.1708249747753,0.9805429577827454
5,4352,1788548723695166666,877.8199265599251,512.8634618669748,0.9739352464675904
5,4353,1788548723728511111,877.1046800911427,512.2762530148029,0.9818153977394104
5,4354,1788548723761855555,876.8210565149784,504.62910598516464,0.9753183722496032
5,4355,1788548723795200000,876.6373170316219,500.6121443510055,0.952292501926422
5,4356,1788548723828533333,876.9743447098881,495.0671135783195,0.9848532676696776
5,4357,1788548723861877777,877.703421831131,487.8909263089299,0.9774049520492554
5,4358,1788548723895222222,878.0727904513478,486.6125219166279,0.981517732143402
5,4359,1788548723928566666,878.3450905382633,483.0273827370256,0.9840551018714904
5,4360,1788548723961911111,878.2834575772285,482.31823340058327,0.9839648008346558
5,4361,1788548723995255555,878.5250732898712,475.71614596247673,0.974839210510254
5,4362,1788548724028600000,878.7513843178749,471.8308126330376,0.9577762484550476
5,4363,1788548724061933333,879.0512910783291,466.0620889700949,0.987710177898407
5,4364,1788548724095277777,879.152863651514,463.62056347727776,0.9610041975975036
5,4365,1788548724128622222,879.6731168031693,458.02607606351376,0.9850447177886964
5,4366,1788548724161966666,879.8424213081598,456.0702300667763,0.965971052646637
5,4367,1788548724195311111,880.1765181720257,450.81937700510025,0.9862785339355468
5,4368,1788548724228655555,880.6841923892498,447.8166204094887,0.9869444966316224
5,4369,1788548724262000000,881.4777940511703,446.5276669859886,0.9832647442817688
5,4370,1788548724295333333,882.5979161858559,441.2813216149807,0.9604134559631348
5,4371,1788548724328677777,883.3387438356876,439.4302473664284,0.9853739738464355
5,4372,1788548724362022222,883.8474128991365,434.605632930994,0.9604402184486388
5,4373,1788548724395366666,884.2443878352642,430.9226045906544,0.9758172631263732
5,4374,1788548724428711111,884.6839226484299,425.9886301783845,0.9879169464111328
5,4375,1788548724462055555,884.6756947338581,426.1403070986271,0.9892421960830688
5,4376,1788548724495400000,884.7169827520847,422.6957664191723,0.9812480211257936
5,4377,1788548724528733333,884.807795882225,417.389684021473,0.9800386428833008
5,4378,1788548724562077777,884.9307276755571,416.02838513441384,0.9782902598381042
5,4379,1788548724595422222,885.5386799871922,409.4711621403694,0.978309690952301
5,4380,1788548724628766666,885.8484964072704,404.0783290937543,0.951140284538269
5,4381,1788548724662111111,885.925031453371,400.3036179244518,0.9881651401519777
5,4382,1788548724695455555,885.7969863712788,398.9769871775061,0.9867656230926514
5,4383,1788548724728800000,885.7071036696434,392.09355530142784,0.9831883907318116
5,4384,1788548724762133333,885.0122413299978,388.83149252831936,0.9829911589622498
5,4385,1788548724795477777,884.2298435717821,387.8018461614847,0.9824485182762146
5,4386,1788548724828822222,883.6329756975174,381.1686807870865,0.9790860414505004
5,4387,1788548724862166666,883.0860132053494,377.01899751089513,0.9437334537506104
5,4388,1788548724895511111,882.7783934623003,373.28392988443375,0.980207085609436
5,4389,1788548724928855555,882.4025309979916,372.655541241169,0.9800111651420592
5,4390,1788548724962200000,882.3786692917347,366.2750507593155,0.9757140874862672
5,4391,1788548724995533333,881.85428622365,365.01814927719533,0.9869065880775452
5,4392,1788548725028877777,881.0586740747094,364.0185628887266,0.983516812324524
5,4393,1788548725062222222,880.6715876460075,360.3872684240341,0.953214943408966
5,4394,1788548725095566666,880.5310806930065,352.41119956970215,0.9479996562004088
5,4395,1788548725128911111,880.2298766225576,347.5954730808735,0.9724994897842408
5,4396,1788548725162255555,880.1543964743614,339.83995784819126,0.9697415232658386
5,4397,1788548725195600000,879.5942973196507,338.9404000714421,0.9756407737731934
5,4398,1788548725228933333,879.1027322784066,335.1002302542329,0.9728190898895264
5,4399,1788548725262277777,878.8183194249868,331.4063056111336,0.9632061719894408
5,4400,1788548725295622222,878.7845394909382,327.3485502898693,0.971000611782074
5,4401,1788548725328966666,879.0101820500568,327.0081744743511,0.9771133661270142
5,4402,1788548725362311111,880.028818026185,319.48346224427223,0.962583303451538
5,4403,1788548725395655555,881.1081797108054,314.0017652303213,0.963930606842041
5,4404,1788548725429000000,881.5070748627186,313.87093368172646,0.9666342735290528
5,4405,1788548725462333333,881.7775767445564,316.0351969078183,0.978196918964386
5,4406,1788548725495677777,881.9654532298446,318.2144431620836,0.969510853290558
5,4407,1788548725529022222,882.46311378479,321.90746539086103,0.9437493681907654
5,4408,1788548725562366666,883.3553402721882,326.0499710254371,0.9692834615707396
5,4409,1788548725595711111,884.2084197103977,330.12977278232574,0.9326198697090148
5,4410,1788548725629055555,884.8985886201262,334.6968936622143,0.9752375483512878
5,4411,1788548725662400000,885.2680453956127,340.71979290246964,0.8919888138771057
5,4412,1788548725695733333,885.4702886044979,345.70982283353806,0.9689452052116394
5,4413,1788548725729077777,885.1663511693478,345.75376161932945,0.9748008251190186
5,4414,1788548725762422222,885.4511688649654,346.0189349241555,0.9763588309288024
5,4415,1788548725795766666,887.4090916216373,354.3619844317436,0.9705454111099244
5,4416,1788548725829111111,888.1263177394867,355.58934542536736,0.9790424108505248
5,4417,1788548725862455555,889.7397818267345,369.1275277733803,0.8319214582443237
5,4418,1788548725895800000,889.8756020739675,372.0835312977433,0.9824056625366212
5,4419,1788548725929133333,889.9496320970356,376.4600268602371,0.9457602500915528
5,4420,1788548725962477777,890.4376186430454,379.8340662866831,0.9801461100578308
5,4421,1788548725995822222,890.6971692144871,379.55760329961777,0.9810121655464172
5,4422,1788548726029166666,891.229429885745,380.06389823555946,0.9821135401725768
5,4423,1788548726062511111,892.5896324515343,386.2558687925339,0.9746842980384828
5,4424,1788548726095855555,892.7206639349461,387.3017501235008,0.9450477361679076
5,4425,1788548726129200000,894.5911539196968,400.4136019349098,0.9744037389755248
5,4426,1788548726162533333,894.7296313345432,401.6196123063564,0.9725305438041688
5,4427,1788548726195877777,895.9144608154893,407.1362552642822,0.9839540719985962
5,4428,1788548726229222222,896.6765003502369,408.3485732972622,0.9722135066986084
5,4429,1788548726262566666,898.1991861611605,414.14606365561485,0.9808012247085572
5,4430,1788548726295911111,898.8247081935406,417.8320944160223,0.975315511226654
5,4431,1788548726329255555,898.9112100377679,420.2599723339081,0.9838668704032898
5,4432,1788548726362600000,898.8729602992535,425.1695564389229,0.9630622267723083
5,4433,1788548726395933333,898.9309993982315,429.3680392205715,0.9628161787986756
5,4434,1788548726429277777,899.933743365109,434.90211944282055,0.982135534286499
5,4435,1788548726462622222,900.9425265416504,436.5372161269188,0.9569541811943054
5,4436,1788548726495966666,902.955567214638,441.7185553908348,0.9827439188957214
5,4437,1788548726529311111,904.054874330759,443.0402649305761,0.9833377599716188
5,4438,1788548726562655555,904.8110752105712,448.35382199287415,0.9478585124015808
5,4439,1788548726595988888,905.3233760595322,454.477413803339,0.9780375957489014
5,4440,1788548726629333333,905.2217226177454,456.1833310574293,0.984549641609192
5,4441,1788548726662677777,905.9115573838352,459.1831472665071,0.9836094975471495
5,4442,1788548726696022222,906.910922087729,461.90720541775227,0.9404869675636292
5,4443,1788548726729366666,908.3986240923404,467.6981943845749,0.9773987531661988
5,4444,1788548726762711111,909.2250202596188,473.7822766751051,0.9687097668647766
5,4445,1788548726796055555,909.0004418522584,475.9877986777574,0.9835823774337769
5,4446,1788548726829388888,909.1493877619504,483.0072225704789,0.9670925736427308
5,4447,1788548726862733333,909.1359016895294,487.4895294010639,0.9387639760971068
5,4448,1788548726896077777,909.9657459445298,492.5608380138874,0.9699678421020508
5,4449,1788548726929422222,910.7587412297726,495.1129982024431,0.9481458067893982
5,4450,1788548726962766666,912.1660389602184,499.93462816625834,0.97376811504364
5,4451,1788548726996111111,912.8988942950964,502.1199769377709,0.9771367907524108
5,4452,1788548727029455555,913.4251281023026,505.42491832375526,0.9684171676635742
5,4453,1788548727062788888,914.0071311951616,512.8859216123819,0.965222716331482
5,4454,1788548727096133333,914.0351612865924,516.2982389628887,0.9448686838150024
5,4455,1788548727129477777,914.4696018099784,520.1320134401321,0.9637603163719176
5,4456,1788548727162822222,915.2110038995744,526.3935252130032,0.9536530375480652
5,4457,1788548727196166666,914.9099329933524,525.6127553880215,0.9652193188667296
5,4458,1788548727229511111,914.981692938134,528.1784214675426,0.9578834772109984
5,4459,1788548727262855555,914.617668658495,527.2356752455235,0.9623795747756958
5,4460,1788548727296188888,915.4817894101144,533.2281955331564,0.9415850043296814
5,4461,1788548727329533333,915.786090388894,533.0449597686529,0.9532244205474854
5,4462,1788548727362877777,917.1273189038038,537.5095109641552,0.7635764479637146
5,4463,1788548727396222222,917.7870713621378,537.4803757369518,0.7135305404663086
5,4464,1788548727429566666,918.0319447033108,537.0621178783476,0.66190505027771
5,4465,1788548727462911111,918.1322490572928,533.9028776586056,0.9104455709457396
5,4466,1788548727496255555,917.5873793661594,533.0195188131183,0.9230945110321044
5,4467,1788548727529588888,917.4324649572372,529.0668380409479,0.941949188709259
5,4468,1788548727562933333,917.5233075022696,524.6188401579857,0.9302672743797302
5,4469,1788548727596277777,918.0131798367948,519.437097042799,0.9559642672538756
5,4470,1788548727629622222,918.3765419721605,515.0577193573117,0.9371547698974608
5,4471,1788548727662966666,918.8285094499588,509.8654642403126,0.9636876583099364
5,4472,1788548727696311111,918.8429960757494,507.7143922150135,0.9670231342315674
5,4473,1788548727729655555,919.0273613594472,505.3488669991493,0.9608777165412904
5,4474,1788548727762988888,919.4559162855148,497.0120968455449,0.953550100326538
5,4475,1788548727796333333,919.3669643104076,496.5129544734955,0.9626795053482056
5,4476,1788548727829677777,919.4308442771436,490.4767608344555,0.9534576535224916
5,4477,1788548727863022222,919.5198333263396,487.31006664037704,0.9458696246147156
5,4478,1788548727896366666,920.118936739862,482.4878583848477,0.9640416502952576
5,4479,1788548727929711111,920.6080632805824,480.2467195689678,0.9625840783119202
5,4480,1788548727963055555,921.4689560234548,475.98382333666086,0.969446063041687
5,4481,1788548727996388888,922.1107286289334,471.8266198337078,0.9714611768722534
5,4482,1788548728029733333,922.4759875237942,471.2320219576359,0.9724060893058776
5,4483,1788548728063077777,923.0130151007324,465.08767829835415,0.971501648426056
5,4484,1788548728096422222,923.1422100663184,464.4897066652775,0.9744080305099488
5,4485,1788548728129766666,923.3794846236706,458.4203982055187,0.9687820672988892
5,4486,1788548728163111111,923.4464822411536,457.54179149866104,0.9727413058280944
5,4487,1788548728196444444,923.5324522256852,457.73132079839706,0.9757128953933716
5,4488,1788548728229788888,923.5021097064018,457.6879113614559,0.9756518006324768
5,4489,1788548728263133333,923.5575123429298,455.9342767521739,0.9120715260505676
5,4490,1788548728296477777,924.2552921772004,441.9614805281162,0.9796603322029114
5,4491,1788548728329822222,924.4163130223752,441.5952462852001,0.9780965447425842
5,4492,1788548728363166666,925.3913163244724,428.7180937230587,0.8893453478813171
5,4493,1788548728396511111,926.2229109704494,425.9632183723152,0.979462742805481
5,4494,1788548728429844444,927.2813436686992,419.7481693029404,0.9642319083213806
5,4495,1788548728463188888,928.023140611127,416.8608620762825,0.982168197631836
5,4496,1788548728496533333,928.176685720682,413.68727630376816,0.9816076755523682
5,4497,1788548728529877777,928.1496117413044,406.5037282407284,0.9518835544586182
5,4498,1788548728563222222,927.9723188150674,403.5332431793213,0.9734926819801332
5,4499,1788548728596566666,927.953738734126,399.04118106514215,0.972488820552826
5,4500,1788548728629911111,927.9104786664248,396.6654944419861,0.975955367088318
5,4501,1788548728663244444,928.0188692491502,391.2652749419212,0.9578288197517396
5,4502,1788548728696588888,928.3814739584924,387.8693016022444,0.9728049635887146
5,4503,1788548728729933333,928.8389937132596,384.97109223529696,0.9811732172966005
5,4504,1788548728763277777,929.4818086922168,382.19318445026875,0.9742153882980348
5,4505,1788548728796622222,930.3317467570304,374.5846405029297,0.9659234285354614
5,4506,1788548728829966666,930.9969723105896,373.5101289451122,0.9754433035850524
5,4507,1788548728863311111,931.8162405639888,367.7319965958595,0.9690058827400208
5,4508,1788548728896644444,932.6569259762764,363.924569234252,0.9574779272079468
5,4509,1788548728929988888,933.4690651595592,360.39166417717934,0.966292142868042
5,4510,1788548728963333333,934.1462289243937,354.06512781232595,0.9634714126586914
5,4511,1788548728996677777,934.3056981563568,354.1344641596079,0.9702079892158508
5,4512,1788548729030022222,934.3209078907968,354.4849761426449,0.9676467180252076
5,4513,1788548729063366666,934.5955092906952,351.32094353437424,0.9623761773109436
5,4514,1788548729096711111,935.1524751633406,348.4090859889984,0.9640827178955078
5,4515,1788548729130044444,935.6601906120776,348.7432154119015,0.9684571623802184
5,4516,1788548729163388888,936.7906633019448,345.43290385603905,0.8373070359230042
5,4517,1788548729196733333,938.280867278576,334.31760808825493,0.9576610922813416
5,4518,1788548729230077777,939.6774729192256,327.07028192281723,0.957139015197754
5,4519,1788548729263422222,940.545669823885,326.914344355464,0.9625086188316344
5,4520,1788548729296766666,941.2419388145208,324.2159217596054,0.9588825702667236
5,4521,1788548729330111111,941.7314289212228,321.0564453601837,0.9615201354026794
5,4522,1788548729363444444,941.912629172206,317.34559720754623,0.959131956100464
5,4523,1788548729396788888,942.398274421692,310.31226655840874,0.9457690715789796
5,4524,1788548729430133333,942.7423005700113,309.77340307831764,0.9606398940086364
5,4525,1788548729463477777,944.145858734846,314.82038517296314,0.958596169948578
5,4526,1788548729496822222,944.6526264846324,314.91918183118105,0.9610742926597596
5,4527,1788548729530166666,945.5970240533352,317.9899683939293,0.9597735404968262
5,4528,1788548729563511111,946.4736095368862,321.77644295990467,0.945825219154358
5,4529,1788548729596844444,947.6260242462158,325.8694481998682,0.9621859788894652
5,4530,1788548729630188888,948.6481558978558,333.2321628332138,0.8693989515304565
5,4531,1788548729663533333,949.3503131866456,337.7801241725683,0.9602254629135132
5,4532,1788548729696877777,949.1972740143538,339.9076925367117,0.97483891248703
5,4533,1788548729730222222,948.9095832332968,341.7186227440834,0.965983748435974
5,4534,1788548729763566666,948.6192139685154,345.5644925534725,0.9481550455093384
5,4535,1788548729796911111,948.1701050251722,348.9575565829873,0.9680166244506836
5,4536,1788548729830244444,947.6068051159382,352.4725440144539,0.9540554285049438
5,4537,1788548729863588888,947.1231698319316,355.05430676043034,0.9667454361915588
5,4538,1788548729896933333,945.7618130892516,354.1971782594919,0.9701087474822998
5,4539,1788548729930277777,944.4996732771396,353.37951841950417,0.9656062722206116
5,4540,1788548729963622222,943.4478251934052,352.75021056830883,0.9677083492279052
5,4541,1788548729996966666,944.1587255895138,367.1606235057115,0.830108106136322
5,4542,1788548730030311111,943.5383343398572,369.2494192868471,0.9641210436820984
5,4543,1788548730063644444,941.8109979182482,370.256771415472,0.9543330073356628
5,4544,1788548730096988888,941.2789856493472,384.0683539807797,0.9672839045524596
5,4545,1788548730130333333,939.1082052886486,386.13072304427624,0.9697979688644408
5,4546,1788548730163677777,938.0161874722688,392.7265437543392,0.9714605212211608
5,4547,1788548730197022222,936.8167046159506,393.2028993666172,0.979438841342926
5,4548,1788548730230366666,936.6123569011688,395.4605379998684,0.9664346575737
5,4549,1788548730263711111,936.7696149796247,396.4291670322418,0.966238260269165
5,4550,1788548730297044444,937.6884114146231,404.001592222834,0.9528539180755616
5,4551,1788548730330388888,938.381201684475,410.389672100544,0.9637747406959534
5,4552,1788548730363733333,938.7918223440648,412.7125227451325,0.9605525732040404
5,4553,1788548730397077777,939.7326013445854,418.1135472431779,0.9719061851501464
5,4554,1788548730430422222,940.0356475561856,419.51275807619095,0.9790753126144408
5,4555,1788548730463766666,940.0612698867916,422.0773153528571,0.9762218594551086
5,4556,1788548730497111111,939.6723968088628,424.2345808893442,0.9575933814048768
5,4557,1788548730530444444,939.7844692021608,429.3844783902168,0.9725338220596312
5,4558,1788548730563788888,940.319197654724,435.9161960110068,0.96149080991745
5,4559,1788548730597133333,940.8186718672514,437.52324360609055,0.9757105708122252
5,4560,1788548730630477777,941.9201596975328,443.13745379447937,0.9716184139251708
5,4561,1788548730663822222,942.3840133845806,444.8078329116106,0.972659707069397
5,4562,1788548730697166666,943.1968397200108,452.2533358037472,0.9653227925300598
5,4563,1788548730730511111,943.180298447609,454.90505115687847,0.977335810661316
5,4564,1788548730763844444,942.9394936300814,456.34385883808136,0.9773528575897216
5,4565,1788548730797188888,943.4111426770688,461.3184533417225,0.8677674531936646
5,4566,1788548730830533333,944.6668027043344,468.3091801702976,0.9686356782913208
5,4567,1788548730863877777,945.0868956372142,467.9811153039336,0.9761350750923156
5,4568,1788548730897222222,947.0969136431812,481.68823206424713,0.9549611806869508
5,4569,1788548730930566666,947.4756579697132,484.4188359379768,0.9450436234474182
5,4570,1788548730963911111,947.8222890645266,488.1839114278555,0.9695500135421752
5,4571,1788548730997244444,947.71400603652,490.92754516750574,0.9447495937347412
5,4572,1788548731030588888,947.769659563899,494.7848019003868,0.9664766788482666
5,4573,1788548731063933333,947.4961427152156,495.8472878038883,0.9703500866889954
5,4574,1788548731097277777,947.4307739436626,497.3786019086838,0.961452066898346
5,4575,1788548731130622222,947.3045867085456,499.9798028841615,0.9437124133110046
5,4576,1788548731163966666,947.5798106491566,503.9990666268277,0.9679701328277588
5,4577,1788548731197300000,948.0226410403848,511.53951394557953,0.9573230147361756
5,4578,1788548731230644444,947.8797432482244,512.1104295998812,0.9713494181632996
5,4579,1788548731263988888,948.4470863044262,519.1448099166155,0.9590096473693848
5,4580,1788548731297333333,948.4187581241132,520.6487145423889,0.956995129585266
5,4581,1788548731330677777,948.599716335535,521.5545810163021,0.9335044026374816
5,4582,1788548731364022222,948.9309773445128,522.9402915723622,0.8987428545951843
5,4583,1788548731397366666,949.6480678617954,525.2391328364611,0.6817472577095032
5,4584,1788548731430700000,950.1052799597384,525.1757014989853,0.7002978920936584
5,4585,1788548731464044444,950.8567087054251,525.1070199161768,0.7477087378501892
5,4586,1788548731497388888,951.708726078272,521.2404687702656,0.9273277521133424
5,4587,1788548731530733333,952.0606702975928,518.4513729512691,0.9608397483825684
5,4588,1788548731564077777,952.2763367295264,518.7532835304737,0.9697424173355104
5,4589,1788548731597422222,952.8929959759116,515.5345965325832,0.946045696735382
5,4590,1788548731630766666,953.720480144024,511.68462839722633,0.9669326543807985
5,4591,1788548731664100000,954.998464760254,503.5418614447117,0.955862522125244
5,4592,1788548731697444444,955.728902131319,499.8823255524039,0.9436912536621094
5,4593,1788548731730788888,956.4789273440838,495.2245732694864,0.9641932249069214
5,4594,1788548731764133333,956.927263341844,494.8482234627008,0.972131073474884
5,4595,1788548731797477777,957.6793838143348,491.34259501099586,0.963104009628296
5,4596,1788548731830822222,958.9760778211056,484.0773139372468,0.9642543792724608
5,4597,1788548731864166666,959.6939143836498,483.59535652399063,0.9705505967140198
5,4598,1788548731897500000,960.3557065725328,480.60008177161217,0.946016788482666
5,4599,1788548731930844444,960.9749154839664,476.2205224186182,0.9671459197998048
5,4600,1788548731964188888,961.0727141276002,476.3327682316303,0.969931662082672
5,4601,1788548731997533333,961.286416232586,473.39523497223854,0.9396123290061952
5,4602,1788548732030877777,961.9647484719752,468.5490045249462,0.9709651470184326
5,4603,1788548732064222222,962.5760563910007,466.27220717072487,0.877196729183197
5,4604,1788548732097566666,963.6067652702332,453.7827321588993,0.9617016315460204
5,4605,1788548732130900000,963.7054017186164,451.2867825329304,0.9438689351081848
5,4606,1788548732164244444,963.9717223774642,446.6506337821483,0.953341543674469
5,4607,1788548732197588888,963.7175226509572,447.2002708464861,0.9562793970108032
5,4608,1788548732230933333,963.4448389410971,448.09259301424026,0.9572435021400452
5,4609,1788548732264277777,963.835494801402,441.04010900855064,0.9372127652168274
5,4610,1788548732297622222,964.064324080944,440.34011536836624,0.9395159482955932
5,4611,1788548732330966666,964.6312686800956,438.3560740053654,0.8644285798072815
5,4612,1788548732364300000,965.2226452082396,426.0514611825347,0.8610715866088867
5,4613,1788548732397644444,965.3488765954972,424.01644747518,0.8603906035423279
5,4614,1788548732430988888,964.97294023633,418.64045318961143,0.831622838973999
5,4615,1788548732464333333,964.3831517100334,417.7533571571112,0.8390647768974304
5,4616,1788548732497677777,963.998680298333,415.6311136484146,0.826930582523346
5,4617,1788548732531022222,964.1623437851669,410.4274972975254,0.8283953666687012
5,4618,1788548732564366666,964.1139467284085,409.12019396573305,0.8296694159507751
5,4619,1788548732597700000,964.1994089186192,407.70532989501953,0.8473966121673584
5,4620,1788548732631044444,964.1984805613756,402.30025628209114,0.8609940409660339
5,4621,1788548732664388888,964.2176755219698,397.7747527062893,0.9063323140144348
5,4622,1788548732697733333,964.2357209175824,396.448057115078,0.9118277430534364
5,4623,1788548732731077777,964.33718380332,391.77328015863895,0.9318292140960692
5,4624,1788548732764422222,964.5722702145576,389.02219563163817,0.9435018301010132
5,4625,1788548732797755555,964.736893683672,385.78321059048176,0.9502792954444884
5,4626,1788548732831100000,964.9247430562972,384.7811166644096,0.9630585312843324
5,4627,1788548732864444444,965.3543724119664,378.3657511472702,0.9587014317512512
5,4628,1788548732897788888,965.2689271867276,378.18188051879406,0.9705510139465332
5,4629,1788548732931133333,965.2310727089643,372.935553111136,0.9596344232559204
5,4630,1788548732964477777,965.1868302375078,368.9255736172199,0.9641844034194946
5,4631,1788548732997822222,965.3683922588824,365.9120412543416,0.9626926779747008
5,4632,1788548733031155555,965.5667976737022,361.53831285238266,0.9512637257575988
5,4633,1788548733064500000,965.9671802259982,355.48842546343803,0.966365933418274
5,4634,1788548733097844444,966.079302959144,353.0645119994879,0.9628669619560242
5,4635,1788548733131188888,966.0732454434036,348.89015308767557,0.9651974439620972
5,4636,1788548733164533333,966.1987715959548,345.1446115076542,0.9574425220489502
5,4637,1788548733197877777,966.3669870197772,338.2701371014118,0.9452708959579468
5,4638,1788548733231222222,966.32973664999,338.019686345011,0.9559354782104492
5,4639,1788548733264555555,966.439564436674,334.4658855199814,0.947119414806366
5,4640,1788548733297900000,966.243389904499,334.2031245827675,0.95827978849411
5,4641,1788548733331244444,966.0625239536166,327.4514865875244,0.9435310363769532
5,4642,1788548733364588888,965.774193778634,323.6634526848793,0.952639937400818
5,4643,1788548733397933333,965.6148495972157,319.4766996204853,0.9472372531890868
5,4644,1788548733431277777,965.6586620807648,317.7968136370182,0.9572477340698242
5,4645,1788548733464622222,966.0860428437592,315.89384818822145,0.952544331550598
5,4646,1788548733497955555,967.4847062826155,322.71522721648216,0.9456453919410706
5,4647,1788548733531300000,967.7990265488623,322.62265238165855,0.9548099040985109
5,4648,1788548733564644444,968.3420648276806,326.15650057792664,0.9500554203987122
5,4649,1788548733597988888,968.998842357425,330.1282105445862,0.9573062658309937
5,4650,1788548733631333333,969.9287414699792,337.5295162200928,0.9473583698272704
5,4651,1788548733664677777,969.9770235251636,338.0141344247386,0.9625826478004456
5,4652,1788548733698022222,970.4664986133575,341.3806764781475,0.9500588774681092
5,4653,1788548733731355555,970.8146947473288,345.48416367173195,0.9435181617736816
5,4654,1788548733764700000,970.9553157128394,349.222938016057,0.9574715495109558
5,4655,1788548733798044444,970.530376136303,353.63405135273933,0.94233900308609
5,4656,1788548733831388888,970.2095770835876,357.8720225393772,0.9633418321609496
5,4657,1788548733864733333,970.6376802325248,364.140123128891,0.9569193124771118
5,4658,1788548733898077777,970.5755368769168,365.130434051156,0.9651777744293212
5,4659,1788548733931422222,971.7924394011496,371.5074196755886,0.9634093046188354
5,4660,1788548733964755555,972.7294981777668,374.5122015178203,0.9486918449401855
5,4661,1788548733998100000,973.15256164968,374.0695171132684,0.9583412408828736
5,4662,1788548734031444444,974.2989709675312,380.5110659599304,0.8369669914245605
5,4663,1788548734064788888,975.0608009658754,384.17595817148685,0.8500877618789673
5,4664,1788548734098133333,975.5955877304076,386.7764696329832,0.8072551488876343
5,4665,1788548734131477777,976.2443649321796,389.9951903503388,0.7516019940376282
5,4666,1788548734164822222,977.85588657856,396.7990676909685,0.7093673944473267
5,4667,1788548734198155555,979.1119945049286,401.8610414862633,0.6626700162887573
5,4668,1788548734231500000,980.0135738840328,405.0026186946779,0.6705262660980225
5,4669,1788548734264844444,981.0780252739788,408.0733702406287,0.6714584827423096
5,4670,1788548734298188888,982.4583910405636,410.5531370937824,0.6731436252593994
5,4671,1788548734331533333,983.8392022848128,415.5210695564747,0.7076253890991211
5,4672,1788548734364877777,984.3245023190976,416.1729326695204,0.704077422618866
5,4673,1788548734398222222,984.7918334454298,419.6633779704571,0.6883417367935181
5,4674,1788548734431555555,985.1555615961552,421.7321836054325,0.664359450340271
5,4675,1788548734464900000,985.7335280179976,426.6199835538864,0.6737361550331116
5,4676,1788548734498244444,986.0489283055068,430.523850440979,0.6816932559013367
5,4677,1788548734531588888,986.9078303053976,437.9192716106773,0.7656888365745544
5,4678,1788548734564933333,986.6973561942576,439.106331974268,0.7717141509056091
5,4679,1788548734598277777,987.1499613374472,445.96047031879425,0.7805986404418945
5,4680,1788548734631622222,987.038872566074,446.5803085565567,0.7870765924453735
5,4681,1788548734664955555,987.535972893238,449.7765242755413,0.8052497506141663
5,4682,1788548734698300000,987.7171216607094,449.8172283321619,0.8141539096832275
5,4683,1788548734731644444,988.412315249443,457.6943163871765,0.8224937319755554
5,4684,1788548734764988888,988.5154517591,461.60650822520256,0.8438066244125366
5,4685,1788548734798333333,989.1448484659196,464.7151483595371,0.9334720969200134
5,4686,1788548734831677777,989.8273720741272,470.6314029693603,0.948733687400818
5,4687,1788548734865022222,989.9498329237103,471.22873444855213,0.9641904830932616
5,4688,1788548734898355555,990.275135487318,474.8219389766454,0.9649171829223632
5,4689,1788548734931700000,990.1140956878662,475.19836239516735,0.9734278321266174
5,4690,1788548734965044444,990.6731810569764,483.0016617362853,0.9698943495750428
5,4691,1788548734998388888,990.6522287726402,486.59693241119385,0.9460346698760986
5,4692,1788548735031733333,990.7898651957512,490.3042744100094,0.9742787480354308
5,4693,1788548735065077777,990.8811994493008,493.32222080230713,0.938733458518982
5,4694,1788548735098422222,991.4593398272992,500.35858431458473,0.9246845841407776
5,4695,1788548735131755555,991.9060036540031,503.6112933754921,0.9619916081428528
5,4696,1788548735165100000,992.4749747514724,504.4381711781025,0.9567167162895204
5,4697,1788548735198444444,992.7727065831424,506.259015083313,0.961167812347412
5,4698,1788548735231788888,993.0524451732635,513.7507028132677,0.922718346118927
5,4699,1788548735265133333,993.0374895185232,514.5124524831772,0.9240974187850952
5,4700,1788548735298477777,992.990416230634,518.3793570399284,0.8651549816131592
5,4701,1788548735331822222,993.0419233366848,524.3131515085697,0.8113145232200623
5,4702,1788548735365155555,992.8908385112882,529.0258452408016,0.6936832666397095
5,4703,1788548735398500000,992.4559816718102,529.0122928228229,0.6881152391433716
5,4704,1788548735431844444,994.0,530.0,0.6569856834411621
5,4705,1788548735465188888,994.2706280648708,526.1101930439472,0.7063961029052734
5,4706,1788548735498533333,994.505262374878,525.4209535419941,0.7218016386032104
5,4707,1788548735531877777,994.429832994938,519.0879976600409,0.7088727355003357
5,4708,1788548735565222222,994.4778020083904,519.0450837053359,0.7118536829948425
5,4709,1788548735598555555,994.6156766414642,519.5492632985115,0.710250973701477
5,4710,1788548735631900000,994.0,515.0,0.6595829468965531
5,4711,1788548735665244444,996.010406835936,510.5362125337124,0.7186262607574463
5,4712,1788548735698588888,995.8528317064048,510.7435351312161,0.7239698767662048
5,4713,1788548735731933333,996.5346887111664,497.13009129464626,0.7743271589279175
5,4714,1788548735765277777,996.4748135209084,496.6982427537441,0.7906755805015564
5,4715,1788548735798611111,997.0415627546608,489.0199549924582,0.8589062690734863
5,4716,1788548735831955555,997.58130890131,486.56091859936714,0.8978235125541687
5,4717,1788548735865300000,998.28698143363,483.9690789300949,0.9375467896461488
5,4718,1788548735898644444,998.5278215110302,483.67169094085693,0.9364445805549622
5,4719,1788548735931988888,999.4320818185806,476.060873311013,0.9669423699378968
5,4720,1788548735965333333,999.7256716191768,472.462614685297,0.9355608224868774
5,4721,1788548735998677777,1000.1618184149264,467.6343144774437,0.953844666481018
5,4722,1788548736032011111,1000.1892938911916,465.3426112830639,0.9225578904151917
5,4723,1788548736065355555,1000.5310698747636,461.8371021002531,0.8702223896980286
5,4724,1788548736098700000,1000.2028079777956,462.2170417904854,0.8731687664985657
5,4725,1788548736132044444,999.7210685014724,462.339360922575,0.8699502348899841
5,4726,1788548736165388888,999.3449895083904,460.47097957134247,0.8074753880500793
6,5055,1788548747135177777,881.3333333333334,492.0,1.0
6,5056,1788548747168522222,881.3988654911518,490.4488807916641,0.9891125559806824
6,5057,1788548747201866666,882.2808611392975,488.8838450461626,0.9952875971794128
6,5058,1788548747235211111,883.7299621403217,486.77053414285183,0.992823600769043
6,5059,1788548747268555555,885.3013836741447,485.13120441138744,0.9805847406387328
6,5060,1788548747301888888,886.9415700212121,484.07804145663977,0.8760542869567871
6,5061,1788548747335233333,887.8442171067,481.6091308891773,0.8636502027511597
6,5062,1788548747368577777,888.3699718117714,479.0687561184168,0.862614095211029
6,5063,1788548747401922222,889.8866035193205,492.1958371400833,0.9411914348602296
6,5064,1788548747435266666,889.8961020410061,489.9384562596679,0.9504297375679016
6,5065,1788548747468611111,889.8415580391884,486.9259771332145,0.9525071382522584
6,5066,1788548747501955555,891.4699899256229,498.1456866711378,0.9292122721672058
6,5067,1788548747535288888,892.225785240531,499.5775094032288,0.8910254240036011
6,5068,1788548747568633333,892.7052984237671,501.0804836899042,0.9435604810714722
6,5069,1788548747601977777,893.1703989952803,503.1695448309183,0.8842774629592896
6,5070,1788548747635322222,893.4395442306995,505.23875284194946,0.9417492151260376
6,5071,1788548747668666666,893.4463714361191,503.9150286242366,0.9435636401176452
6,5072,1788548747702011111,893.2867622077465,503.13749834895134,0.9454405307769777
6,5073,1788548747735355555,893.2768544852734,503.10794753581285,0.9426909685134888
6,5074,1788548747768688888,894.256707906723,512.6334444284439,0.9315919876098632
6,5075,1788548747802033333,893.8991859853268,512.6607083380222,0.9409617185592652
6,5076,1788548747835377777,894.9162069633603,525.831519395113,0.7730484008789062
6,5077,1788548747868722222,895.1058848723769,528.664719492197,0.918823778629303
6,5078,1788548747902066666,895.4472219347954,536.0701636150479,0.92520672082901
6,5079,1788548747935411111,895.2826024889946,536.668437063694,0.9294993877410888
6,5080,1788548747968744444,895.351311981678,539.7334657013416,0.9313527941703796
6,5081,1788548748002088888,895.5585483908653,544.1845948696136,0.8674343228340149
6,5082,1788548748035433333,895.4950777292252,546.8065544813871,0.9248746037483216
6,5083,1788548748068777777,895.7114798426628,551.6514007151127,0.8672407269477844
6,5084,1788548748102122222,895.8185267746449,554.3026668727398,0.9199400544166564
6,5085,1788548748135466666,896.4730712175369,558.11366391927,0.8508769273757935
6,5086,1788548748168811111,897.1510520726442,560.3107832968235,0.797029435634613
6,5087,1788548748202144444,897.9368436485529,561.2588603794575,0.6934990882873535
6,5088,1788548748235488888,898.5,564.5,0.6792864489555359
6,5089,1788548748268833333,898.5,563.5,0.6758101344108581
6,5090,1788548748302177777,899.0279532987624,561.0607484318316,0.7878556847572327
6,5091,1788548748335522222,899.1759082376957,560.4351069331169,0.8444328308105469
6,5092,1788548748368866666,899.0606067627668,560.3827224075794,0.852480411529541
6,5093,1788548748402211111,899.5485820770264,555.5953503549099,0.7392139434814453
6,5094,1788548748435544444,900.6353313028812,546.8896725922823,0.8595899343490601
6,5095,1788548748468888888,900.947649691254,547.2063731700182,0.866270899772644
6,5096,1788548748502233333,901.0675260573626,541.2688554823399,0.8471261858940125
6,5097,1788548748535577777,901.1061179712416,540.9311730116606,0.8647733330726624
6,5098,1788548748568922222,901.8265780210496,534.3182580769062,0.8546431064605713
6,5099,1788548748602266666,901.609299391508,534.2743497490883,0.8632400035858154
6,5100,1788548748635611111,901.7387623488904,527.0696543082595,0.9205708503723145
6,5101,1788548748668944444,901.7915027141572,526.0895090550184,0.9265461564064026
6,5102,1788548748702288888,902.8708112984896,514.217516258359,0.9181777834892272
6,5103,1788548748735633333,903.1061813086272,513.402410119772,0.9292390942573548
6,5104,1788548748768977777,903.513201355934,509.38831970095634,0.931002914905548
6,5105,1788548748802322222,903.715113401413,508.79050789773464,0.9381412863731384
6,5106,1788548748835666666,904.1289176940918,500.89616656303406,0.9261537194252014
6,5107,1788548748869011111,904.0863435268402,497.3909769952297,0.8739603161811829
6,5108,1788548748902344444,903.8221878260374,493.22824726998806,0.9357619285583496
6,5109,1788548748935688888,903.7212565541269,490.17249669134617,0.8577174544334412
6,5110,1788548748969033333,904.0176101792604,485.89034452289343,0.9037469029426576
6,5111,1788548749002377777,903.974645992741,483.8690572381019,0.820156991481781
6,5112,1788548749035722222,904.8252163678408,477.08642250299454,0.8630856275558472
6,5113,1788548749069066666,904.8443211764096,476.1284114867449,0.8977404832839966
6,5114,1788548749102411111,904.852749094367,475.2405661344528,0.8349231481552124
6,5115,1788548749135744444,905.6838146448137,467.28383323550224,0.8665769696235657
6,5116,1788548749169088888,906.046900331974,464.7050228714943,0.8327611088752747
6,5117,1788548749202433333,906.3648970723152,459.12609738111496,0.8461060523986816
6,5118,1788548749235777777,906.4278342425824,456.97104187496006,0.8132193684577942
6,5119,1788548749269122222,906.3299382925034,451.2246311753988,0.8173832297325134
6,5120,1788548749302466666,906.413384616375,447.1080763041973,0.8856160640716553
6,5121,1788548749335811111,906.694624453783,446.5430280566215,0.8683082461357117
6,5122,1788548749369144444,907.3288787603378,439.4970592260361,0.8662561774253845
6,5123,1788548749402488888,907.9571199193596,438.5713694691658,0.8592355251312256
6,5124,1788548749435833333,908.068305015564,438.12676826119423,0.8558240532875061
6,5125,1788548749469177777,908.2954373657705,437.0856444388628,0.776982843875885
6,5126,1788548749502522222,909.0644572675228,422.83206352591515,0.8602256774902344
6,5127,1788548749535866666,908.977492235601,422.4725123643875,0.8628103137016296
6,5128,1788548749569211111,909.7098994553088,409.2718684375286,0.8699181079864502
6,5129,1788548749602544444,910.060046311468,406.7636216878891,0.935563623905182
6,5130,1788548749635888888,910.555872708559,399.61017668247223,0.9013845324516296
6,5131,1788548749669233333,910.6109188497066,396.94108832255006,0.9326643347740172
6,5132,1788548749702577777,910.8455115705729,390.7874796837568,0.9237179160118104
6,5133,1788548749735922222,911.1101429834962,388.80669628083706,0.9483991265296936
6,5134,1788548749769266666,911.7283942699432,383.6503104567528,0.905884087085724
6,5135,1788548749802611111,912.2683446109296,381.3909182548523,0.9276350140571594
6,5136,1788548749835944444,912.6946429908276,378.3687125444412,0.9225615859031676
6,5137,1788548749869288888,913.2794529795648,375.0140556572005,0.8930552005767822
6,5138,1788548749902633333,914.1265790760516,369.5622606277466,0.9117192625999452
6,5139,1788548749935977777,914.4914274215698,367.3336382508278,0.8858075141906738
6,5140,1788548749969322222,914.9988425206392,360.8729449957609,0.9201760292053224
6,5141,1788548750002666666,915.2629946768284,359.3185828924179,0.9143313765525818
6,5142,1788548750036011111,916.0054615149274,354.5487594604492,0.9123454093933104
6,5143,1788548750069344444,916.2195948809384,353.15034079551697,0.9138104319572448
6,5144,1788548750102688888,916.7148413956164,346.7456548213959,0.9011709094047546
6,5145,1788548750136033333,917.206671476364,340.790753826499,0.906992733478546
6,5146,1788548750169377777,917.372489988804,340.7391293644905,0.915316641330719
6,5147,1788548750202722222,917.6887093186378,338.3500519990921,0.90412437915802
6,5148,1788548750236066666,918.2471632808448,336.939943049103,0.9041355848312378
6,5149,1788548750269411111,919.00494490657,336.31560400128365,0.8632234930992126
6,5150,1788548750302744444,920.650359839201,341.5872351527214,0.8313919305801392
6,5151,1788548750336088888,921.406568735838,344.25360733270645,0.8581963181495667
6,5152,1788548750369433333,921.378919094801,343.96366498991847,0.8610121011734009
6,5153,1788548750402777777,921.679947167635,347.05171490460634,0.8700143694877625
6,5154,1788548750436122222,921.3507533967496,355.0682823359966,0.8344138860702515
6,5155,1788548750469466666,921.1211080476642,357.32744804024696,0.919938862323761
6,5156,1788548750502811111,922.5327857732772,360.869893938303,0.8493177890777588
6,5157,1788548750536144444,923.5352151989936,366.20375360548496,0.9215742349624634
6,5158,1788548750569488888,924.0457221381366,368.4144425094128,0.8987882733345032
6,5159,1788548750602833333,924.5668737888336,373.3534371256828,0.9254218339920044
6,5160,1788548750636177777,924.7465749680996,376.07452668249607,0.9291931390762328
6,5161,1788548750669522222,924.7221915721892,376.9665727876127,0.9354355335235596
6,5162,1788548750702866666,924.7473749816418,381.4134527742862,0.8620315790176392
6,5163,1788548750736211111,925.3623088002204,386.3636805713177,0.8858302235603333
6,5164,1788548750769544444,925.2803025245668,390.7703584432602,0.8539608716964722
6,5165,1788548750802888888,924.8942124173044,398.597263276577,0.7975000739097595
6,5166,1788548750836233333,924.8667821139096,399.9112691655755,0.782099723815918
6,5167,1788548750869577777,925.7093256413935,403.9548179768026,0.8971848487854004
6,5168,1788548750902922222,925.6291773319244,403.9921810841188,0.8569000363349915
6,5169,1788548750936266666,926.1682998389006,410.18847262859344,0.9143198132514954
6,5170,1788548750969600000,926.7396119534968,413.84297029674053,0.9343904852867126
6,5171,1788548751002944444,926.8856061473488,413.8645673245192,0.9412573575973512
6,5172,1788548751036288888,927.5882859528064,416.4313210248947,0.8868870735168457
6,5173,1788548751069633333,928.3337675333024,420.4441198408604,0.9304848313331604
6,5174,1788548751102977777,929.1990332305433,426.67028135061264,0.9174330830574036
6,5175,1788548751136322222,929.3152514100076,427.0705294832587,0.9341423511505128
6,5176,1788548751169666666,929.5647383630276,429.6533578336239,0.928798258304596
6,5177,1788548751203000000,929.913401775062,432.69958502054214,0.8728814721107483
6,5178,1788548751236344444,930.1944599300624,436.4247058928013,0.9165905117988586
6,5179,1788548751269688888,930.0371930599212,436.0494522638619,0.9229806065559388
6,5180,1788548751303033333,930.030038356781,435.65534749627113,0.9200439453125
6,5181,1788548751336377777,930.6180228590964,448.8844465985894,0.7046102285385132
6,5182,1788548751369722222,931.7638098299504,449.8140425980091,0.829014778137207
6,5183,1788548751403066666,932.1074088662864,448.8650741428137,0.8335024118423462
6,5184,1788548751436400000,933.679635375738,459.2643337249756,0.7873597741127014
6,5185,1788548751469744444,934.5385396778584,461.47918555140495,0.8335545063018799
6,5186,1788548751503088888,934.4281729757786,461.13006637990475,0.8302198648452759
6,5187,1788548751536433333,934.3161478340626,460.7646676748991,0.8293439149856567
6,5188,1788548751569777777,935.17092525959,467.1771537363529,0.8563790917396545
6,5189,1788548751603122222,935.9511626511812,470.0090900119394,0.9074783325195312
6,5190,1788548751636466666,936.9937800662592,483.28337675333023,0.7854944467544556
6,5191,1788548751669800000,937.3930559158324,486.27504444122314,0.8412213325500488
6,5192,1788548751703144444,937.3053433299063,486.70445227622986,0.8237907886505127
6,5193,1788548751736488888,937.8985059037803,493.8540392667055,0.8797382116317749
6,5194,1788548751769833333,938.3156314194202,494.2468407601118,0.8529391288757324
6,5195,1788548751803177777,939.2074368149042,500.7233143746853,0.8756060004234314
6,5196,1788548751836522222,940.1544514745474,505.4188470244408,0.8532299995422363
6,5197,1788548751869866666,940.281908363104,508.2599839568138,0.8548932671546936
6,5198,1788548751903200000,940.7494536340236,510.6905868053436,0.8838140964508057
6,5199,1788548751936544444,940.7546459138392,512.2625984251499,0.8529667854309082
6,5200,1788548751969888888,941.5657464563848,517.4508895277977,0.8620080351829529
6,5201,1788548752003233333,941.669616162777,519.7740797698498,0.8474112153053284
6,5202,1788548752036577777,942.5788901150228,524.1985438913107,0.8634151220321655
6,5203,1788548752069922222,943.4304949939252,529.0466654673219,0.8546921610832214
6,5204,1788548752103266666,943.8876604884864,534.5845628380775,0.8793797492980957
6,5205,1788548752136600000,944.624069571495,535.1020626202226,0.8946933150291443
6,5206,1788548752169944444,945.4259369373322,537.8206903934479,0.7635753154754639
6,5207,1788548752203288888,945.616032063961,537.0733138993382,0.7592253088951111
6,5208,1788548752236633333,946.3174278736116,535.4893640577793,0.6794000864028931
6,5209,1788548752269977777,946.968290295452,533.7901932746172,0.8680668473243713
6,5210,1788548752303322222,947.0464872829616,532.2068480551243,0.8718505501747131
6,5211,1788548752336666666,946.3622160553932,527.4837682843208,0.8947905898094177
6,5212,1788548752370000000,946.0267454460264,525.6648496687412,0.8887864947319031
6,5213,1788548752403344444,945.7368869781494,523.0309600196779,0.8505873084068298
6,5214,1788548752436688888,945.5936732292176,520.9114521443844,0.8412392735481262
6,5215,1788548752470033333,946.2034877687692,513.468200057745,0.8144369721412659
6,5216,1788548752503377777,945.9674878902732,512.8911001309752,0.8410509824752808
6,5217,1788548752536722222,946.2676148116587,505.8345012664795,0.8228562474250793
6,5218,1788548752570055555,945.8252935409546,505.6948561668396,0.8463927507400513
6,5219,1788548752603400000,944.9790840167552,499.9899983499199,0.8600592017173767
6,5220,1788548752636744444,944.7748085856438,497.82980185747147,0.8959627747535706
6,5221,1788548752670088888,944.3814732730388,495.75178886950016,0.8530856370925903
6,5222,1788548752703433333,944.4541439116,492.4161793291569,0.8788290619850159
6,5223,1788548752736777777,945.277740418911,488.1102783456445,0.8163034319877625
6,5224,1788548752770122222,945.7708719223738,483.2252703011036,0.922675609588623
6,5225,1788548752803455555,945.900919817388,480.1981999576092,0.8863710165023804
6,5226,1788548752836800000,945.9579279236495,476.9633038751781,0.9206347465515136
6,5227,1788548752870144444,945.759857147932,475.6499321758747,0.9172101020812988
6,5228,1788548752903488888,945.6236448287964,474.25928327441216,0.92072194814682
6,5229,1788548752936833333,945.8205376416444,471.05617140978575,0.8720963001251221
6,5230,1788548752970177777,946.3485415577888,466.84689278900623,0.9248338341712952
6,5231,1788548753003522222,947.1061017885804,460.0365755073726,0.92210191488266
6,5232,1788548753036855555,947.4422305822372,456.84501299262047,0.8864942789077759
6,5233,1788548753070200000,947.4973064661026,453.31211161613464,0.9237737655639648
6,5234,1788548753103544444,947.187850728631,451.46846932172775,0.9148541688919068
6,5235,1788548753136888888,947.065516874194,449.2291021943092,0.9313620328903198
6,5236,1788548753170233333,947.401426166296,443.1483482271433,0.920293629169464
6,5237,1788548753203577777,947.6373767256736,442.71190506219864,0.9305936098098756
6,5238,1788548753236922222,948.1596992909908,439.81866927444935,0.8635032773017883
6,5239,1788548753270255555,948.9686728976668,434.16951210796833,0.8453136682510376
6,5240,1788548753303600000,949.5528483390808,427.1149908080697,0.7997397184371948
6,5241,1788548753336944444,949.9506450258197,425.97833310067654,0.8181231617927551
6,5242,1788548753370288888,950.8329634964466,420.6840485036373,0.8970763683319092
6,5243,1788548753403633333,951.262058287859,419.52562937140465,0.8812833428382874
6,5244,1788548753436977777,951.6441303193568,412.7070277035237,0.8373245596885681
6,5245,1788548753470322222,952.2229055464268,408.07221496105194,0.8408710956573486
6,5246,1788548753503655555,952.3182283937932,404.90099497139454,0.8673350214958191
6,5247,1788548753537000000,952.7122336924076,402.92628952115774,0.8060343861579895
6,5248,1788548753570344444,953.412899196148,394.1544416844845,0.7540426254272461
6,5249,1788548753603688888,953.9516221098602,392.0957230105996,0.8358184695243835
6,5250,1788548753637033333,954.654651105404,386.5431577861309,0.8747045397758484
6,5251,1788548753670377777,955.1845055669546,385.68189001083374,0.8940282464027405
6,5252,1788548753703722222,955.557692527771,382.3429473936558,0.8622786998748779
6,5253,1788548753737055555,956.1559697687626,376.8192047327757,0.8338639736175537
6,5254,1788548753770400000,956.4390709102154,375.3252411186695,0.8708873391151428
6,5255,1788548753803744444,957.0390134081244,369.58975499868393,0.838748574256897
6,5256,1788548753837088888,957.5372252464294,362.2444942891598,0.8189204335212708
6,5257,1788548753870433333,957.6473427414894,359.9551438987255,0.8708804845809937
6,5258,1788548753903777777,958.3321848511696,359.83422899246216,0.8398869037628174
6,5259,1788548753937122222,958.6222530305386,360.1370009332895,0.778435468673706
6,5260,1788548753970455555,959.2890469431876,354.32238352298737,0.7624451518058777
6,5261,1788548754003800000,959.0276740007102,349.2617219388485,0.780403196811676
6,5262,1788548754037144444,959.6686655282974,348.3492293357849,0.8535683155059814
6,5263,1788548754070488888,960.170114979148,347.6834368109703,0.7975826263427734
6,5264,1788548754103833333,960.4673705995084,343.0707538127899,0.833175539970398
6,5265,1788548754137177777,961.118501074612,340.75224751234055,0.790104329586029
6,5266,1788548754170522222,961.0610135383904,335.453260153532,0.8145221471786499
6,5267,1788548754203855555,961.5060842633249,330.95620796084404,0.8585121035575867
6,5268,1788548754237200000,961.8964387625456,325.695721745491,0.8181121349334717
6,5269,1788548754270544444,962.6104215681552,328.1634696573019,0.8194043040275574
6,5270,1788548754303888888,963.8225666433572,335.03536757826805,0.8307965397834778
6,5271,1788548754337233333,963.9555302523077,337.91962733119726,0.865887463092804
6,5272,1788548754370577777,964.815579161048,342.27396658062935,0.8380080461502075
6,5273,1788548754403922222,964.390009701252,343.08148761093616,0.8182975649833679
6,5274,1788548754437255555,963.9422183707356,343.3736995458603,0.8130137920379639
6,5275,1788548754470600000,963.6889083683492,349.7841789275408,0.8086706399917603
6,5276,1788548754503944444,964.4038053452967,354.3353590667248,0.9022606015205384
6,5277,1788548754537288888,965.563336968422,361.6762029528618,0.7341097593307495
6,5278,1788548754570633333,966.3055471777916,367.0971069857478,0.9125156998634338
6,5279,1788548754603977777,966.5331418812276,368.8920796662569,0.894538938999176
6,5280,1788548754637322222,966.7673814147712,373.2010850161314,0.9135493636131288
6,5281,1788548754670655555,966.6049800515176,373.97419431619346,0.9245136380195618
6,5282,1788548754704000000,966.7197599709034,376.15916961431503,0.9174118638038636
6,5283,1788548754737344444,967.161437779665,381.3196467459202,0.8222132325172424
6,5284,1788548754770688888,967.1008206680416,385.4584149122238,0.8901480436325073
6,5285,1788548754804033333,966.6337005794048,384.7901818901301,0.8892030119895935
6,5286,1788548754837377777,966.9092511683702,388.07746820896864,0.8422695398330688
6,5287,1788548754870722222,967.334813863039,392.59320572018623,0.8422949910163879
6,5288,1788548754904055555,968.0502711907028,398.42555344104767,0.8150444626808167
6,5289,1788548754937400000,968.9076280742884,403.66350811719894,0.840506911277771
6,5290,1788548754970744444,969.3070948719978,406.3461648523807,0.9172160625457764
6,5291,1788548755004088888,969.8419374078512,409.1036195680499,0.8628914952278137
6,5292,1788548755037433333,970.3330351412296,414.14157474040985,0.9169716238975524
6,5293,1788548755070777777,970.3967187702656,415.7459511756897,0.9183754920959472
6,5294,1788548755104122222,970.307345688343,417.768368512392,0.9206821918487548
6,5295,1788548755137455555,970.306964725256,420.9462487101555,0.872921347618103
6,5296,1788548755170800000,970.0458885915576,424.9785104580224,0.91878741979599
6,5297,1788548755204144444,970.2155937254428,431.0004980097292,0.9159926176071168
6,5298,1788548755237488888,970.3654125034808,434.3979845643043,0.8818444609642029
6,5299,1788548755270833333,970.6338463425636,437.5739557743073,0.9168685674667358
6,5300,1788548755304177777,970.7637534290552,437.0719233676791,0.9258269667625428
6,5301,1788548755337522222,971.8846352398396,444.2273059487343,0.9172366857528688
6,5302,1788548755370855555,972.0506272539496,443.9026047065854,0.928893268108368
6,5303,1788548755404200000,972.8246042877436,449.7845775187015,0.9213647842407228
6,5304,1788548755437544444,973.1687218397856,453.3385747373104,0.8693251609802246
6,5305,1788548755470888888,973.5335309505464,456.71867936849594,0.8868102431297302
6,5306,1788548755504233333,973.294298440218,458.31941947340965,0.8939080834388733
6,5307,1788548755537577777,973.348494142294,459.798203215003,0.8821122646331787
6,5308,1788548755570911111,974.0191004537046,467.4595435857773,0.8233756422996521
6,5309,1788548755604255555,973.8857484906912,467.73902186751366,0.8262254595756531
6,5310,1788548755637600000,973.7822283655404,475.287053823471,0.8234329223632812
6,5311,1788548755670944444,974.1733659356833,479.0943714752794,0.79981529712677
6,5312,1788548755704288888,974.399515837431,482.7357313632965,0.8073495030403137
6,5313,1788548755737633333,974.9922096156516,486.6815904676914,0.8529143929481506
6,5314,1788548755770977777,975.591643601656,488.89052897691727,0.8543073534965515
6,5315,1788548755804311111,976.41655382514,493.116770632565,0.8738144040107727
6,5316,1788548755837655555,977.1610692441463,495.46914929151535,0.8839380741119385
6,5317,1788548755871000000,977.7013638317584,498.010055267252,0.9092738032341005
6,5318,1788548755904344444,978.1074769049884,501.2781928181648,0.882803738117218
6,5319,1788548755937688888,979.1399957686664,507.7233676016331,0.8813188076019287
6,5320,1788548755971033333,979.3224812150002,512.1705695688725,0.8856763243675232
6,5321,1788548756004377777,979.762580960989,514.5250956714153,0.8506091833114624
6,5322,1788548756037711111,979.494191557169,514.2732522189617,0.8447356224060059
6,5323,1788548756071055555,979.3941681981088,514.0258984938264,0.842896580696106
6,5324,1788548756104400000,979.545265197754,513.9938530516811,0.8426423072814941
6,5325,1788548756137744444,980.3789872527122,525.6578871309757,0.8191621899604797
6,5326,1788548756171088888,980.9331825077534,528.1444887369871,0.871675431728363
6,5327,1788548756204433333,981.8735747486352,529.4699509143829,0.8949055671691895
6,5328,1788548756237777777,982.7835684418678,531.8553782999516,0.7702922821044922
6,5329,1788548756271111111,982.9817298613488,531.8386623114347,0.7615142464637756
6,5330,1788548756304455555,982.9037382677196,529.8400643467903,0.8811883330345154
6,5331,1788548756337800000,982.992061744444,528.0936827212572,0.8700314164161682
6,5332,1788548756371144444,983.853535681963,522.4301552474499,0.8845688104629517
6,5333,1788548756404488888,983.5181408822536,522.4870595037937,0.8915737271308899
6,5334,1788548756437833333,983.233376994729,519.6486437618732,0.9031246900558472
6,5335,1788548756471177777,983.3367173075676,518.3536508083344,0.9048284292221068
6,5336,1788548756504511111,984.1147838681936,511.21697221696377,0.7982389330863953
6,5337,1788548756537855555,984.853491961956,505.97556085139513,0.8969476222991943
6,5338,1788548756571200000,985.4551753401756,501.9759096633643,0.8249173760414124
6,5339,1788548756604544444,985.6787485778332,500.7789626866579,0.8531034588813782
6,5340,1788548756637888888,985.8623164594172,495.2136214673519,0.855866551399231
6,5341,1788548756671233333,985.9229980632664,494.457661151886,0.8613401651382446
6,5342,1788548756704577777,986.6389239728452,487.40920865535736,0.8698462843894958
6,5343,1788548756737911111,986.9447008110584,483.7611463814974,0.8486120104789734
6,5344,1788548756771255555,987.7165124416352,477.6310165226459,0.8162992596626282
6,5345,1788548756804600000,987.422669917345,474.1103662401438,0.8975461721420288
6,5346,1788548756837944444,987.3229423463343,471.9811222516,0.9204630255699158
6,5347,1788548756871288888,987.1875984668732,468.4696943163872,0.8797125816345215
6,5348,1788548756904633333,987.4013236165048,464.5282310247421,0.9087807536125184
6,5349,1788548756937977777,988.051373168826,456.0920093283057,0.8940339684486389
6,5350,1788548756971311111,988.2689596712588,455.4284857213497,0.9045557379722596
6,5351,1788548757004655555,989.4869501590728,448.75169183313847,0.9035910367965698
6,5352,1788548757038000000,989.5651876032352,448.08837803453207,0.9140435457229614
6,5353,1788548757071344444,989.9974331676494,443.9800119623542,0.9133468866348268
6,5354,1788548757104688888,989.8619646281004,443.6067748963833,0.9150420427322388
6,5355,1788548757138033333,990.1568830013276,436.4679675996304,0.8882912397384644
6,5356,1788548757171366666,990.0290091168137,436.1205559074878,0.9000515341758728
6,5357,1788548757204711111,990.5397981107236,429.36050140857697,0.8740178346633911
6,5358,1788548757238055555,990.7531731426716,425.46352779865265,0.8346729278564453
6,5359,1788548757271400000,991.0602773055434,420.5817671716213,0.8586040139198303
6,5360,1788548757304744444,991.2662620544434,417.51803463697433,0.8219329118728638
6,5361,1788548757338088888,991.380653232336,413.11693397164345,0.8261810541152954
6,5362,1788548757371433333,991.7848262786864,410.27015352249146,0.8124721646308899
6,5363,1788548757404766666,992.096026070416,406.4506163001061,0.8224817514419556
6,5364,1788548757438111111,992.5800993144512,403.59140810370445,0.8263764381408691
6,5365,1788548757471455555,993.0370731242,401.1736639738083,0.828333854675293
6,5366,1788548757504800000,993.4163357615472,395.7993010431528,0.781835675239563
6,5367,1788548757538144444,993.8209050893784,393.5808046758175,0.7864074110984802
6,5368,1788548757571488888,994.0714736804366,388.3898777365685,0.8055055141448975
6,5369,1788548757604833333,994.1142109110953,386.0697122812271,0.8875337243080139
6,5370,1788548757638166666,994.374711483717,382.35445833206177,0.8657501935958862
6,5371,1788548757671511111,994.428399503231,379.1363136768341,0.8693462610244751
6,5372,1788548757704855555,994.5738333463668,378.6631652712822,0.8587064743041992
6,5373,1788548757738200000,994.9348646178842,372.2284236252308,0.8553855419158936
6,5374,1788548757771544444,995.5729318261148,370.3237940967083,0.8071735501289368
6,5375,1788548757804888888,996.7349871397018,363.9446620121598,0.8937602639198303
6,5376,1788548757838233333,997.243266493082,361.1017239242792,0.8408768773078918
6,5377,1788548757871566666,997.8190466165544,356.2925693690777,0.7980438470840454
6,5378,1788548757904911111,997.8773765191436,348.1336058974266,0.8042777180671692
6,5379,1788548757938255555,997.9348315447568,345.62293311953545,0.8345825672149658
6,5380,1788548757971600000,998.5343680083752,340.9723482634872,0.8916333317756653
6,5381,1788548758004944444,998.8918198421596,339.189068377018,0.9061008095741272
6,5382,1788548758038288888,999.1138270646334,335.80482336878777,0.910380721092224
6,5383,1788548758071633333,999.669308334589,332.61821207404137,0.8993453979492188
6,5384,1788548758104966666,1000.4758585989476,327.9558110460639,0.8971450924873352
6,5385,1788548758138311111,1001.1610471010208,325.9618174992502,0.8986114859580994
6,5386,1788548758171655555,1002.1273386627436,320.4423128962517,0.8915601968765259
6,5387,1788548758205000000,1002.6405685544014,318.87545611709356,0.8967480063438416
6,5388,1788548758238344444,1003.2765939235688,313.5881355702877,0.887442409992218
6,5389,1788548758271688888,1003.7880590707064,317.2539566755295,0.8974519371986389
6,5390,1788548758305033333,1004.0670339763165,321.58713135123253,0.8902839422225952
6,5391,1788548758338366666,1004.6997859477996,328.3234833776951,0.786648690700531
6,5392,1788548758371711111,1004.4449052512646,330.3311879336834,0.8172807097434998
6,5393,1788548758405055555,1004.2748151123524,335.67405715584755,0.8395373225212097
6,5394,1788548758438400000,1003.9592403061688,336.9522781893611,0.869884192943573
6,5395,1788548758471744444,1004.0371740162371,339.56810197234154,0.8459977507591248
6,5396,1788548758505088888,1003.9864266673104,339.71227407455444,0.8383135199546814
6,5397,1788548758538433333,1005.383949816227,347.1456134021282,0.8709544539451599
6,5398,1788548758571766666,1006.2415588349104,351.5801056623459,0.8826948404312134
6,5399,1788548758605111111,1006.712484240532,354.5983355939388,0.8479259610176086
6,5400,1788548758638455555,1007.2487577348948,356.61485880613327,0.8777247071266174
6,5401,1788548758671800000,1007.6620483100414,361.3883809447289,0.8177399635314941
6,5402,1788548758705144444,1008.2120014727116,365.2058216631413,0.8680574297904968
6,5403,1788548758738488888,1008.4046769142152,369.6317608952522,0.8390393853187561
6,5404,1788548758771833333,1008.2132927775384,371.3140118420124,0.8540520071983337
6,5405,1788548758805166666,1008.6968891620636,374.10267589241266,0.8367611169815063
6,5406,1788548758838511111,1009.47586196661,380.985799879767,0.8326901793479919
6,5407,1788548758871855555,1009.6964926421642,381.2598488926887,0.8358611464500427
6,5408,1788548758905200000,1009.614036500454,380.5879409313202,0.8354202508926392
6,5409,1788548758938544444,1009.3857445418836,380.2083636820316,0.8407394289970398
6,5410,1788548758971888888,1009.3315905332564,383.3993025124073,0.6053844094276428
6,5411,1788548759005233333,1011.1630174964666,393.42802676558495,0.6597900390625
6,5412,1788548759038566666,1011.5470879375936,393.8901801779866,0.6667646169662476
6,5413,1788548759071911111,1014.6666666666666,406.6666666666667,1.0
6,5414,1788548759105255555,1014.6720403134824,407.1159857362509,0.9883846044540404
6,5415,1788548759138600000,1014.7603264153004,413.0489211678505,0.9227463006973268
6,5416,1788548759171944444,1014.5891657173634,415.20386929810047,0.9202908873558044
6,5417,1788548759205288888,1014.5624577105044,418.3627732992172,0.8909822702407837
6,5418,1788548759238633333,1014.3746833205224,418.2664492130279,0.8935421109199524
6,5419,1788548759271966666,1014.7505910545588,423.72523444890976,0.8530259132385254
6,5420,1788548759305311111,1014.7621216326952,423.72201350331306,0.8490439057350159
6,5421,1788548759338655555,1015.2837809324265,426.79727706313133,0.8368250131607056
6,5422,1788548759372000000,1015.3219033777714,426.8784885331988,0.8384091854095459
6,5423,1788548759405344444,1014.665649831295,430.2810623347759,0.8474559187889099
6,5424,1788548759438688888,1012.982076862827,433.13735458254814,0.8241758346557617
6,5425,1788548759472033333,1014.7242142558098,441.7971138507128,0.854253351688385
6,5426,1788548759505366666,1014.6991094052792,442.32263919711113,0.8494009971618652
6,5427,1788548759538711111,1017.3333333333334,454.6666666666667,1.0
6,5428,1788548759572055555,1017.1150881126524,455.2009837478399,0.9752758145332336
6,5429,1788548759605400000,1017.231592014432,463.7034506201744,0.8590814471244812
6,5430,1788548759638744444,1017.7036163210868,469.6367464363575,0.8447732925415039
6,5431,1788548759672088888,1017.2849184274672,473.0508668012917,0.8028131127357483
6,5432,1788548759705433333,1018.2531359195708,478.3157389461994,0.8281307220458984
6,5433,1788548759738766666,1017.918566159904,481.3365924358368,0.7968944311141968
6,5434,1788548759772111111,1017.6377415060996,481.390332877636,0.7982045412063599
6,5435,1788548759805455555,1017.7989782840014,483.6065046191215,0.8196206092834473
6,5436,1788548759838800000,1017.8326431810856,490.8597860634327,0.781728208065033
6,5437,1788548759872144444,1017.3899852633476,490.77099676430225,0.7891151905059814
6,5438,1788548759905488888,1019.2325902581216,501.8651995062828,0.7886195182800293
6,5439,1788548759938833333,1019.0525565184652,506.9154202789068,0.8191944360733032
6,5440,1788548759972166666,1020.5,506.5,0.791502805352211
6,5441,1788548760005511111,1020.5,507.5,0.790518895983696
6,5442,1788548760038855555,1021.3182135224342,515.823786586523,0.8236709237098694
6,5443,1788548760072200000,1022.5,513.5,0.8135048693418503
6,5444,1788548760105544444,1023.5,520.5,0.7961538630723953
6,5445,1788548760138888888,1022.6666666666666,518.6666666666666,1.0
6,5446,1788548760172222222,1022.9044459015132,521.1344798505306,0.9464192986488342
6,5447,1788548760205566666,1022.8170972317456,523.5879186987877,0.8597818613052368
6,5448,1788548760238911111,1022.661666482687,523.4322783946991,0.7854641675949097
6,5449,1788548760272255555,1022.3937113881112,524.2216461002827,0.7292016744613647
6,5450,1788548760305600000,1022.3833636045456,518.9349867850542,0.9139580130577089
6,5451,1788548760338944444,1022.21502558887,518.2301852703094,0.8483719229698181
6,5452,1788548760372288888,1022.3470366001128,518.1861321777105,0.8370704054832458
6,5453,1788548760405622222,1022.6645058393478,518.0779989734292,0.8306518793106079
6,5454,1788548760438966666,1023.067314080894,517.8502449095249,0.8328402042388916
6,5455,1788548760472311111,1025.4471291303637,502.2268321067095,0.8033595681190491
6,5456,1788548760505655555,1025.8489321172235,500.85102988779545,0.8893647789955139
6,5457,1788548760539000000,1026.4760428965092,500.0838727578521,0.8496322631835938
6,5458,1788548760572344444,1027.2545099556446,486.63302022218704,0.8893914818763733
6,5459,1788548760605688888,1027.1818052381277,485.6825158596039,0.8871583342552185
6,5460,1788548760639022222,1027.71094378829,479.05649741366506,0.956127405166626
6,5461,1788548760672366666,1027.4934948384762,479.0398625507951,0.9565996527671814
6,5462,1788548760705711111,1027.351108968258,479.02713993005455,0.9592886567115784
6,5463,1788548760739055555,1027.2738373577597,479.07520677894354,0.9602919220924376
6,5464,1788548760772400000,1027.5011750161648,478.4496401846409,0.9321272969245912
6,5465,1788548760805744444,1028.8566018939018,465.2693229317665,0.9456906914711
6,5466,1788548760839088888,1029.062555655837,465.0153717249632,0.9484137296676636
6,5467,1788548760872422222,1030.6666666666667,457.3333333333333,1.0
6,5468,1788548760905766666,1032.1756242364645,445.70116916298866,0.8417257070541382
6,5469,1788548760939111111,1032.947809651494,441.88080225884914,0.737500011920929
6,5470,1788548760972455555,1032.754856839776,442.7577392756939,0.7222021222114563
6,5471,1788548761005800000,1032.6192957162857,441.6141883730888,0.7405873537063599
7,5801,1788548772008933333,841.3333333333334,433.3333333333333,1.0
7,5802,1788548772042277777,841.1869973540306,433.3417568206787,0.9948537349700928
7,5803,1788548772075622222,841.8077021539211,433.29591250419617,0.994028627872467
7,5804,1788548772108966666,842.8127607107162,433.2272864431143,0.9946240782737732
7,5805,1788548772142300000,843.9342582672834,435.04696748405695,0.9959376454353333
7,5806,1788548772175644444,844.9678187295794,438.12785345315933,0.9606671333312988
7,5807,1788548772208988888,845.4846419394016,440.80787520110607,0.989509344100952
7,5808,1788548772242333333,845.7368908524513,444.01189669407904,0.9653797745704652
7,5809,1788548772275677777,845.8959945514798,447.3370776474476,0.9894402027130128
7,5810,1788548772309022222,846.3614500761032,449.7860139608383,0.9905081391334534
7,5811,1788548772342366666,847.2429580241442,451.1117998957634,0.972948968410492
7,5812,1788548772375700000,848.6699190735817,455.21377570927143,0.9897840023040771
7,5813,1788548772409044444,849.5331712663174,457.66440668702126,0.9711107611656188
7,5814,1788548772442388888,850.0503131784499,459.23011358082294,0.9925855994224548
7,5815,1788548772475733333,850.6784485578537,462.5921365916729,0.958695352077484
7,5816,1788548772509077777,851.2963324189186,465.4502665102482,0.9885499477386476
7,5817,1788548772542422222,852.0418651327491,468.7423561811447,0.9715833067893982
7,5818,1788548772575755555,852.5439581274986,471.07899855077267,0.9878354668617249
7,5819,1788548772609100000,852.6806615591049,472.1602891534567,0.9898268580436708
7,5820,1788548772642444444,852.1752593964338,472.79336392879486,0.9770964980125428
7,5821,1788548772675788888,851.9413486458361,476.3463107347488,0.9894019365310668
7,5822,1788548772709133333,851.5395273566246,479.32995918393135,0.9725075960159302
7,5823,1788548772742477777,851.3509966731071,482.2005158811808,0.9742074012756348
7,5824,1788548772775822222,851.7485440075397,485.23279552161694,0.9881001710891724
7,5825,1788548772809155555,852.1212657168508,486.2643685936928,0.9874456524848938
7,5826,1788548772842500000,852.313196927309,485.7218098640442,0.9871527552604676
7,5827,1788548772875844444,852.8040124773979,488.1814731657505,0.9730241894721984
7,5828,1788548772909188888,852.5619100630283,488.7611087411642,0.9862110614776612
7,5829,1788548772942533333,851.8659273982048,487.7245543003082,0.9906932711601256
7,5830,1788548772975877777,851.9128188639879,490.3323208093643,0.9740857481956482
7,5831,1788548773009222222,851.8738820701838,490.7902462631464,0.9884308576583862
7,5832,1788548773042555555,851.6826163232327,489.5752647519112,0.9851735830307008
7,5833,1788548773075900000,852.7085131406784,494.480442404747,0.8884294629096985
7,5834,1788548773109244444,853.3747354745865,500.352176219225,0.9627562165260316
7,5835,1788548773142588888,853.850109577179,503.6796278357506,0.982895016670227
7,5836,1788548773175933333,854.5286569297314,503.4174638986587,0.9798074960708618
7,5837,1788548773209277777,856.0694154202938,504.1056242808699,0.9868940711021424
7,5838,1788548773242622222,857.3741661310196,505.0624815486371,0.9618924260139464
7,5839,1788548773275955555,858.7066713273525,508.4548205435276,0.977774977684021
7,5840,1788548773309300000,858.7689279168844,509.4905156493187,0.9719398617744446
7,5841,1788548773342644444,858.8877071142197,512.0237803086638,0.9808908104896544
7,5842,1788548773375988888,859.0159979443997,515.653340280056,0.9725240468978882
7,5843,1788548773409333333,858.8193493187428,517.180043309927,0.9615139365196228
7,5844,1788548773442677777,859.3831758201122,520.1649578213692,0.8759477138519287
7,5845,1788548773476022222,859.8164155185223,521.3949310481548,0.8119726181030273
7,5846,1788548773509355555,859.9884453276172,522.0802023410797,0.8152176737785339
7,5847,1788548773542700000,860.091979406774,522.6406801640987,0.8151553273200989
7,5848,1788548773576044444,860.8387966901064,522.6200246810913,0.8828610181808472
7,5849,1788548773609388888,862.0980308055878,521.4415436089039,0.9367907643318176
7,5850,1788548773642733333,862.7486951053143,521.4055253863335,0.9420266151428224
7,5851,1788548773676077777,864.3279143869877,512.9661283902824,0.9646466970443726
7,5852,1788548773709422222,865.016708124429,511.6980314850807,0.9810595512390136
7,5853,1788548773742755555,865.7097996473312,507.0748723745346,0.9788095951080322
7,5854,1788548773776100000,865.6467762589455,505.68011313676834,0.9803495407104492
7,5855,1788548773809444444,865.1678146868944,503.18771140277386,0.9826366305351256
7,5856,1788548773842788888,864.3954930603504,500.5784420371056,0.9707597494125366
7,5857,1788548773876133333,863.9264162406325,496.77108366787434,0.9824493527412416
7,5858,1788548773909477777,863.5853509008884,494.6068910062313,0.9679673910140992
7,5859,1788548773942822222,863.9987781040836,490.314169973135,0.9791748523712158
7,5860,1788548773976155555,864.4830726981163,485.84115356206894,0.9729681611061096
7,5861,1788548774009500000,864.9409187920392,483.3004170060158,0.9845629930496216
7,5862,1788548774042844444,865.3347197771072,480.34993800520897,0.9709234237670898
7,5863,1788548774076188888,865.7770475894213,475.1222771629691,0.9861348867416382
7,5864,1788548774109533333,865.883399091661,472.9798220731318,0.986772894859314
7,5865,1788548774142877777,865.8507293313742,471.675295650959,0.9824314713478088
7,5866,1788548774176222222,866.1397375762463,468.23850224912167,0.9856842160224916
7,5867,1788548774209555555,866.427472114563,464.7530970573426,0.9746093153953552
7,5868,1788548774242900000,866.8293127268553,463.01702168397605,0.9873389005661012
7,5869,1788548774276244444,867.2300880402327,461.1118955761194,0.9848110675811768
7,5870,1788548774309588888,867.5901208519936,458.8786294609308,0.9756404757499696
7,5871,1788548774342933333,868.0586129166186,454.8120170980692,0.9865211248397828
7,5872,1788548774376277777,868.09330188483,453.6366891860962,0.9823880791664124
7,5873,1788548774409622222,868.2514388561249,449.8621275424957,0.98935067653656
7,5874,1788548774442955555,868.207093372941,448.55597072839737,0.98159259557724
7,5875,1788548774476300000,868.599357008934,444.3524333536625,0.9860643744468688
7,5876,1788548774509644444,868.7017550766468,442.6175625324249,0.9885120391845704
7,5877,1788548774542988888,868.5448477864265,441.6519524753094,0.9774946570396424
7,5878,1788548774576333333,868.6502410769463,437.53173115849495,0.9847963452339172
7,5879,1788548774609677777,868.3867017924786,437.69919064641,0.9888665676116944
7,5880,1788548774643022222,868.1062845811248,438.0694696232677,0.9944706559181212
7,5881,1788548774676355555,868.2283461689949,433.0254844333977,0.9394157528877258
7,5882,1788548774709700000,868.5359329283237,429.8546487689018,0.9871091842651368
7,5883,1788548774743044444,869.1493019014597,428.0191867798567,0.9575974345207214
7,5884,1788548774776388888,870.5371811389923,420.0040819644928,0.9870867729187012
7,5885,1788548774809733333,871.3929997682571,419.0857699885965,0.9884570240974426
7,5886,1788548774843077777,872.426069766283,414.7778474241495,0.9874263405799866
7,5887,1788548774876422222,873.2338779270649,413.0643741413951,0.9928374290466307
7,5888,1788548774909755555,873.7349193096161,411.8880650550127,0.9925354719161988
7,5889,1788548774943100000,874.001954395324,408.2309076189995,0.970824122428894
7,5890,1788548774976444444,874.3078661262989,404.7989674210549,0.9891629219055176
7,5891,1788548775009788888,874.931373372674,400.7546023577452,0.9865261912345886
7,5892,1788548775043133333,875.3986034691334,400.8182768076658,0.9874980449676514
7,5893,1788548775076477777,876.0615504905581,398.2408944517374,0.980565309524536
7,5894,1788548775109822222,876.5587387979031,396.2665071487427,0.9866183400154114
7,5895,1788548775143155555,877.0216200761497,395.15548191964626,0.9909530878067015
7,5896,1788548775176500000,877.4184718728065,393.8725515156984,0.9885535836219788
7,5897,1788548775209844444,878.0505437254906,389.7486016154289,0.9863572120666504
7,5898,1788548775243188888,878.4839106500149,390.34004333615303,0.9845322966575624
7,5899,1788548775276533333,879.0129856206477,391.0439622253179,0.9913766384124756
7,5900,1788548775309877777,879.515528857708,386.6817363500595,0.929488718509674
7,5901,1788548775343222222,879.5991977453232,383.0489786192775,0.9853991270065308
7,5902,1788548775376555555,879.3975789248943,382.80901688337326,0.9861797094345092
7,5903,1788548775409900000,880.1904599070549,373.3471928536892,0.9764798879623412
7,5904,1788548775443244444,880.4270961582661,373.1404006779194,0.98251211643219
7,5905,1788548775476588888,881.0778810083866,368.3598573207855,0.9766576290130616
7,5906,1788548775509933333,881.1988278329372,368.0927280560136,0.9834650754928588
7,5907,1788548775543277777,881.2734967172146,363.3515210151672,0.9729525446891784
7,5908,1788548775576611111,880.9278069362044,363.1860150396824,0.980602204799652
7,5909,1788548775609955555,880.6760977506638,360.80525171756744,0.9741591811180116
7,5910,1788548775643300000,880.7681638002396,358.2579075396061,0.979436695575714
7,5911,1788548775676644444,881.06606939435,355.1110305711627,0.9785289764404296
7,5912,1788548775709988888,881.2509163022041,352.45082318782806,0.9749172925949096
7,5913,1788548775743333333,881.5755597949028,349.2797302901745,0.9703468084335328
7,5914,1788548775776677777,881.7602297067642,349.3044976890087,0.9740036129951476
7,5915,1788548775810011111,882.2208856493235,349.4291298687458,0.9734663963317872
7,5916,1788548775843355555,883.1473899632692,349.6751884520054,0.9749745726585388
7,5917,1788548775876700000,884.992097848095,341.09581381827593,0.96421617269516
7,5918,1788548775910044444,885.9407053552568,340.92047742009163,0.9763441681861876
7,5919,1788548775943388888,886.3469859659672,336.1606315076351,0.9133377075195312
7,5920,1788548775976733333,886.2773113250732,330.35059228539467,0.9628684520721436
7,5921,1788548776010077777,885.6894533932209,327.767188757658,0.974790632724762
7,5922,1788548776043411111,885.2473221123219,324.18747137486935,0.9612754583358764
7,5923,1788548776076755555,885.3284312188625,323.0225940775126,0.9699916839599608
7,5924,1788548776110100000,885.9263653531671,319.26244881749153,0.97495698928833
7,5925,1788548776143444444,886.6339537799358,315.93682973086834,0.9516162276268004
7,5926,1788548776176788888,887.1332727372646,313.61610674858093,0.9642903804779052
7,5927,1788548776210133333,887.8930709511042,309.56897008419037,0.9566421508789062
7,5928,1788548776243477777,888.343120932579,306.874663233757,0.9579280614852904
7,5929,1788548776276811111,888.6389817297459,306.44819217920303,0.961208701133728
7,5930,1788548776310155555,889.4815165102482,304.0614213645458,0.952113151550293
7,5931,1788548776343500000,889.8062899559736,303.8750944212079,0.9635393619537354
7,5932,1788548776376844444,891.245336458087,308.4157384932041,0.9605081677436828
7,5933,1788548776410188888,891.9792734496295,311.0148485088721,0.9727318286895752
7,5934,1788548776443533333,892.6280359625816,313.9092687815428,0.9524099230766296
7,5935,1788548776476877777,893.1713856309652,316.2480285614729,0.9629901647567748
7,5936,1788548776510211111,893.8333156704903,319.2642045915127,0.9652527570724488
7,5937,1788548776543555555,893.9499755725265,321.5685434639454,0.9636258482933044
7,5938,1788548776576900000,893.6931506693363,321.83770978450775,0.9675184488296508
7,5939,1788548776610244444,894.5956160724163,327.1159708201885,0.9625044465065002
7,5940,1788548776643588888,895.2384385466576,329.7258538007736,0.9684731364250184
7,5941,1788548776676933333,896.1720713376999,332.38220250606537,0.9678930044174194
7,5942,1788548776710277777,897.3798172771931,334.7542595565319,0.9651539325714112
7,5943,1788548776743611111,898.3137059509754,337.2590008676052,0.9689241051673888
7,5944,1788548776776955555,899.2578342854977,340.41904655098915,0.9663972854614258
7,5945,1788548776810300000,900.1741569489241,345.5676732957363,0.9659857749938964
7,5946,1788548776843644444,899.8916824236512,346.1351218819618,0.9743595719337464
7,5947,1788548776876988888,899.6148207485676,348.5046963095665,0.9693528413772584
7,5948,1788548776910333333,899.6365724503994,351.16176277399063,0.9752598404884338
7,5949,1788548776943677777,899.7254602611065,354.1024295762181,0.9734596610069276
7,5950,1788548776977011111,899.6149994134903,354.1846523284912,0.9749992489814758
7,5951,1788548777010355555,899.9915701020509,356.0805225893855,0.978848934173584
7,5952,1788548777043700000,900.7538388222456,358.5440090596676,0.9761653542518616
7,5953,1788548777077044444,902.1248643919826,363.2320202291012,0.9751843810081482
7,5954,1788548777110388888,903.03700619936,366.4339120388031,0.9687026143074036
7,5955,1788548777143733333,903.7046497762204,369.383203715086,0.9788901805877686
7,5956,1788548777177066666,904.0005311609128,372.350757420063,0.966090440750122
7,5957,1788548777210411111,904.3765496313572,375.55240616202354,0.9764780402183532
7,5958,1788548777243755555,904.6395078599452,378.4495096504688,0.975643277168274
7,5959,1788548777277100000,904.3607226014136,379.7385213673115,0.9815600514411926
7,5960,1788548777310444444,904.9648286662996,384.6899552643299,0.9792189598083496
7,5961,1788548777343788888,904.9215467646718,386.12705735862255,0.9841039180755616
7,5962,1788548777377133333,905.9544952362776,390.7808555215597,0.9832178354263306
7,5963,1788548777410466666,906.2100608348846,391.01031177211553,0.9861826300621032
7,5964,1788548777443811111,906.643452167511,392.0891460031271,0.97561377286911
7,5965,1788548777477155555,908.0968925729394,398.17067644000053,0.9826230406761168
7,5966,1788548777510711111,908.1691890358924,398.68290081620216,0.9871399998664856
7,5967,1788548777544055555,909.0314955897628,403.1370991319418,0.8850790858268738
7,5968,1788548777577400000,910.3704546689988,410.6256811618805,0.9822323322296144
7,5969,1788548777610733333,911.3674092292786,414.7063882946968,0.9662174582481384
7,5970,1788548777644077777,911.8746409714222,418.2028745561838,0.9879326224327089
7,5971,1788548777677422222,912.33143979311,422.1285328269005,0.9655447006225586
7,5972,1788548777710766666,912.7340749502182,425.4614189565182,0.9825697541236876
7,5973,1788548777744111111,913.1247908845544,427.80673007667065,0.9870309233665466
7,5974,1788548777777455555,913.696171462536,430.7603706270456,0.9737253785133362
7,5975,1788548777810800000,914.5620331168176,435.505672454834,0.9771876931190492
7,5976,1788548777844133333,914.8420081138612,439.2223522663117,0.9707114696502686
7,5977,1788548777877477777,914.2269302755594,441.72333338856697,0.9841709136962892
7,5978,1788548777910822222,912.659850269556,443.6565070152282,0.9733038544654846
7,5979,1788548777944166666,911.2607189714907,449.1049772500992,0.9867854118347168
7,5980,1788548777977511111,909.4473150670528,451.8828261420131,0.9837034940719604
7,5981,1788548778010855555,907.4407943189144,452.58035057783127,0.9816974997520448
7,5982,1788548778044200000,905.7371364831924,452.99304738640785,0.9890644550323486
7,5983,1788548778077533333,905.57627338171,458.2751881182194,0.9294108748435974
7,5984,1788548778110877777,906.0151417832822,462.1027916967869,0.984145164489746
7,5985,1788548778144222222,906.5943376123904,464.09384663403034,0.9370366930961608
7,5986,1788548778177566666,909.0546251647174,473.0545377507806,0.9740228056907654
7,5987,1788548778210911111,910.3060545623302,474.9772024601698,0.973787248134613
7,5988,1788548778244255555,912.50268471241,479.2849321067333,0.9687079191207886
7,5989,1788548778277600000,913.8888071030378,480.0507467314601,0.9828279614448548
7,5990,1788548778310933333,915.0104116499424,481.9991232020547,0.9760246276855468
7,5991,1788548778344277777,915.8106031417848,484.05865935236216,0.9536336660385132
7,5992,1788548778377622222,917.5259945988656,490.673487752676,0.965492308139801
7,5993,1788548778410966666,918.1223437711596,492.0490573570132,0.9777970910072328
7,5994,1788548778444311111,919.23549798131,493.95755495131016,0.9698392748832704
7,5995,1788548778477655555,920.8675614893436,496.6674704551697,0.9711111783981324
7,5996,1788548778511000000,922.5970878303052,497.3118608891964,0.9665554165840148
7,5997,1788548778544333333,924.6506921947002,501.6515841782093,0.9637722373008728
7,5998,1788548778577677777,926.5919030606748,506.64096635580063,0.9634278416633606
7,5999,1788548778611022222,928.0625980570912,510.29529321193695,0.960777223110199
7,6000,1788548778644366666,930.0523662604392,514.5657130479813,0.9585974216461182
7,6001,1788548778677711111,931.2470745295286,516.605530321598,0.962546706199646
7,6002,1788548778711055555,931.8179564476012,520.2374620586634,0.9545800685882568
7,6003,1788548778744400000,930.6438710689544,520.5318971276283,0.9541210532188416
7,6004,1788548778777733333,929.9761134572328,524.6376802623272,0.9565309882164
7,6005,1788548778811077777,929.4372749626637,527.1103523597121,0.959289252758026
7,6006,1788548778844422222,930.13668140769,530.2363302856684,0.9498106241226196
7,6007,1788548778877766666,931.0588334947824,530.6156744658947,0.9575819969177246
7,6008,1788548778911111111,932.9339157491922,534.0875513404608,0.9574124813079834
7,6009,1788548778944455555,934.5510233938694,537.3607820272446,0.935797929763794
7,6010,1788548778977800000,934.949738509953,537.006393130403,0.9436593651771544
7,6011,1788548779011133333,935.8311671316624,540.2609958350658,0.8801037669181824
7,6012,1788548779044477777,935.9071050733328,540.0013168748701,0.8800523281097412
7,6013,1788548779077822222,936.759411662817,540.6330374479294,0.7170373201370239
7,6014,1788548779111166666,937.1934933513404,539.9596494212747,0.764581561088562
7,6015,1788548779144511111,937.5760432779788,538.6787188053131,0.8263843059539795
7,6016,1788548779177855555,938.0449629575014,536.0477040708065,0.9021958708763124
7,6017,1788548779211200000,938.800307288766,533.6229307353497,0.932939350605011
7,6018,1788548779244533333,939.1662082076072,532.6393548250198,0.9447364807128906
7,6019,1788548779277877777,939.475406050682,529.0485402606428,0.9535313844680786
7,6020,1788548779311222222,939.5668722689152,525.4628394246101,0.9444005489349364
7,6021,1788548779344566666,939.3493382036686,525.5400175154209,0.9502550363540648
7,6022,1788548779377911111,939.5655120313168,521.2320833653212,0.9459505081176758
7,6023,1788548779411255555,939.6441943645476,516.5647747218609,0.947282075881958
7,6024,1788548779444600000,939.350135654211,516.9282488375902,0.956302523612976
7,6025,1788548779477933333,938.8702222257853,515.6715895831585,0.9535428285598756
7,6026,1788548779511277777,938.6061721146108,514.1879520863295,0.9639131426811218
7,6027,1788548779544622222,938.7924832552671,510.913680665195,0.9586464762687684
7,6028,1788548779577966666,939.0962743535638,509.352379322052,0.9664333462715148
7,6029,1788548779611311111,939.5825464129448,505.35019344091415,0.9571189880371094
7,6030,1788548779644655555,939.776861295104,503.446258187294,0.9645625948905944
7,6031,1788548779678000000,940.0495352856816,499.2904452383518,0.9613553881645204
7,6032,1788548779711333333,940.2572301328182,496.1724210679531,0.9623472094535828
7,6033,1788548779744677777,940.0607407428324,495.34225019812584,0.9640434384346008
7,6034,1788548779778022222,940.0150836948304,491.9103155359626,0.9657867550849916
7,6035,1788548779811366666,939.8533425033092,489.57802617549896,0.968386173248291
7,6036,1788548779844711111,940.0751433894038,485.4317011237145,0.9633342027664183
7,6037,1788548779878055555,940.195829063654,483.6452245116234,0.9718040227890016
7,6038,1788548779911400000,940.6353493928908,479.2647257745266,0.966122567653656
7,6039,1788548779944733333,941.0019077272154,474.6304810345173,0.972523033618927
7,6040,1788548779978077777,941.276845395565,472.57412683963776,0.9708058834075928
7,6041,1788548780011422222,941.5387076437472,468.2547049820423,0.9716163873672484
7,6042,1788548780044766666,941.4900104403496,466.7868109494448,0.9717530012130736
7,6043,1788548780078111111,941.1039437800646,467.0792321562767,0.9781671762466432
7,6044,1788548780111455555,940.7574342936276,467.1215982437134,0.9767158031463624
7,6045,1788548780144800000,940.8486371785402,464.5670365989208,0.9491161704063416
7,6046,1788548780178133333,941.2564702033995,457.5225501060486,0.965651512145996
7,6047,1788548780211477777,941.1903969794512,454.73740884661674,0.9473337531089784
7,6048,1788548780244822222,941.4227080643176,447.468575745821,0.9717023372650146
7,6049,1788548780278166666,941.235611498356,445.9680509530008,0.9822167158126832
7,6050,1788548780311511111,941.0817191675304,441.6293897628784,0.9739019274711608
7,6051,1788548780344855555,940.1996159851552,439.41043812036514,0.9776867628097534
7,6052,1788548780378200000,939.0532530844212,438.4245372712612,0.9776452779769896
7,6053,1788548780411533333,938.5305061638356,435.226735368371,0.9687740802764891
7,6054,1788548780444877777,938.8908310607076,433.62659245729446,0.9749561548233032
7,6055,1788548780478222222,939.5859359800816,431.3315149843693,0.9720006585121156
7,6056,1788548780511566666,939.7159147262572,430.4350749254226,0.9700554609298706
7,6057,1788548780544911111,938.5257515013218,429.9359834715724,0.9709365963935852
7,6058,1788548780578255555,936.8878763467072,427.40718072652817,0.9683841466903688
7,6059,1788548780611600000,935.3295699954032,425.80807112157345,0.9752128720283508
7,6060,1788548780644933333,934.7069477140903,423.6109606921673,0.9775829315185548
7,6061,1788548780678277777,934.6194117069244,422.1369289904833,0.9784930944442748
7,6062,1788548780711622222,935.0281967185438,419.81256522238255,0.974643349647522
7,6063,1788548780744966666,935.315798997879,420.69258654117584,0.9760443568229676
7,6064,1788548780778311111,936.3073411881924,417.8180247247219,0.9701650738716124
7,6065,1788548780811655555,937.4026473462582,416.93037082999945,0.9751389622688292
7,6066,1788548780845000000,938.6514828503132,416.70670995116234,0.9728035926818848
7,6067,1788548780878333333,939.5076389610769,416.4010791480541,0.9740669131278992
7,6068,1788548780911677777,940.8084255307912,412.1317092329264,0.9693871736526488
7,6069,1788548780945022222,941.712050497532,409.1449122875929,0.975175678730011
7,6070,1788548780978366666,942.6499409675598,407.2455257028342,0.9711865186691284
7,6071,1788548781011711111,943.499627828598,404.79298493266106,0.971877098083496
7,6072,1788548781045055555,944.5949591994286,402.8699147552252,0.9729636311531068
7,6073,1788548781078400000,945.383199185133,401.3823215961456,0.9753349423408508
7,6074,1788548781111733333,946.4656371474266,399.710098952055,0.9685315489768982
7,6075,1788548781145077777,947.0682635456324,395.5308780968189,0.9593843817710876
7,6076,1788548781178422222,947.0630344748496,395.6926378309726,0.9712699055671692
7,6077,1788548781211766666,946.8658954948188,395.76782846450806,0.9711817502975464
7,6078,1788548781245111111,946.6571668684484,395.7950165569782,0.9700180292129515
7,6079,1788548781278455555,946.7412478923798,391.2651216983795,0.9371902346611024
7,6080,1788548781311800000,946.6914263367652,386.96355859562755,0.9704089164733888
7,6081,1788548781345133333,945.5536043047904,386.3834672868252,0.9711521863937378
7,6082,1788548781378477777,944.7002931833268,376.4137798845768,0.9589908123016356
7,6083,1788548781411822222,943.7613075375556,372.9062792211771,0.9679081439971924
7,6084,1788548781445166666,943.544701486826,369.56305918097496,0.9570352435112
7,6085,1788548781478511111,943.5089221596718,369.17318242788315,0.9610548615455629
7,6086,1788548781511855555,943.6397722959518,366.83412024378777,0.9569353461265564
7,6087,1788548781545200000,943.5463524758816,366.5493424832821,0.958776354789734
7,6088,1788548781578533333,943.5923478603364,366.3645913004875,0.9617044925689696
7,6089,1788548781611877777,943.578532665968,366.1394320130348,0.9618529677391052
7,6090,1788548781645222222,943.96777240932,356.04288963600993,0.951280415058136
7,6091,1788548781678566666,943.6703425943851,355.2028754800558,0.9628387093544006
7,6092,1788548781711911111,943.8383565992116,350.33231395483017,0.9180219173431396
7,6093,1788548781745255555,944.2448700368404,344.88109915703535,0.9533759355545044
7,6094,1788548781778600000,944.5272306799887,344.09256172925234,0.9598232507705688
7,6095,1788548781811933333,944.9646502807736,343.03647750243545,0.9586102962493896
7,6096,1788548781845277777,945.5463446974754,338.5817708969116,0.9449692964553832
7,6097,1788548781878622222,945.7761545628308,338.2189866155386,0.9576220512390136
7,6098,1788548781911966666,945.8351389914752,337.3662116229534,0.9597733616828918
7,6099,1788548781945311111,946.2011295706034,335.9190185070038,0.955340564250946
7,6100,1788548781978655555,947.2690682411194,340.19600626826286,0.9540775418281556
7,6101,1788548782012000000,948.0093205226584,343.1306254118681,0.9679803848266602
7,6102,1788548782045333333,948.568450063467,346.3686167001724,0.9547544121742249
7,6103,1788548782078677777,947.9105734154582,348.1873408257961,0.9704483151435852
7,6104,1788548782112022222,947.092849008739,350.00914090219885,0.9651124477386476
7,6105,1788548782145366666,947.0704955533148,354.56540697813034,0.9597417712211608
7,6106,1788548782178711111,947.2120148837566,357.71970105171204,0.9662854671478271
7,6107,1788548782212055555,947.7208304703236,360.9216878339648,0.9638045430183412
7,6108,1788548782245400000,948.2974125444888,363.29657965898514,0.9663943648338318
7,6109,1788548782278733333,948.9981364840642,365.9054518714547,0.9664416909217834
7,6110,1788548782312077777,949.3714548945428,368.10826936364174,0.971833348274231
7,6111,1788548782345422222,949.5735641717912,370.5851864516735,0.9636078476905824
7,6112,1788548782378766666,949.314988732338,373.3759201765061,0.96132892370224
7,6113,1788548782412111111,948.5938935875892,373.7095244526863,0.96932452917099
7,6114,1788548782445455555,948.7579088509084,378.0989883542061,0.9673026204109192
7,6115,1788548782478800000,948.7068708837032,381.1628697216511,0.9646791815757751
7,6116,1788548782512133333,949.0084022032096,384.0707044452429,0.972544252872467
7,6117,1788548782545477777,949.2140861749648,385.6691255569458,0.9751479625701904
7,6118,1788548782578822222,949.5585600733756,387.00964363012463,0.969685196876526
7,6119,1788548782612166666,949.881069868803,387.05180529505014,0.9737014770507812
7,6120,1788548782645511111,950.2921938598156,386.8459295928478,0.9717207551002502
7,6121,1788548782678855555,950.6073824763298,386.5876184105873,0.969973921775818
7,6122,1788548782712200000,950.9011108204722,386.8594865202904,0.9789250493049622
7,6123,1788548782745533333,952.8696327209472,396.7005106508732,0.9606621265411376
7,6124,1788548782778877777,953.8828354254364,401.33874171972275,0.961919367313385
7,6125,1788548782812222222,954.4187551140784,404.17559726536274,0.9591764211654664
7,6126,1788548782845566666,954.9232925251126,407.13659270107746,0.960768699645996
7,6127,1788548782878911111,955.8762525767088,411.8279510587454,0.9263296127319336
7,6128,1788548782912255555,956.1234760954976,412.0717842131853,0.9297738075256348
7,6129,1788548782945600000,956.9643281884491,415.465426325798,0.8770526051521301
7,6130,1788548782978933333,957.6928044855596,416.9148369431496,0.8699409365653992
7,6131,1788548783012277777,958.7058089375496,418.9253442063928,0.8554757833480835
7,6132,1788548783045622222,960.43725040555,423.5731976032257,0.8189436197280884
7,6133,1788548783078966666,960.970775384456,426.6478898227215,0.8195740580558777
7,6134,1788548783112311111,961.3677272498608,428.81264171004295,0.7979089617729187
7,6135,1788548783145655555,961.950303800404,431.75055307149887,0.777503252029419
7,6136,1788548783179000000,963.0599084161222,433.9304247871042,0.7537457942962646
7,6137,1788548783212333333,964.0566517300904,436.3703053891659,0.7237187623977661
7,6138,1788548783245677777,965.3753603696824,438.2989038527012,0.7010452747344971
7,6139,1788548783279022222,966.2808370292188,440.74662432074547,0.6832160949707031
7,6140,1788548783312366666,966.9785097800196,442.5561346411705,0.6704984307289124
7,6141,1788548783345711111,967.6043998003006,444.2117691785097,0.6626654863357544
7,6142,1788548783379055555,968.1864880174398,446.49248027801514,0.6423517465591431
7,6143,1788548783412400000,969.6122946441174,450.944528054446,0.6380510926246643
7,6144,1788548783445733333,970.3568210601808,452.39513847231865,0.6363335251808167
7,6145,1788548783479077777,971.3019528090954,456.05880957096815,0.663659930229187
7,6146,1788548783512422222,972.0011064352002,459.77017363905907,0.6978679895401001
7,6147,1788548783545766666,972.669847458601,462.29466742277145,0.7150787711143494
7,6148,1788548783579111111,973.3905076682568,465.43122789263725,0.7171450853347778
7,6149,1788548783612455555,973.468663752079,464.9630310796201,0.7214394807815552
7,6150,1788548783645800000,974.1602510362864,467.8734516054392,0.7332069277763367
7,6151,1788548783679133333,974.8063313364984,468.3138355910778,0.7247150540351868
7,6152,1788548783712477777,974.6334979832172,467.71555203199387,0.726511538028717
7,6153,1788548783745822222,975.1516503095628,472.21288423240185,0.7456009984016418
7,6154,1788548783779166666,975.7728930860758,473.47472923994064,0.7486531138420105
7,6155,1788548783812511111,976.9602489285172,481.1047273725271,0.8383692502975464
7,6156,1788548783845855555,977.2257633954288,483.5852335989475,0.9051705002784728
7,6157,1788548783879200000,977.0898232236505,488.0974982902408,0.936847984790802
7,6158,1788548783912533333,975.9175466001034,490.01788027212024,0.9434043765068054
7,6159,1788548783945877777,975.267933666706,494.46041625738144,0.9534734487533568
7,6160,1788548783979222222,974.7623628228904,496.47678101062775,0.9627496004104614
7,6161,1788548784012566666,974.9143398702143,498.3801740109921,0.9646992683410645
7,6162,1788548784045911111,975.5928989052773,500.39104241132736,0.9495059251785278
7,6163,1788548784079255555,977.0097515378149,504.4707284271717,0.9627816081047058
7,6164,1788548784112600000,977.665474563837,506.9017765372992,0.9597113132476808
7,6165,1788548784145933333,978.4817089438438,511.0434570387006,0.9654914736747742
7,6166,1788548784179277777,978.5733186006546,513.836543649435,0.9577354788780212
7,6167,1788548784212622222,978.7906606346368,517.9275445267558,0.9678886532783508
7,6168,1788548784245966666,979.151726961136,523.187363922596,0.9646838903427124
7,6169,1788548784279311111,978.758341640234,524.0721161440015,0.9680631756782532
7,6170,1788548784312655555,979.2283688485622,529.1256657093763,0.9643955826759338
7,6171,1788548784346000000,979.0261330399662,529.8428072482347,0.9692676663398744
7,6172,1788548784379333333,979.2554383575916,532.425452798605,0.966346025466919
7,6173,1788548784412677777,979.608717739582,534.9609041251242,0.960118055343628
7,6174,1788548784446022222,980.1400685161352,538.2597644627094,0.9666454792022704
7,6175,1788548784479366666,980.1882949769496,540.1259876638651,0.961813747882843
7,6176,1788548784512711111,980.4565837085248,543.0085196811706,0.9661875367164612
7,6177,1788548784546055555,980.4382883012296,545.2787709236145,0.9609944224357604
7,6178,1788548784579400000,980.712837845087,548.1853212118149,0.9581015110015868
7,6179,1788548784612733333,981.2021500468254,552.6108010113239,0.8778998851776123
7,6180,1788548784646077777,981.1695340275764,553.8347756266594,0.858284056186676
7,6181,1788548784679422222,981.63208848238,554.9403596334159,0.8126108646392822
7,6182,1788548784712766666,982.4826788902284,553.8145166486502,0.8199617862701416
7,6183,1788548784746111111,983.237489014864,552.2884754240513,0.8378331065177917
7,6184,1788548784779455555,984.2994340360164,547.976765235886,0.9071546792984008
7,6185,1788548784812788888,984.6274499893188,545.0709805712104,0.9358609914779664
7,6186,1788548784846133333,984.3705654740334,538.9148334562778,0.9351659417152404
7,6187,1788548784879477777,983.8721940219402,537.6991986036301,0.9397629499435424
7,6188,1788548784912822222,983.7800019979476,532.5832925140858,0.9165453910827636
7,6189,1788548784946166666,984.0004766272032,532.0154189644381,0.9235050678253174
7,6190,1788548784979511111,984.4453251361848,529.6240627765656,0.9072123169898988
7,6191,1788548785012855555,984.8136160969734,523.9901466434821,0.901961088180542
7,6192,1788548785046188888,984.4862892627716,523.7718302607536,0.902179479598999
7,6193,1788548785079533333,984.3002174794674,522.0977309793234,0.9082520604133606
7,6194,1788548785112877777,984.1391859650612,519.251556456089,0.9069262146949768
7,6195,1788548785146222222,983.925078585744,519.0160526260734,0.911216676235199
7,6196,1788548785179566666,984.0308779571204,518.6124953329563,0.906173586845398
7,6197,1788548785212911111,985.0529382675886,511.02771596610546,0.8998562693595886
7,6198,1788548785246255555,985.4667649567128,510.03962417691946,0.9075387120246888
7,6199,1788548785279588888,987.0378796681762,500.1355463415384,0.9507259130477904
7,6200,1788548785312933333,987.1717758923768,499.3926633000374,0.9630903601646424
7,6201,1788548785346277777,987.1348975151776,497.5531105995178,0.9633079171180724
7,6202,1788548785379622222,987.4446263611316,493.9528517536819,0.9580821394920348
7,6203,1788548785412966666,987.7475184202194,491.6318045556545,0.9487910866737366
7,6204,1788548785446311111,987.7770702242852,491.255027025938,0.9531716704368592
7,6205,1788548785479655555,987.7995928674936,486.6624290943146,0.9174808263778688
7,6206,1788548785512988888,987.7433371841908,483.65539652109146,0.9028838872909546
7,6207,1788548785546333333,987.9723170492798,480.1468414664269,0.8090600967407227
7,6208,1788548785579677777,987.977669082582,478.3183779716492,0.7633915543556213
7,6209,1788548785613022222,988.2155847847462,473.0665156170726,0.6616440415382385
7,6210,1788548785646366666,988.1412008553744,471.82485200464725,0.6503990888595581
7,6211,1788548785679711111,988.5532138645648,465.65542739629745,0.6185145974159241
7,6212,1788548785713055555,988.5763542354108,463.35741606354713,0.6277499198913574
7,6213,1788548785746388888,988.4380519688128,462.69141548871994,0.6317585110664368
7,6214,1788548785779733333,988.8729621618986,457.8775999248028,0.6568580269813538
7,6215,1788548785813077777,989.1772919893264,456.7733391225338,0.6776230931282043
7,6216,1788548785846422222,989.767756074667,453.9945789505728,0.6911230683326721
7,6217,1788548785879766666,989.976900190115,453.84662768244743,0.6945257782936096
7,6218,1788548785913111111,989.843459904194,454.0511261485517,0.6946797966957092
8,6517,1788548795882622222,861.3333333333334,418.6666666666667,1.0
8,6518,1788548795915966666,860.8461428433657,418.84391854703426,0.997334897518158
8,6519,1788548795949311111,860.8401680439711,418.79136584699154,0.9961020946502686
8,6520,1788548795982644444,861.2326706200838,420.0237845312804,0.9606820344924928
8,6521,1788548796015988888,861.5489202141762,420.7315621674061,0.8832257390022278
8,6522,1788548796049333333,862.1412292569876,433.5669898092747,0.736513078212738
8,6523,1788548796082677777,863.080327488482,436.60378244519234,0.9240597486495972
8,6524,1788548796116022222,862.9806262999773,436.8345615565777,0.9313392639160156
8,6525,1788548796149366666,863.097624309361,439.4994142353534,0.9436020851135254
8,6526,1788548796182711111,863.2339738607407,442.9655577465892,0.8773541450500488
8,6527,1788548796216044444,863.4070973098278,447.4581309854984,0.9406818747520448
8,6528,1788548796249388888,863.5304513275623,450.8487776517868,0.8606225848197937
8,6529,1788548796282733333,864.1544504612684,458.02189267612994,0.8821462988853455
8,6530,1788548796316077777,864.489586442709,461.8935940787196,0.940511167049408
8,6531,1788548796349422222,864.3435746431351,461.4387608766556,0.9412921071052552
8,6532,1788548796382766666,864.720156878233,464.5777749121189,0.942193865776062
8,6533,1788548796416111111,865.1853118538857,468.5496291220188,0.8604722023010254
8,6534,1788548796449444444,865.6561943888664,473.12727527320385,0.9466002583503724
8,6535,1788548796482788888,866.128039509058,477.43476873636246,0.8590710759162903
8,6536,1788548796516133333,866.743237555027,482.22847759723663,0.9419469237327576
8,6537,1788548796549477777,867.6260895133018,489.3292723596096,0.9298768639564514
8,6538,1788548796582822222,867.9651503786445,490.1589425653219,0.9434425234794616
8,6539,1788548796616166666,868.9407276511192,497.3725021779537,0.9321668148040771
8,6540,1788548796649511111,869.6727645397186,501.9575591124594,0.8574479818344116
8,6541,1788548796682844444,870.5143154263496,506.1299046278,0.9379943609237672
8,6542,1788548796716188888,871.3006955981255,510.3284749388695,0.8625278472900391
8,6543,1788548796749533333,872.2084309160709,514.8978811576962,0.9322073459625244
8,6544,1788548796782877777,873.2262305915356,522.3855067491531,0.9225762486457824
8,6545,1788548796816222222,873.666145324707,523.874280706048,0.9164100885391236
8,6546,1788548796849566666,874.7831774652004,529.0521810986102,0.768783688545227
8,6547,1788548796882911111,875.0937673822045,529.8703560084105,0.7571203708648682
8,6548,1788548796916244444,875.5,533.5,0.6853633904457093
8,6549,1788548796949588888,875.5,533.5,0.6928668057918549
8,6550,1788548796982933333,875.5,533.5,0.6937491023540496
8,6551,1788548797016277777,877.478119790554,529.9202911555767,0.8473780751228333
8,6552,1788548797049622222,878.2673785686493,527.6817597448826,0.8870757222175598
8,6553,1788548797082966666,879.78560782969,524.1728919893503,0.8482463955879211
8,6554,1788548797116311111,880.5858673751354,521.3846135437489,0.9097874760627748
8,6555,1788548797149644444,880.4963669776917,520.6634572148323,0.8658945560455322
8,6556,1788548797182988888,879.367723762989,515.581647336483,0.8104446530342102
8,6557,1788548797216333333,879.1772454530001,512.1251301169395,0.7992977499961853
8,6558,1788548797249677777,879.202389344573,508.7060403227806,0.8440220355987549
8,6559,1788548797283022222,879.2125295102596,505.2438060492277,0.8913663029670715
8,6560,1788548797316366666,879.8228478431702,503.0510997585952,0.8176321387290955
8,6561,1788548797349711111,880.8400523066521,496.46899777650833,0.8154646158218384
8,6562,1788548797383044444,881.2086814343929,490.4520833790302,0.8405793905258179
8,6563,1788548797416388888,881.3058373034,490.1620710492134,0.8361032009124756
8,6564,1788548797449733333,881.3094352185726,486.1381076127291,0.9452906250953674
8,6565,1788548797483077777,880.8260495960712,486.36665350198746,0.9439422488212584
8,6566,1788548797516422222,881.3612749278545,480.78470070660114,0.8401117324829102
8,6567,1788548797549766666,881.7124871909618,476.40766993165016,0.8484540581703186
8,6568,1788548797583111111,882.6666020154953,472.3898871541023,0.8468336462974548
8,6569,1788548797616444444,882.9015920013189,469.22971327602863,0.8583303689956665
8,6570,1788548797649788888,884.091171644628,464.8605709671974,0.8552484512329102
8,6571,1788548797683133333,884.4287070930004,462.5577890574932,0.8537840247154236
8,6572,1788548797716477777,884.956559844315,458.6392450630665,0.8880384564399719
8,6573,1788548797749822222,884.9399781785905,456.7904863059521,0.8711344599723816
8,6574,1788548797783166666,885.0913671627641,452.3735068142414,0.8669583797454834
8,6575,1788548797816511111,884.9844648605213,450.843206167221,0.8253154158592224
8,6576,1788548797849844444,884.9687098823488,446.01420666091144,0.8746320009231567
8,6577,1788548797883188888,884.7248917520046,440.803249835968,0.7763410806655884
8,6578,1788548797916533333,884.7291999459267,439.2069661617279,0.7565060257911682
8,6579,1788548797949877777,885.1510866880417,431.75326342880726,0.8137040138244629
8,6580,1788548797983222222,885.2753358781338,429.973486604169,0.8519009351730347
8,6581,1788548798016566666,885.3782471120358,426.7234844565391,0.8269535303115845
8,6582,1788548798049911111,885.7883574664593,423.27734366059303,0.8331876993179321
8,6583,1788548798083244444,886.5641086399555,416.5899049639702,0.9010533094406128
8,6584,1788548798116588888,886.8936069756746,414.8219212144613,0.8771341443061829
8,6585,1788548798149933333,887.8225459009409,409.0068659838289,0.9184055924415588
8,6586,1788548798183277777,888.2147154510021,407.8966069146991,0.8990790247917175
8,6587,1788548798216622222,888.76192933321,402.786743119359,0.9342215061187744
8,6588,1788548798249966666,889.2763356864452,398.2599224150181,0.9163289070129396
8,6589,1788548798283311111,889.535629183054,397.2895891666413,0.94124174118042
8,6590,1788548798316644444,889.6659086048603,395.155297935009,0.9256372451782228
8,6591,1788548798349988888,890.0616019405425,389.5157924294472,0.8622297644615173
8,6592,1788548798383333333,890.1862960159779,388.7456129789352,0.9263936281204224
8,6593,1788548798416677777,890.4094085991383,384.47101548314095,0.9049862623214722
8,6594,1788548798450022222,890.7426681518555,382.7214883267879,0.9480149745941162
8,6595,1788548798483366666,891.3694126605988,379.1539225578308,0.9175328612327576
8,6596,1788548798516711111,892.0886133015156,376.0989354401827,0.9300930500030518
8,6597,1788548798550044444,892.8119152635336,372.3192975819111,0.92537122964859
8,6598,1788548798583388888,893.63019785285,368.19433565437794,0.8944175243377686
8,6599,1788548798616733333,894.3311977982521,365.7186635732651,0.92149156332016
8,6600,1788548798650077777,894.9073917344213,361.96894985996187,0.9085653424263
8,6601,1788548798683422222,895.4741775393486,359.501915037632,0.9217140078544616
8,6602,1788548798716766666,896.1016007587314,355.7100456357002,0.9039322137832642
8,6603,1788548798750111111,896.7921097278595,352.40400356054306,0.9219931960105896
8,6604,1788548798783444444,897.7995495051146,346.0241007693112,0.914137363433838
8,6605,1788548798816788888,898.1138482987881,346.4482287168503,0.9218695759773254
8,6606,1788548798850133333,898.220849364996,345.31137278676033,0.9220688343048096
8,6607,1788548798883477777,898.5867619216442,340.1303371191025,0.8872721195220947
8,6608,1788548798916822222,899.0142851173878,336.66546508669853,0.9183476567268372
8,6609,1788548798950166666,899.1282514631748,336.44075390696526,0.9219987988471984
8,6610,1788548798983511111,899.9421485513449,334.33665695786476,0.915351390838623
8,6611,1788548799016844444,900.4991419911385,334.5488728284836,0.9135714769363404
8,6612,1788548799050188888,902.2287469506264,341.61801648139954,0.8319713473320007
8,6613,1788548799083533333,903.0547196082772,342.6547457873821,0.8253202438354492
8,6614,1788548799116877777,903.8245711028576,351.0655337050557,0.8446943759918213
8,6615,1788548799150222222,904.7715703994036,357.4251227080822,0.8379549384117126
8,6616,1788548799183566666,904.4175752103328,358.16870653629303,0.8206101059913635
8,6617,1788548799216911111,904.1787627786398,362.64044040441513,0.8944513201713562
8,6618,1788548799250244444,904.09686563164,364.72338703274727,0.915579319000244
8,6619,1788548799283588888,904.36310967803,369.1334186643362,0.8949267268180847
8,6620,1788548799316933333,904.4390547275544,371.85923747718334,0.9018852114677428
8,6621,1788548799350277777,904.7717532664536,374.64294308424,0.9244500398635864
8,6622,1788548799383622222,905.0026014619508,375.491098433733,0.887309730052948
8,6623,1788548799416966666,905.8092904686928,380.6215675473213,0.9186787009239196
8,6624,1788548799450311111,906.9156146273016,385.8961814492941,0.8610693216323853
8,6625,1788548799483644444,907.764316767454,388.5770972967148,0.8663514852523804
8,6626,1788548799516988888,908.4857652187349,393.95781368389726,0.8399707674980164
8,6627,1788548799550333333,908.8647875785828,396.3309143185615,0.8412982821464539
8,6628,1788548799583677777,908.302498281002,403.0855944156647,0.8032428622245789
8,6629,1788548799617022222,907.673707574606,405.71852347254753,0.7634013891220093
8,6630,1788548799650366666,907.3877402245998,405.3565398454666,0.7601128816604614
8,6631,1788548799683711111,907.8768222332,408.5042128264904,0.7880433201789856
8,6632,1788548799717044444,908.8850248530508,411.3156705200672,0.8126916289329529
8,6633,1788548799750388888,910.1947525143624,419.57030138373375,0.8171474933624268
8,6634,1788548799783733333,911.5955004692078,423.0938687995076,0.859174907207489
8,6635,1788548799817077777,911.7503291368484,423.00158785132226,0.8477476239204407
8,6636,1788548799850422222,911.824676528573,426.470030516386,0.7524697184562683
8,6637,1788548799883766666,911.991715730168,431.60875803232193,0.8065242171287537
8,6638,1788548799917111111,912.2223420590162,439.26178854703903,0.7782689332962036
8,6639,1788548799950444444,912.696306437254,440.0761679559946,0.8489623665809631
8,6640,1788548799983788888,912.3202179968356,439.7452934682369,0.8467636108398438
8,6641,1788548800017133333,912.1417903900146,439.2564026415348,0.8461210131645203
8,6642,1788548800050477777,912.66826492548,444.85530135035515,0.9231058955192566
8,6643,1788548800083822222,912.9161499366164,445.2295333892107,0.9472890496253968
8,6644,1788548800117166666,914.1925100386144,456.183550670743,0.7326036691665649
8,6645,1788548800150511111,914.9305574372412,458.8341079801321,0.941140353679657
8,6646,1788548800183844444,915.46837118268,461.07704056054354,0.8812230229377747
8,6647,1788548800217188888,916.2214488089083,464.8763629645109,0.9411118030548096
8,6648,1788548800250533333,917.202670007944,471.92681285738945,0.8641019463539124
8,6649,1788548800283877777,917.4999453425409,472.5820586085319,0.8736686706542969
8,6650,1788548800317222222,917.9138157591224,473.7785788327455,0.9204232096672058
8,6651,1788548800350566666,918.4822096526624,475.8499980419874,0.8761981725692749
8,6652,1788548800383911111,918.7278375327588,484.5172231495381,0.7894245982170105
8,6653,1788548800417244444,919.2462951540948,487.1599750071764,0.8943111896514893
8,6654,1788548800450588888,919.6409686207772,491.0763901472092,0.831104040145874
8,6655,1788548800483933333,920.0277896746992,495.3792304098606,0.8465915322303772
8,6656,1788548800517277777,921.220320791006,498.6028681397438,0.8516376614570618
8,6657,1788548800550622222,921.7352290153505,499.0006528890808,0.8387538194656372
8,6658,1788548800583966666,922.617626041174,506.3227680027485,0.8650733828544617
8,6659,1788548800617311111,922.6175475418568,507.3763422369957,0.8535289168357849
8,6660,1788548800650644444,923.3708958625792,516.9895912948996,0.8741478323936462
8,6661,1788548800683988888,923.8692160248756,517.7693991810083,0.8767126798629761
8,6662,1788548800717333333,924.13801497221,520.919119104743,0.8592542409896851
8,6663,1788548800750677777,923.9804069753736,521.6567639708519,0.8426898717880249
8,6664,1788548800784022222,924.0540766976774,528.3753785192966,0.8519644737243652
8,6665,1788548800817366666,924.3026020526886,530.0155526846647,0.8456042408943176
8,6666,1788548800850711111,925.2317014634608,535.7363891899586,0.8869377970695496
8,6667,1788548800884044444,925.5267940163612,535.5854126513004,0.8831807971000671
8,6668,1788548800917388888,925.7348092198372,535.2581248283386,0.8866551518440247
8,6669,1788548800950733333,926.1774639040232,535.0561375878751,0.885516345500946
8,6670,1788548800984077777,927.9147812724112,537.1586455702782,0.7028458714485168
8,6671,1788548801017422222,928.0886283814908,537.014962380752,0.695044994354248
8,6672,1788548801050766666,928.167280435562,536.7999326735735,0.728734016418457
8,6673,1788548801084111111,928.161429196596,529.1640268862247,0.8254326581954956
8,6674,1788548801117444444,927.8489969819784,528.4266736507416,0.8394064903259277
8,6675,1788548801150788888,928.8038360476494,523.501992046833,0.8134526610374451
8,6676,1788548801184133333,929.31366237998,516.2006593942642,0.8718823790550232
8,6677,1788548801217477777,929.7749639302492,515.9095482602715,0.8711473941802979
8,6678,1788548801250822222,930.328025996685,515.5947768688202,0.8648969531059265
8,6679,1788548801284166666,930.7794569134712,515.6431318819523,0.8637163043022156
8,6680,1788548801317511111,930.723643362522,513.6571095585823,0.7499937415122986
8,6681,1788548801350844444,932.150222197175,502.304960668087,0.8351607918739319
8,6682,1788548801384188888,931.8834264576436,502.8873180001974,0.8462157845497131
8,6683,1788548801417533333,932.732472538948,489.5694123506546,0.9114145636558532
8,6684,1788548801450877777,932.2299829274416,489.55828389525414,0.9285392761230468
8,6685,1788548801484222222,932.055336073041,482.958113051951,0.9289882183074952
8,6686,1788548801517566666,931.3074585199356,483.1156390532851,0.9372472763061525
8,6687,1788548801550911111,930.2861784100533,481.4043838977814,0.8487901091575623
8,6688,1788548801584244444,929.291963726282,481.49448016285896,0.8227884769439697
8,6689,1788548801617588888,928.943689994514,478.9354711472988,0.8331149816513062
8,6690,1788548801650933333,928.6972873210908,471.15572211146355,0.8023654222488403
8,6691,1788548801684277777,929.2756943702698,464.1243700757623,0.8736773133277893
8,6692,1788548801717622222,929.1106522679328,464.23979975283146,0.8645235896110535
8,6693,1788548801750966666,929.266606003046,462.6054578125477,0.8107143044471741
8,6694,1788548801784311111,929.4458855390548,457.8359496146441,0.7971101403236389
8,6695,1788548801817644444,929.1676554977894,458.02702299132943,0.796142578125
8,6696,1788548801850988888,928.7635078877212,458.1941760480404,0.7997568845748901
8,6697,1788548801884333333,928.9536501914264,456.19323436915874,0.7585450410842896
8,6698,1788548801917677777,929.9520201086998,444.90923047065735,0.8151471614837646
8,6699,1788548801951022222,930.3515323400496,444.7643325775862,0.8206497430801392
8,6700,1788548801984366666,931.9068844243884,431.1113164573908,0.8849095106124878
8,6701,1788548802017711111,932.3552700281144,429.6829355955124,0.9380988478660583
8,6702,1788548802051044444,932.886665314436,423.0468516610563,0.9231456518173218
8,6703,1788548802084388888,933.0964818298816,421.3321582078934,0.939358651638031
8,6704,1788548802117733333,933.5377708077432,417.0525847412646,0.8805365562438965
8,6705,1788548802151077777,933.8469896167516,415.54431688785553,0.8847182393074036
8,6706,1788548802184422222,934.418485313654,409.25409176945686,0.8447690010070801
8,6707,1788548802217766666,934.6747045814992,406.36070492863655,0.8794222474098206
8,6708,1788548802251100000,935.1339341104032,399.416584610939,0.8520907759666443
8,6709,1788548802284444444,935.164266899228,399.2087881267071,0.8613201379776001
8,6710,1788548802317788888,935.3312803208828,398.93393245339394,0.861868143081665
8,6711,1788548802351133333,935.5934297442436,398.46564078330994,0.8552794456481934
8,6712,1788548802384477777,937.0305813513696,387.4482142031193,0.7887097001075745
8,6713,1788548802417822222,938.0389667078852,384.127048894763,0.932238221168518
8,6714,1788548802451166666,938.9116477444768,382.504959911108,0.8694668412208557
8,6715,1788548802484511111,940.4940281510352,368.6144956946373,0.9174712896347046
8,6716,1788548802517844444,940.7075784504414,367.43718242645264,0.9115450978279114
8,6717,1788548802551188888,940.9096092358232,361.4378609359264,0.7871263027191162
8,6718,1788548802584533333,940.5759394466876,360.7687376141548,0.8414713144302368
8,6719,1788548802617877777,940.8394936025144,359.45720821619034,0.8468788266181946
8,6720,1788548802651222222,940.7821487337352,359.21443815529346,0.8458435535430908
8,6721,1788548802684566666,941.2215522527696,358.763763487339,0.8432199954986572
8,6722,1788548802717900000,942.328392714262,353.6545985341072,0.7129957675933838
8,6723,1788548802751244444,943.2830154895782,342.898783005774,0.8564340472221375
8,6724,1788548802784588888,944.191073551774,341.4244908094406,0.8705651760101318
8,6725,1788548802817933333,945.6507340073586,330.1877006292343,0.905521035194397
8,6726,1788548802851277777,945.8344726115464,326.1188965514302,0.9017111659049988
8,6727,1788548802884622222,945.9603806994857,323.0553423576057,0.9145426750183104
8,6728,1788548802917966666,945.966720558703,323.1381667852402,0.9178529977798462
8,6729,1788548802951300000,945.892548494041,322.79623217880726,0.9174464344978333
8,6730,1788548802984644444,946.4055121541024,315.87441700696945,0.901190459728241
8,6731,1788548803017988888,946.5069345831872,315.5630005300045,0.9094555377960204
8,6732,1788548803051333333,947.9649137333035,326.6501864492893,0.7062090039253235
8,6733,1788548803084677777,948.4673320651054,330.28571036458015,0.8229762315750122
8,6734,1788548803118022222,949.0858586654068,329.39395102858543,0.8250349760055542
8,6735,1788548803151366666,950.2191757410764,334.7814621478319,0.8516680598258972
8,6736,1788548803184700000,951.6984685361384,336.9055099710822,0.8559347987174988
8,6737,1788548803218044444,952.8956527635456,342.08112351596355,0.8476723432540894
8,6738,1788548803251388888,953.612744987011,344.4303402006626,0.8680010437965393
8,6739,1788548803284733333,953.9008437842132,346.9566062986851,0.9196445941925048
8,6740,1788548803318077777,953.7120361626148,348.74431848526,0.9260513186454772
8,6741,1788548803351422222,953.6143670380116,354.47000855207443,0.8787986636161804
8,6742,1788548803384766666,953.657215476036,357.7346939444542,0.9229871034622192
8,6743,1788548803418100000,954.1098798960448,362.6382657289505,0.8968467712402344
8,6744,1788548803451444444,955.1067152619362,370.7260071635246,0.8903894424438477
8,6745,1788548803484788888,956.0031741138082,373.5614269375801,0.9302663207054138
8,6746,1788548803518133333,956.8531350195408,376.0879053100944,0.8967024683952332
8,6747,1788548803551477777,957.6094671487808,381.8677411973477,0.9299777746200562
8,6748,1788548803584822222,958.0046819816343,385.0987236648798,0.8792359232902527
8,6749,1788548803618166666,958.3609873056412,391.42776641249657,0.92839777469635
8,6750,1788548803651500000,958.2505089640616,393.95803498104215,0.8892269134521484
8,6751,1788548803684844444,958.6867348253728,399.2966489493847,0.90598326921463
8,6752,1788548803718188888,958.682010859251,401.4746447503567,0.8806405663490295
8,6753,1788548803751533333,958.8709583431482,406.49284276366234,0.9247755408287048
8,6754,1788548803784877777,958.9581253044308,412.415762424469,0.90927392244339
8,6755,1788548803818222222,959.1390740126373,416.340287566185,0.8840838074684143
8,6756,1788548803851566666,959.4797658324242,420.48616030812263,0.930376410484314
8,6757,1788548803884900000,959.6858003735542,421.224203646183,0.9280177354812622
8,6758,1788548803918244444,959.8694025427104,423.3093331158161,0.9348079562187196
8,6759,1788548803951588888,959.90939668566,425.48142924904823,0.874060869216919
8,6760,1788548803984933333,960.0510939247906,429.8940179347992,0.9355736970901488
8,6761,1788548804018277777,960.3438829183578,436.4079021513462,0.8571687340736389
8,6762,1788548804051622222,960.7123243510724,439.19956646859646,0.8723508715629578
8,6763,1788548804084966666,961.0158879067748,443.10926605015993,0.8468752503395081
8,6764,1788548804118300000,960.7054729163648,442.82564759254456,0.8492676615715027
8,6765,1788548804151644444,960.7957867532969,445.0495813302696,0.9011829495429992
8,6766,1788548804184988888,960.6941012144088,445.1384331583977,0.8848198056221008
8,6767,1788548804218333333,960.4639517068864,444.8316297382116,0.8825039267539978
8,6768,1788548804251677777,960.1501997560264,444.4110281467438,0.8832803964614868
8,6769,1788548804285022222,961.226559907198,460.0006256535417,0.825546145439148
8,6770,1788548804318366666,960.9301128089428,459.8420449495315,0.854520320892334
8,6771,1788548804351700000,960.6692912578584,459.4821133315563,0.8547032475471497
8,6772,1788548804385044444,961.8939277976752,471.7987176030874,0.8181285262107849
8,6773,1788548804418388888,961.5540970265864,472.0674504637718,0.8174153566360474
8,6774,1788548804451733333,961.9199061766268,480.0662210211158,0.7915167808532715
8,6775,1788548804485077777,962.5437527000904,482.3145172894001,0.8379473686218262
8,6776,1788548804518422222,963.0057324967348,486.3176955282688,0.8442956209182739
8,6777,1788548804551766666,963.1919909119606,487.8475258648395,0.888714075088501
8,6778,1788548804585100000,963.006852011662,488.6655844449997,0.8926127552986145
8,6779,1788548804618444444,963.092241063714,489.90730763971806,0.8876793384552002
8,6780,1788548804651788888,963.5264529287816,495.80358688533306,0.8785862326622009
8,6781,1788548804685133333,963.4532718360424,496.03291176632047,0.8785681128501892
8,6782,1788548804718477777,964.014126927592,502.5958456993103,0.869225263595581
8,6783,1788548804751822222,964.0740238949656,503.314327031374,0.8740386366844177
8,6784,1788548804785166666,965.06251886487,509.6968179047108,0.8854460716247559
8,6785,1788548804818500000,965.28517511487,512.1691548526287,0.9011956453323364
8,6786,1788548804851844444,965.4608974456788,513.7102468907833,0.892777681350708
8,6787,1788548804885188888,965.3935340940952,516.7739850878716,0.8461164236068726
8,6788,1788548804918533333,965.757161065936,519.1056433320045,0.7925028204917908
8,6789,1788548804951877777,965.8953937739134,519.4631040394306,0.6477512717247009
8,6790,1788548804985222222,965.6960968971252,519.0478467680514,0.6996002197265625
8,6791,1788548805018566666,966.065868102014,516.8588282167912,0.8420193791389465
8,6792,1788548805051900000,966.0854037478566,515.8582170009613,0.8471332788467407
8,6793,1788548805085244444,966.573447316885,510.30831801891327,0.8528150320053101
8,6794,1788548805118588888,966.9196049422026,509.17783249914646,0.8476977944374084
8,6795,1788548805151933333,966.8418212980032,502.3218198120594,0.8671678304672241
8,6796,1788548805185277777,966.8554422706366,501.7576974183321,0.8630502223968506
8,6797,1788548805218622222,966.748778641224,495.7715740799904,0.8786795139312744
8,6798,1788548805251966666,966.0281807724386,492.3699947297573,0.8362301588058472
8,6799,1788548805285300000,965.9549244120716,489.4726648628712,0.8424055576324463
8,6800,1788548805318644444,966.1180319711566,485.53896644711494,0.8185286521911621
8,6801,1788548805351988888,966.4427929520608,481.5100067853928,0.8864520192146301
8,6802,1788548805385333333,966.2095129936934,479.24955371022224,0.9100754857063292
8,6803,1788548805418677777,966.3545749485492,476.4755421280861,0.9254763126373292
8,6804,1788548805452022222,967.1299126446248,469.57243716716766,0.9214126467704772
8,6805,1788548805485366666,967.667961359024,466.22661259770393,0.8461054563522339
8,6806,1788548805518700000,968.5206044316292,461.7673619687557,0.81232750415802
8,6807,1788548805552044444,969.2398675978184,459.16723434627056,0.8503270745277405
8,6808,1788548805585388888,969.9400800094008,454.2941030561924,0.8454316258430481
8,6809,1788548805618733333,969.9731634370984,450.9053635522723,0.8999442458152771
8,6810,1788548805652077777,969.633689135313,449.11161939799786,0.9142141342163086
8,6811,1788548805685422222,969.755421563983,445.74464696645737,0.9212077260017396
8,6812,1788548805718766666,969.8335457742214,445.9018135741353,0.9284592270851136
8,6813,1788548805752100000,971.2316547632216,439.3176760673523,0.9128289818763732
8,6814,1788548805785444444,971.7879520058632,438.9489248134196,0.9262648224830629
8,6815,1788548805818788888,973.2005713135004,432.3221364617348,0.9145764112472534
8,6816,1788548805852133333,973.7859565317632,429.08681765943766,0.871516227722168
8,6817,1788548805885477777,974.2746481895448,424.7162538468838,0.8902195692062378
8,6818,1788548805918822222,974.734803378582,423.3564710319042,0.8057402968406677
8,6819,1788548805952166666,975.4238998889924,417.32782742381096,0.8371951580047607
8,6820,1788548805985500000,976.347247838974,412.70662918686867,0.7714962363243103
8,6821,1788548806018844444,978.0260354094208,410.7569461017847,0.7784528136253357
8,6822,1788548806052188888,975.6723226904868,406.6965072453022,0.7650413513183594
8,6823,1788548806085533333,976.4822671115398,405.2119628638029,0.7208300232887268
8,6824,1788548806118877777,976.4500668346882,402.3064423799515,0.7137776017189026
8,6825,1788548806152222222,976.7893642038108,398.54343113303185,0.6774017810821533
8,6826,1788548806185566666,976.3170683681964,392.00541404262185,0.8860101103782654
8,6827,1788548806218900000,976.6901708245276,389.42078042030334,0.8427364230155945
8,6828,1788548806252244444,977.3705743849276,382.0113990744576,0.8964049220085144
8,6829,1788548806285588888,978.065796136856,376.72021809220314,0.8971477150917053
8,6830,1788548806318933333,978.6969241797924,374.7512643188238,0.915766716003418
8,6831,1788548806352277777,978.9138985723256,374.725332647562,0.9187946319580078
8,6832,1788548806385622222,979.1009802222252,373.10158168524504,0.8940765857696533
8,6833,1788548806418966666,979.5099177360536,367.4229572713375,0.9172444939613342
8,6834,1788548806452300000,979.2982912659644,367.3464552760124,0.9281191229820251
8,6835,1788548806485644444,980.0387376919388,355.4679334759712,0.7428730130195618
8,6836,1788548806518988888,980.647828668356,352.6613627076149,0.9238134622573853
8,6837,1788548806552333333,981.3600299060344,347.95102839916945,0.9011738300323486
8,6838,1788548806585677777,982.12771807611,345.28242057561874,0.9210721850395204
8,6839,1788548806619022222,982.4524710476398,345.3265568315983,0.9224703311920166
8,6840,1788548806652366666,982.7976905107498,345.6849474608898,0.9251837134361268
8,6841,1788548806685700000,982.8260741531848,346.10701310634613,0.9267346262931824
8,6842,1788548806719044444,983.5075329244136,340.3209952712059,0.758934736251831
8,6843,1788548806752388888,984.2272163331507,333.47381392121315,0.9152493476867676
8,6844,1788548806785733333,984.687038064003,332.5139038860798,0.8976126909255981
8,6845,1788548806819077777,985.9467730671169,319.0325239598751,0.9027782082557678
8,6846,1788548806852422222,986.2882288098336,317.98014278896153,0.912131369113922
8,6847,1788548806885766666,987.0754984170198,311.6322841346264,0.8996931910514832
8,6848,1788548806919100000,987.4746777415276,310.9897371092811,0.9065901637077332
8,6849,1788548806952444444,988.2772098183632,308.53028947114944,0.9003372192382812
8,6850,1788548806985788888,988.560823738575,309.1481568515301,0.9122382402420044
8,6851,1788548807019133333,989.0367519669236,313.3281950056553,0.9067522287368774
8,6852,1788548807052477777,989.1438046991824,315.1459286957979,0.910829484462738
8,6853,1788548807085822222,989.8215966820716,321.9040700867772,0.8736750483512878
8,6854,1788548807119166666,989.8274896889924,323.73576778173447,0.8915827870368958
8,6855,1788548807152500000,990.1832439303398,329.8888577222824,0.8633815050125122
8,6856,1788548807185844444,989.7541085779668,333.3225795030594,0.7863345146179199
8,6857,1788548807219188888,990.7177209854126,341.8759226873517,0.9218827486038208
8,6858,1788548807252533333,990.8465930372475,344.9193696305156,0.920625388622284
8,6859,1788548807285877777,991.097933202982,346.3032904267311,0.920962393283844
8,6860,1788548807319222222,991.6516601443292,350.6751635968685,0.8952917456626892
8,6861,1788548807352566666,992.0611199997364,352.8442978709936,0.922568678855896
8,6862,1788548807385900000,992.5584689676762,357.8859729245305,0.8863644599914551
8,6863,1788548807419244444,992.732778519392,360.3541548848152,0.9268365502357484
8,6864,1788548807452588888,992.3880979418756,360.6680331528187,0.92778879404068
8,6865,1788548807485933333,992.0995083972812,364.2977156639099,0.836742103099823
8,6866,1788548807519277777,992.2341686040164,371.6303169429302,0.9147799611091614
8,6867,1788548807552622222,991.809871390462,371.3842115998268,0.9200105667114258
8,6868,1788548807585966666,992.3873928785324,383.8338463008404,0.7034830451011658
8,6869,1788548807619300000,992.6583178341388,385.1998010277748,0.763015866279602
8,6870,1788548807652644444,992.9824391696602,386.88495986908674,0.7065630555152893
8,6871,1788548807685988888,994.2211191654204,392.1365176588297,0.7062847018241882
8,6872,1788548807719333333,994.8513332754374,397.3415477275848,0.646140992641449
8,6873,1788548807752677777,995.3612638115884,399.2184768021107,0.659514307975769
8,6874,1788548807786022222,996.3784614801408,401.98463578429073,0.6620813608169556
8,6875,1788548807819366666,997.0583065785468,402.72621887922287,0.6726579070091248
8,6876,1788548807852700000,999.5163917541504,409.2122531831265,0.6551100611686707
8,6877,1788548807886044444,998.9362293705344,409.4100629985333,0.6844888925552368
8,6878,1788548807919388888,998.1926970183848,414.38803267478943,0.6426706314086914
8,6879,1788548807952733333,997.9499461501836,414.9383335262537,0.6518663763999939
8,6880,1788548807986077777,996.0,422.6666666666667,1.0
8,6881,1788548808019422222,995.705844014883,424.1762044727802,0.9584468007087708
8,6882,1788548808052766666,996.6993510127068,428.9393390789628,0.954370141029358
8,6883,1788548808086100000,1000.0,434.6666666666667,1.0
8,6884,1788548808119444444,1000.3344753682612,434.73466631770134,0.9723129272460938
8,6885,1788548808152788888,1000.1231355816126,436.2995054125786,0.9476903080940248
8,6886,1788548808186133333,1000.7127775251864,437.80050984025,0.904245913028717
8,6887,1788548808219477777,1000.5299006402493,444.1909776329994,0.8191424608230591
8,6888,1788548808252822222,999.9979846815112,444.319954007864,0.8134440779685974
8,6889,1788548808286166666,999.96509264037,452.16986566782,0.7296342253684998
8,6890,1788548808319500000,1000.034690372646,458.44351080060005,0.7044001221656799
8,6891,1788548808352844444,1000.0,461.3333333333333,1.0
8,6892,1788548808386188888,999.9364376738667,465.2738465666771,0.9444911479949952
8,6893,1788548808419533333,1000.3698789179324,468.2474588602782,0.9714518189430236
8,6894,1788548808452877777,1000.8034642636776,473.00754170352593,0.9219241142272948
8,6895,1788548808486222222,1001.6132630109788,475.2216478586197,0.9595314860343932
8,6896,1788548808519555555,1001.860872104764,475.9592783227563,0.9642651081085204
8,6897,1788548808552900000,1002.195162832737,477.1531222611666,0.9584314227104188
8,6898,1788548808586244444,1003.223693996668,487.3761937618256,0.9601804614067078
8,6899,1788548808619588888,1003.3901272416116,487.46010956168175,0.957259237766266
8,6900,1788548808652933333,1003.373326420784,487.4830022454262,0.9564669132232666
8,6901,1788548808686277777,1003.1815431267024,487.4242107272148,0.959771454334259
8,6902,1788548808719622222,1003.5444144010544,497.7561018615961,0.8761377930641174
8,6903,1788548808752966666,1003.9394128620625,500.11013761907816,0.9548521637916564
8,6904,1788548808786300000,1004.1977859437466,501.0523715764284,0.9302882552146912
8,6905,1788548808819644444,1005.1936481446028,514.7241370677948,0.9114218950271606
8,6906,1788548808852988888,1005.3798739016056,515.2841960787773,0.9022082686424256
8,6907,1788548808886333333,1005.8269414752722,521.1394294947386,0.7579377889633179
8,6908,1788548808919677777,1005.774721711874,521.2947270274162,0.7548733353614807
8,6909,1788548808953022222,1009.3333333333334,521.3333333333334,1.0
8,6910,1788548808986355555,1006.6666666666666,520.0,1.0
8,6911,1788548809019700000,1006.6089065372944,518.6238749027252,0.7259003520011902
8,6912,1788548809053044444,1006.4499552249908,518.4447963237762,0.6909379959106445
8,6913,1788548809086388888,1005.6529383063316,509.1587467044592,0.7541791796684265
8,6914,1788548809119733333,1005.8889332860708,506.818113848567,0.7227816581726074
8,6915,1788548809153077777,1006.0956767648458,504.0101875150576,0.711878776550293
8,6916,1788548809186422222,1007.0,496.0,0.6860890191793442
8,6917,1788548809219755555,1007.0,492.0,0.7181706368923187
8,6918,1788548809253100000,1007.5,486.5,0.7455335140228272
8,6919,1788548809286444444,1009.5,484.5,0.7452029478549957
8,6920,1788548809319788888,1009.0,479.0,0.7368777197599411
8,6921,1788548809353133333,1005.588266313076,479.0404384955764,0.657701849937439
8,6922,1788548809386477777,1009.5,473.5,0.7286276096105575
8,6923,1788548809419822222,1010.6666666666666,469.3333333333333,1.0
8,6924,1788548809453155555,1011.8166429400444,463.0774311721325,0.8679018020629883
8,6925,1788548809486500000,1011.972435861826,462.9530165307224,0.7830590605735779
8,6926,1788548809519844444,1013.4808903932573,453.2040521800518,0.7102842926979065
8,6927,1788548809553188888,1013.782582193613,449.54482194781303,0.6880834698677063
8,6928,1788548809586533333,1014.6250822246076,445.9682931602001,0.6181631684303284
8,6929,1788548809619877777,1014.9892522469164,444.0992214605212,0.5988135933876038
8,6930,1788548809653222222,1015.8280883431436,439.5661329329014,0.5838114023208618
8,6931,1788548809686555555,1014.0,441.0,0.5744510060548782
8,6932,1788548809719900000,1017.1811478435992,431.9786530826241,0.5912032723426819
8,6933,1788548809753244444,1015.0,432.0,0.5591513746976853
9,7350,1788548823657211111,904.0,405.3333333333333,1.0
9,7351,1788548823690555555,903.8274657428263,404.2423785030842,0.9952718019485474
9,7352,1788548823723900000,903.8377514481544,403.63624039292336,0.9930863976478576
9,7353,1788548823757244444,904.2074451893568,406.806484952569,0.9932939410209656
9,7354,1788548823790588888,904.276905566454,406.5697032213211,0.9887608885765076
9,7355,1788548823823933333,904.918594956398,410.9930721749552,0.9926910996437072
9,7356,1788548823857277777,905.4556887745856,413.66163197159767,0.9621778130531312
9,7357,1788548823890611111,905.799982637167,416.5695278942585,0.9896449446678162
9,7358,1788548823923955555,905.8508108109236,417.0240145195275,0.9942837953567504
9,7359,1788548823957300000,905.9745544176548,419.5112071633339,0.9893947839736938
9,7360,1788548823990644444,906.0771461427212,422.075223967433,0.9681766629219056
9,7361,1788548824023988888,906.145628258586,424.229803532362,0.991684079170227
9,7362,1788548824057333333,906.3096362948418,426.69235470891,0.9635404348373412
9,7363,1788548824090677777,906.6366620659828,428.8696823120117,0.9894335865974426
9,7364,1788548824124011111,906.8190480023624,431.1319104135037,0.990808367729187
9,7365,1788548824157355555,906.9857588177548,433.5407372713089,0.965660810470581
9,7366,1788548824190700000,907.3098138868808,436.08912555873394,0.9835442900657654
9,7367,1788548824224044444,907.9203933477402,440.5054255723953,0.9866272211074828
9,7368,1788548824257388888,908.2261363714932,443.1535302102566,0.9675864577293396
9,7369,1788548824290733333,908.2849921286106,444.997903986834,0.9904122948646544
9,7370,1788548824324077777,908.2787213623524,447.9010336101055,0.9648687839508056
9,7371,1788548824357411111,907.9612373001872,450.17244946956635,0.9921178817749025
9,7372,1788548824390755555,907.5426784455776,451.9156345203519,0.983936846256256
9,7373,1788548824424100000,907.159472450614,453.3414359986782,0.9789008498191832
9,7374,1788548824457444444,907.294596672058,457.0206035133451,0.9853265881538392
9,7375,1788548824490788888,907.3130955994128,457.10161462426186,0.9745854139328004
9,7376,1788548824524133333,907.9508481286466,460.7342641055584,0.9892734289169312
9,7377,1788548824557477777,908.5668297708036,464.05084758624434,0.9621784687042236
9,7378,1788548824590811111,909.0271735768764,466.0612942390144,0.9876753091812134
9,7379,1788548824624155555,909.245547309518,469.4140898883343,0.9643089771270752
9,7380,1788548824657500000,909.3592143654824,471.8263478577137,0.9839550256729126
9,7381,1788548824690844444,909.3895666599274,474.7178453207016,0.980421781539917
9,7382,1788548824724188888,909.3163576424122,477.6524781286717,0.96810120344162
9,7383,1788548824757533333,909.516543596983,482.024793587625,0.9831438064575196
9,7384,1788548824790877777,909.4126618504524,482.9184823036194,0.9777597188949584
9,7385,1788548824824211111,909.582186549902,485.8097601383925,0.9811308979988098
9,7386,1788548824857555555,909.6223033368587,486.79419721663,0.9697585701942444
9,7387,1788548824890900000,909.9931391584688,490.5038161277771,0.9817047119140624
9,7388,1788548824924244444,909.921969346702,491.67211958765984,0.9701859951019288
9,7389,1788548824957588888,910.1842593848704,495.0532783381641,0.9846281409263612
9,7390,1788548824990933333,910.2178646475076,496.76549158990383,0.9801250696182252
9,7391,1788548825024277777,910.1645298749208,496.9522732906043,0.978926718235016
9,7392,1788548825057611111,910.5769867002964,499.0047788927331,0.9321010112762452
9,7393,1788548825090955555,912.0,502.6666666666667,1.0
9,7394,1788548825124300000,912.3069342374802,502.745280623436,0.906544864177704
9,7395,1788548825157644444,912.7401359677316,500.7140313386917,0.9771758317947388
9,7396,1788548825190988888,912.2624282538892,499.16288293898106,0.9470831751823424
9,7397,1788548825224333333,910.6666666666666,493.3333333333333,1.0
9,7398,1788548825257677777,909.8728109747173,491.2044259607792,0.964227855205536
9,7399,1788548825291011111,909.2688951194286,486.4687039554119,0.9792875051498412
9,7400,1788548825324355555,909.0654057189822,482.59845742583275,0.9660001397132874
9,7401,1788548825357700000,909.2410269528629,481.27585196495056,0.982200562953949
9,7402,1788548825391044444,909.7459792494774,480.4950664639473,0.9655559062957764
9,7403,1788548825424388888,910.4455063343048,477.3099481463432,0.9804121851921082
9,7404,1788548825457733333,910.4854129254818,475.08350321650505,0.9619536995887756
9,7405,1788548825491077777,909.7115358710288,475.1830249428749,0.9800550937652588
9,7406,1788548825524411111,909.3308708369732,473.0993245318532,0.9626708030700684
9,7407,1788548825557755555,908.9861811520532,473.0086268745363,0.9843480587005616
9,7408,1788548825591100000,908.6881090700626,475.3499463200569,0.9761969447135924
9,7409,1788548825624444444,909.1551927626132,473.88869704306126,0.9635796546936036
9,7410,1788548825657788888,909.7036272287368,473.2044690847397,0.9792900681495668
9,7411,1788548825691133333,910.5393055929162,473.1251981912304,0.9440249353647232
9,7412,1788548825724477777,912.6309586167336,463.2478790730238,0.9794960618019104
9,7413,1788548825757811111,913.7076177001,460.2922258079052,0.94952791929245
9,7414,1788548825791155555,914.6063401997088,459.4057193100453,0.973772406578064
9,7415,1788548825824500000,914.823032170534,459.882427662611,0.9777124524116516
9,7416,1788548825857844444,915.0966840833426,458.09369826316833,0.9803089499473572
9,7417,1788548825891188888,915.150411695242,457.5217524468899,0.9637051820755004
9,7418,1788548825924533333,915.9094808623196,453.0348322428763,0.980485498905182
9,7419,1788548825957877777,916.113763384521,452.21592335402966,0.9632490277290344
9,7420,1788548825991211111,917.0968756079674,446.8637990355491,0.9802374243736268
9,7421,1788548826024555555,917.7115274000752,445.3813350475785,0.95
9,7422,1788548826057900000,918.3505063951015,441.4684146940708,0.9748433828353882
9,7423,1788548826091244444,918.765554472804,441.2755977213383,0.9757134914398192
9,7424,1788548826124588888,919.1698167026044,441.26692524552345,0.9774744510650636
9,7425,1788548826157933333,920.2942414524842,438.5053144857113,0.95
9,7426,1788548826191277777,921.0877590104938,433.41809076070786,0.977234959602356
9,7427,1788548826224611111,921.1300525665284,433.3143974542618,0.9614980220794678
9,7428,1788548826257955555,922.2490859478712,424.19571627676487,0.9807191491127014
9,7429,1788548826291300000,922.1437575370072,423.93833611905575,0.9718327522277832
9,7430,1788548826324644444,922.976141437888,419.5405333340168,0.9787840843200684
9,7431,1788548826357988888,923.2953582704068,419.5847921073437,0.9762331247329712
9,7432,1788548826391333333,924.1015455499293,417.8003023415804,0.9811218976974488
9,7433,1788548826424677777,924.530250698328,417.8764927908778,0.9737921953201294
9,7434,1788548826458011111,925.4785957634448,413.818432316184,0.9805800914764404
9,7435,1788548826491355555,925.7704138755798,414.2452953755856,0.975830078125
9,7436,1788548826524700000,926.647756665945,410.2176423817873,0.9808807373046876
9,7437,1788548826558044444,927.033535365558,409.4584865689029,0.95
9,7438,1788548826591388888,927.3169082403184,405.5981180667877,0.9772186875343324
9,7439,1788548826624733333,927.8609217107296,401.59076821804047,0.9773588180541992
9,7440,1788548826658066666,927.502555847168,402.0662162452936,0.9730775952339172
9,7441,1788548826691411111,927.4407784592692,401.8704123233533,0.95
9,7442,1788548826724755555,927.7726017683744,397.96046716347337,0.9819697737693788
9,7443,1788548826758100000,928.1667016148568,395.8307784795761,0.9825574159622192
9,7444,1788548826791444444,928.7095140797622,395.0059144090292,0.95
9,7445,1788548826824788888,929.346299290657,390.69013530015945,0.979651153087616
9,7446,1788548826858133333,929.9287771124984,390.3010933822644,0.95
9,7447,1788548826891466666,930.6037853956224,386.2799074947834,0.9785214066505432
9,7448,1788548826924811111,930.6744738221169,384.6271064579487,0.9564359784126282
9,7449,1788548826958155555,931.1704851686954,379.8467538654804,0.9554367065429688
9,7450,1788548826991500000,931.3828477561474,377.1358879953623,0.9820799231529236
9,7451,1788548827024844444,931.5211789011956,375.2426152974367,0.9553517699241638
9,7452,1788548827058188888,932.0150008071214,372.4934244155884,0.9811719059944152
9,7453,1788548827091533333,932.3461368083954,371.02018279768527,0.9734534621238708
9,7454,1788548827124866666,932.8436219841242,368.6526047587394,0.9829893708229064
9,7455,1788548827158211111,933.1785455942154,368.5174880027771,0.9785183668136596
9,7456,1788548827191555555,933.3762829899788,368.516329228878,0.975511074066162
9,7457,1788548827224900000,934.508944541216,362.31547686457634,0.9790771007537842
9,7458,1788548827258244444,934.6588720977306,361.74781239032745,0.9807434678077698
9,7459,1788548827291588888,935.319498863985,359.0692376873453,0.95
9,7460,1788548827324933333,936.2607720196248,350.6774397492409,0.982517421245575
9,7461,1788548827358266666,936.4763376414776,348.525223582983,0.9597414135932922
9,7462,1788548827391611111,936.9103875085711,344.7182152271271,0.9833887219429016
9,7463,1788548827424955555,936.996364224935,343.5468512773514,0.981469988822937
9,7464,1788548827458300000,937.4339863061904,341.50556844472885,0.9782714247703552
9,7465,1788548827491644444,938.0801987051964,339.33802887797356,0.9694122672080994
9,7466,1788548827524988888,939.0024895786772,335.8120347857475,0.9851887822151184
9,7467,1788548827558333333,940.0565456524492,335.01090717036277,0.9795569777488708
9,7468,1788548827591666666,941.344317138195,332.1128411591053,0.982542097568512
9,7469,1788548827625011111,941.6911028921604,330.3098281919956,0.9682977795600892
9,7470,1788548827658355555,941.3689736127852,326.14860981702805,0.9827075600624084
9,7471,1788548827691700000,941.1053159460424,321.6249703466892,0.978184700012207
9,7472,1788548827725044444,941.238632172346,319.8204974979162,0.9792004227638244
9,7473,1788548827758388888,942.1065830364824,316.72017869353294,0.9758343696594238
9,7474,1788548827791733333,943.0812932997942,312.8376569598913,0.972279727458954
9,7475,1788548827825066666,943.3560375571252,312.1016089990735,0.9760440587997437
9,7476,1788548827858411111,943.126020759344,311.4956023991108,0.9731508493423462
9,7477,1788548827891755555,942.924543365836,308.2098181992769,0.9837396144866944
9,7478,1788548827925100000,942.6380366683006,307.9042152389884,0.9818317294120787
9,7479,1788548827958444444,942.1664095669984,308.25712099671364,0.9830060601234436
9,7480,1788548827991788888,942.0343127809464,313.3759700357914,0.968461573123932
9,7481,1788548828025133333,941.4824029548158,318.88657585213554,0.95
9,7482,1788548828058466666,940.8964792639016,322.19905829429626,0.9777179956436156
9,7483,1788548828091811111,939.9561288019376,327.144758425272,0.95
9,7484,1788548828125155555,939.6105263531208,330.9220160394907,0.9819197058677672
9,7485,1788548828158500000,939.7266344428062,333.78447422385216,0.9749940633773804
9,7486,1788548828191844444,940.3888578116894,336.77159221470356,0.981459379196167
9,7487,1788548828225188888,941.8155194669962,341.6129540205002,0.977658212184906
9,7488,1788548828258533333,942.8668392300606,342.2300677448511,0.9838162660598756
9,7489,1788548828291866666,944.3298379778862,346.12521366775036,0.9808518886566162
9,7490,1788548828325211111,944.9013522639872,346.0334125049412,0.985012948513031
9,7491,1788548828358555555,945.6293652355672,350.7060396373272,0.9804846048355104
9,7492,1788548828391900000,945.462551176548,350.95424856618047,0.9823848605155944
9,7493,1788548828425244444,945.6267054975032,355.52078169584274,0.976964831352234
9,7494,1788548828458588888,945.4899980127811,357.04382241144776,0.962458312511444
9,7495,1788548828491933333,945.56047642231,359.01806648634374,0.9832493662834167
9,7496,1788548828525266666,946.0352458246052,363.65740942955017,0.9809858798980712
9,7497,1788548828558611111,945.9406626187264,364.4190056622029,0.9800087809562684
9,7498,1788548828591955555,946.506899446249,370.52904936671257,0.9732068777084352
9,7499,1788548828625300000,946.5487346053123,373.32729026675224,0.9634016156196594
9,7500,1788548828658644444,946.8332407921552,376.1611349582672,0.9804834127426147
9,7501,1788548828691988888,947.3336929665276,381.2492069099424,0.95
9,7502,1788548828725333333,947.8975580111146,383.8862608894706,0.983634889125824
9,7503,1788548828758666666,948.271853774786,389.651664018631,0.9798969030380248
9,7504,1788548828792011111,947.716415733099,390.62812170386314,0.980663001537323
9,7505,1788548828825355555,946.9805904310196,393.7374501824379,0.9842895865440368
9,7506,1788548828858700000,945.8878908231854,394.4500631392002,0.9801257848739624
9,7507,1788548828892044444,945.3524927794932,400.0610515847802,0.982331156730652
9,7508,1788548828925388888,944.5321336019174,404.9597113942258,0.95
9,7509,1788548828958733333,943.8166509121656,406.2396158128977,0.9857210516929626
9,7510,1788548828992066666,943.2317360868362,410.58721758510455,0.95
9,7511,1788548829025411111,943.1140733212231,411.92232435941696,0.9840815663337708
9,7512,1788548829058755555,943.0899833589792,414.8184729665518,0.984169065952301
9,7513,1788548829092100000,942.6499989330767,415.7075798213482,0.9733192324638368
9,7514,1788548829125444444,942.5829764008522,420.8484740704298,0.9810704588890076
9,7515,1788548829158788888,942.3534518370924,425.1228885267437,0.95
9,7516,1788548829192133333,942.4020828008652,425.5526932179928,0.9777497053146362
9,7517,1788548829225466666,942.5137930063892,429.7223212722747,0.95
9,7518,1788548829258811111,942.9787240754812,430.51102086901665,0.9772233963012696
9,7519,1788548829292155555,943.5206307037046,435.0060911858617,0.95
9,7520,1788548829325500000,944.474200040102,436.1200567856431,0.9725579619407654
9,7521,1788548829358844444,945.1335655152798,438.9616589322686,0.9814130067825316
9,7522,1788548829392188888,945.3168283700944,439.5259200036526,0.95761638879776
9,7523,1788548829425533333,945.8817567676306,443.8647308796644,0.983550786972046
9,7524,1788548829458866666,946.035569679092,448.06329231204546,0.95
9,7525,1788548829492211111,946.2631495594978,449.1250347793102,0.9603464007377625
9,7526,1788548829525555555,946.6998873949052,453.6055031120777,0.9792920351028442
9,7527,1788548829558900000,946.6289673745632,455.1055014058947,0.9738264083862304
9,7528,1788548829592244444,946.244517147541,455.53452399373055,0.976643979549408
9,7529,1788548829625588888,945.884671344312,459.8412969620362,0.95
9,7530,1788548829658933333,945.7091783583164,460.52693235874176,0.9611201286315918
9,7531,1788548829692266666,945.7766368240118,463.72004622220993,0.9797086119651794
9,7532,1788548829725611111,945.8111583143472,463.9868332957849,0.9555877447128296
9,7533,1788548829758955555,946.2572447955608,468.2261749655008,0.9830687642097472
9,7534,1788548829792300000,946.0478009134532,468.20173268020153,0.9800499081611632
9,7535,1788548829825644444,945.8331087380648,469.7617469280958,0.9836406707763672
9,7536,1788548829858988888,945.6811436802224,474.83136063021794,0.95
9,7537,1788548829892333333,945.7289113104345,475.5846072435379,0.9821189641952516
9,7538,1788548829925666666,946.0582181699574,478.3301891386509,0.9605547189712524
9,7539,1788548829959011111,946.6547378003596,481.11699175834656,0.9548749327659608
9,7540,1788548829992355555,947.4889872968196,485.9013057425618,0.980533242225647
9,7541,1788548830025700000,947.373998939991,486.51275646686554,0.9783863425254822
9,7542,1788548830059044444,947.4211828621034,491.9594490685579,0.95
9,7543,1788548830092388888,947.5237042263054,496.5456642109973,0.95
9,7544,1788548830125733333,948.1422515660524,500.6441305577755,0.9824906587600708
9,7545,1788548830159066666,948.8583804816008,503.9077664464712,0.9751700162887572
9,7546,1788548830192411111,949.7430301010608,505.0403680242598,0.9838539958000184
9,7547,1788548830225755555,950.158139422536,504.6791262924671,0.9830058217048644
9,7548,1788548830259100000,950.1450181007384,504.4644133746624,0.9803356528282166
9,7549,1788548830292444444,950.1352031230928,503.6069438755512,0.9800614714622498
9,7550,1788548830325788888,951.1922826485531,511.3789897111723,0.95
9,7551,1788548830359133333,952.7214712798597,511.054257389158,0.9785576462745668
9,7552,1788548830392466666,954.7583158025247,515.8673758050628,0.95
9,7553,1788548830425811111,956.4166692495346,514.0080199716613,0.981136918067932
9,7554,1788548830459155555,957.4250942468644,513.1443566083908,0.9567596912384032
9,7555,1788548830492500000,958.6022718250751,515.1808643043041,0.9826570153236388
9,7556,1788548830525844444,959.3860636353492,514.2484464347363,0.9795079231262208
9,7557,1788548830559188888,960.3176853358746,514.9502006582916,0.9848009943962096
9,7558,1788548830592533333,960.879958845675,516.2673133909702,0.9537107348442078
9,7559,1788548830625866666,961.7430478334428,520.4953499734402,0.9821765422821044
9,7560,1788548830659211111,962.108365163207,523.7433957159519,0.9543840885162354
9,7561,1788548830692555555,963.5421572843214,529.7518157421282,0.95
9,7562,1788548830725900000,964.639722343819,531.6393982371467,0.95
9,7563,1788548830759244444,963.8607929600636,530.2769714548174,0.95
9,7564,1788548830792588888,964.046423766762,526.2501426041126,0.979437291622162
9,7565,1788548830825933333,964.1072144284844,525.0442350506783,0.9903793931007384
9,7566,1788548830859266666,964.1440064907074,523.3057670593262,0.986874222755432
9,7567,1788548830892611111,964.3169174790382,519.1234053000808,0.9777482151985168
9,7568,1788548830925955555,964.2716981470584,516.8678716421127,0.9673858880996704
9,7569,1788548830959300000,964.364425688982,513.6887663006783,0.9815077185630798
9,7570,1788548830992644444,964.2989319562912,512.1536789238453,0.962605118751526
9,7571,1788548831025988888,964.9526655115188,508.50475320219994,0.9818160533905028
9,7572,1788548831059333333,965.5790448784828,506.4916642010212,0.9780927896499634
9,7573,1788548831092666666,966.1039574742316,504.6717020869255,0.962149441242218
9,7574,1788548831126011111,966.851071730256,501.13523614406586,0.9848908185958862
9,7575,1788548831159355555,967.2653180360794,498.06341075897217,0.969565749168396
9,7576,1788548831192700000,967.5974514186382,497.1962416470051,0.9831827878952026
9,7577,1788548831226044444,967.9081502407788,495.1566287726164,0.9835088849067688
9,7578,1788548831259388888,968.2482312321664,494.48971647024155,0.9807864427566528
9,7579,1788548831292733333,968.6840462386608,491.2769721150398,0.9677808880805968
9,7580,1788548831326066666,968.8820342123508,490.0587501823902,0.9833176136016846
9,7581,1788548831359411111,969.3431144356728,486.77363634109497,0.9590912461280824
9,7582,1788548831392755555,969.84592795372,485.81187938153744,0.9828365445137024
9,7583,1788548831426100000,970.075499497354,486.782670930028,0.985762894153595
9,7584,1788548831459444444,970.7081246078014,483.5954440534115,0.9514365792274476
9,7585,1788548831492788888,971.1742509752512,482.37524178624153,0.979851007461548
9,7586,1788548831526133333,971.8187413881348,478.8536317178924,0.95
9,7587,1788548831559466666,972.2306706011296,474.2411811500788,0.9818693995475768
9,7588,1788548831592811111,972.1848088353872,473.23266366124153,0.95580393075943
9,7589,1788548831626155555,972.8456065505744,468.12797988951206,0.982383906841278
9,7590,1788548831659500000,973.0699467137456,466.25145676732063,0.9776947498321532
9,7591,1788548831692844444,973.383311122656,465.07319163531065,0.98045814037323
9,7592,1788548831726188888,974.0646731899736,462.8631766644816,0.95
9,7593,1788548831759533333,974.6322877705096,458.7051330804825,0.9781819581985474
9,7594,1788548831792866666,975.0761524662375,456.2753311395645,0.9576755166053772
9,7595,1788548831826211111,975.499526202024,453.2664488677418,0.95
9,7596,1788548831859555555,975.5183682739736,448.6837245821953,0.9734742045402528
9,7597,1788548831892900000,975.404221641507,446.05870889191954,0.95
9,7598,1788548831926244444,975.3194707632064,441.3064522743225,0.9767021536827089
9,7599,1788548831959588888,975.3689036803248,439.3479862999597,0.95
9,7600,1788548831992933333,975.7711910754442,434.8016365915537,0.9790034294128418
9,7601,1788548832026266666,976.0298054683954,431.556491792202,0.959295690059662
9,7602,1788548832059611111,976.6261936724186,428.26473116874695,0.969958484172821
9,7603,1788548832092955555,977.3235169053078,423.5561509132385,0.9781824946403505
9,7604,1788548832126300000,977.5825721025468,422.2827730178833,0.9721298217773438
9,7605,1788548832159644444,978.3134172856808,417.3626624941826,0.976363241672516
9,7606,1788548832192988888,978.4061639010906,416.3055861592293,0.9705760478973388
9,7607,1788548832226333333,978.9962283724452,411.31559920310974,0.9805331826210022
9,7608,1788548832259666666,979.0121512962504,410.7701876461506,0.9800977110862732
9,7609,1788548832293011111,979.545625925064,408.05999755486846,0.980141282081604
9,7610,1788548832326355555,980.001686728443,405.0178407393396,0.956203281879425
9,7611,1788548832359700000,980.5970520675182,402.36039316654205,0.9800010323524476
9,7612,1788548832393044444,981.3100733458996,399.4136289358139,0.9539024233818054
9,7613,1788548832426388888,982.578934431076,393.82479417324066,0.95177561044693
9,7614,1788548832459733333,983.5818571746348,390.8697070032358,0.9818270802497864
9,7615,1788548832493066666,984.168063044548,388.1008688136935,0.9574372172355652
9,7616,1788548832526411111,984.622591406107,385.68478187918663,0.9794403910636902
9,7617,1788548832559755555,984.5638843178748,383.7409585118294,0.9784003496170044
9,7618,1788548832593100000,984.149751201272,384.1665700674057,0.9834952354431152
9,7619,1788548832626444444,984.6799104511738,379.7112586200237,0.9801977872848512
9,7620,1788548832659788888,984.834479033947,380.2671763896942,0.9815367460250854
9,7621,1788548832693133333,985.7262772023678,376.5492454767227,0.9793888926506042
9,7622,1788548832726466666,986.2455534040928,374.7708903104067,0.9596562385559082
9,7623,1788548832759811111,986.7705386430024,372.6386304795742,0.9816027283668518
9,7624,1788548832793155555,986.9178523644804,373.4589645564556,0.979561984539032
9,7625,1788548832826500000,987.0104283830152,374.2466088682413,0.9817531704902648
9,7626,1788548832859844444,987.3099354207516,372.0561605468392,0.9528245329856871
9,7627,1788548832893188888,987.658758431673,368.9975037816912,0.9824810028076172
9,7628,1788548832926533333,987.9428121145208,367.1040210796447,0.95
9,7629,1788548832959866666,988.2637113034724,360.5398180782795,0.9780703783035278
9,7630,1788548832993211111,988.0441380999982,360.166899651289,0.983964204788208
9,7631,1788548833026555555,987.89804918319,359.2033789008856,0.9837342500686646
9,7632,1788548833059900000,987.886811695993,357.5565842092037,0.9688392281532288
9,7633,1788548833093244444,988.0324427783488,354.6245630681515,0.9796733260154724
9,7634,1788548833126588888,988.1863513737916,352.2652461230755,0.961432695388794
9,7635,1788548833159933333,988.6416961550711,348.77480478584766,0.9788259863853456
9,7636,1788548833193266666,989.0879078507425,344.7553395777941,0.9741285443305968
9,7637,1788548833226611111,989.0717861056328,344.90923960506916,0.9791334867477416
9,7638,1788548833259955555,989.1454405486584,340.87018842995167,0.9775227904319764
9,7639,1788548833293300000,988.7976862639188,339.69500410556793,0.9791200160980223
9,7640,1788548833326644444,988.4156654179096,337.9442704617977,0.979007363319397
9,7641,1788548833359988888,988.1357810646296,336.2168113142252,0.9750807285308838
9,7642,1788548833393333333,988.1915294378996,332.82020811736584,0.9786856174468994
9,7643,1788548833426666666,988.5455507934092,327.7039543092251,0.9696844220161438
9,7644,1788548833460011111,988.6700332462788,327.13255892693996,0.977332353591919
9,7645,1788548833493355555,989.3550575375556,322.74408879876137,0.9717649817466736
9,7646,1788548833526700000,989.7725836634636,322.166784748435,0.978846311569214
9,7647,1788548833560044444,990.4070571064948,322.2334341108799,0.9760230779647828
9,7648,1788548833593388888,990.9127775728704,324.17830446362495,0.9600225687026978
9,7649,1788548833626733333,991.5808060765266,329.64377269148827,0.9545233249664308
9,7650,1788548833660066666,991.8744611889124,333.3711437880993,0.9777183532714844
9,7651,1788548833693411111,991.502030044794,333.95561181008816,0.9781378507614136
9,7652,1788548833726755555,991.8582632094622,339.2986070513725,0.9775989651679992
9,7653,1788548833760100000,991.7826953232288,341.39860412478447,0.975325047969818
9,7654,1788548833793444444,991.8892270475626,343.4305046200752,0.975857675075531
9,7655,1788548833826788888,992.2549665868282,345.3160836696625,0.9597832560539246
9,7656,1788548833860133333,993.0016126359114,347.8837839886546,0.981139600276947
9,7657,1788548833893466666,993.5518954935428,351.7565823054706,0.95
9,7658,1788548833926811111,994.2456780523062,353.86020405590534,0.9803468585014344
9,7659,1788548833960155555,995.0652064308524,359.3267150223255,0.9801356196403505
9,7660,1788548833993500000,995.1517111361028,360.2208815664053,0.981907606124878
9,7661,1788548834026844444,995.6242472529412,365.036302883178,0.981927454471588
9,7662,1788548834060188888,995.635811328888,366.6121434271336,0.9763622879981996
9,7663,1788548834093533333,995.8528035730124,367.6992357671261,0.9823116660118104
9,7664,1788548834126866666,996.5377004146576,372.15223075449467,0.9786214828491212
9,7665,1788548834160211111,996.90240570835,376.18941325331303,0.95
9,7666,1788548834193555555,997.4463435411452,377.25592425465584,0.9803999662399292
9,7667,1788548834226900000,997.5880757570268,377.2559088766575,0.9812873005867004
9,7668,1788548834260244444,997.832780405879,377.2910822033882,0.9834535717964172
9,7669,1788548834293588888,998.060003131628,377.6240528821945,0.9787925481796264
9,7670,1788548834326933333,999.4670578241348,386.81226167082787,0.9790679216384888
9,7671,1788548834360266666,999.4651661515236,387.0512546226382,0.9816185235977172
9,7672,1788548834393611111,999.8883685589792,393.3336641186639,0.95
9,7673,1788548834426955555,1000.517249405384,396.99124943092465,0.9755688309669496
9,7674,1788548834460300000,1000.450935035944,398.25707975029945,0.96637624502182
9,7675,1788548834493644444,1000.468159854412,399.4338006079197,0.9636257886886596
9,7676,1788548834526988888,1000.3300290044972,403.3264945917553,0.95
9,7677,1788548834560333333,1000.5860728597348,406.0190052840391,0.95
9,7678,1788548834593666666,1001.0763419395598,410.5194398599639,0.95
9,7679,1788548834627011111,1001.372240847515,412.8297896367076,0.95
9,7680,1788548834660355555,1001.439506544722,415.1193320000408,0.95
9,7681,1788548834693700000,1001.4528200465296,416.4921133727159,0.95
9,7682,1788548834727044444,1001.245610585518,418.4310576356127,0.95
9,7683,1788548834760388888,1001.3201507900023,422.97551899441106,0.95
9,7684,1788548834793733333,1001.3217370669698,423.1947525730783,0.95
9,7685,1788548834827066666,1001.4992987245342,426.2069898338161,0.95
9,7686,1788548834860411111,1002.03923462148,430.8648760180656,0.95
9,7687,1788548834893755555,1002.7177465521168,436.7857291685533,0.95
9,7688,1788548834927100000,1003.161215109734,439.46687614361946,0.95
9,7689,1788548834960444444,1004.5144681585658,445.0557125855071,0.95
9,7690,1788548834993788888,1004.996794430156,446.4832792458236,0.95
9,7691,1788548835027133333,1005.9807318067552,448.6460021877355,0.95
9,7692,1788548835060466666,1007.9631149645368,452.75070279825513,0.95
9,7693,1788548835093811111,1009.6173855237198,454.5214009638286,0.95
9,7694,1788548835127155555,1011.620497609086,458.2643194103613,0.95
9,7695,1788548835160500000,1013.0790426745324,461.3898050357613,0.95
9,7696,1788548835193844444,1013.6503298493816,464.16286357423166,0.95
9,7697,1788548835227188888,1014.1279636707668,466.82973301015465,0.95
9,7698,1788548835260533333,1013.2226015207372,466.2465722719349,0.95
9,7699,1788548835293866666,1012.8799809245478,467.9636852142592,0.95
9,7700,1788548835327211111,1012.9631890400932,469.9467103143256,0.95
9,7701,1788548835360555555,1013.6352112386552,473.056444040471,0.95
9,7702,1788548835393900000,1013.7895497822432,474.4292078326991,0.95
9,7703,1788548835427244444,1014.6650574236646,478.9749172987966,0.95
9,7704,1788548835460588888,1015.1997656323013,480.8945738478332,0.95
9,7705,1788548835493933333,1015.5641581627176,483.99538864638583,0.95
9,7706,1788548835527266666,1015.5587114989758,483.9628593660891,0.9523853063583374
9,7707,1788548835560611111,1015.7678366937218,488.59382049761626,0.95
9,7708,1788548835593955555,1015.797537341714,488.8385918289423,0.9766778945922852
9,7709,1788548835627299999,1016.0514511681812,493.93524186193616,0.95
9,7710,1788548835660644444,1016.221050992608,493.92521917819977,0.9789485335350036
9,7711,1788548835693988888,1016.5308040380478,496.01146328728646,0.9682818055152892
9,7712,1788548835727333333,1016.7868412480552,499.6245671643258,0.95
9,7713,1788548835760666666,1017.361003279686,501.1894804835319,0.9799280166625975
9,7714,1788548835794011111,1017.5577276135303,503.9548125984237,0.95
9,7715,1788548835827355555,1018.3114620986962,509.2318846642589,0.95
9,7716,1788548835860700000,1018.7824077308178,511.5212633013725,0.976113736629486
9,7717,1788548835894044444,1018.7685685753822,512.9712312705815,0.9616127014160156
9,7718,1788548835927388888,1018.771591797471,515.8459087610245,0.981039583683014
9,7719,1788548835960733333,1018.3373485681363,519.3311980204161,0.95
9,7720,1788548835994066666,1018.2857815027236,521.4729721546173,0.9740118980407716
9,7721,1788548836027411111,1018.0974766388535,526.0570440329611,0.9572486877441406
9,7722,1788548836060755555,1017.6834013164045,527.4116238951683,0.9766511917114258
9,7723,1788548836094100000,1017.9217115268112,531.7292732000351,0.962565302848816
9,7724,1788548836127444444,1017.8520790189503,532.4444781243801,0.9759302735328674
9,7725,1788548836160788888,1018.295331776142,536.2377776056528,0.9661427736282348
9,7726,1788548836194133333,1019.0474947728216,537.8709491342306,0.9897382259368896
9,7727,1788548836227466666,1019.4301242232324,537.2326847463846,0.9849258065223694
9,7728,1788548836260811111,1020.1942759176964,541.1158349628105,0.95
9,7729,1788548836294155555,1020.5739847066908,541.7683216377629,0.95
9,7730,1788548836327499999,1021.3650186507252,541.8349294752642,0.95
9,7731,1788548836360844444,1021.7821173507832,542.0102603953067,0.95
9,7732,1788548836394188888,1023.0503306016326,537.7954982966185,0.9820457696914672
9,7733,1788548836427533333,1023.361747443676,537.1923624426126,0.983869969844818
9,7734,1788548836460866666,1023.2956189513206,536.9082452431321,0.985191822052002
9,7735,1788548836494211111,1022.9287547692657,536.7788887321949,0.987852931022644
9,7736,1788548836527555555,1023.2673285603524,529.8275697678328,0.9597465991973876
9,7737,1788548836560900000,1023.457591086626,528.5679594278336,0.9586002230644226
9,7738,1788548836594244444,1024.6746425449635,526.0499299880993,0.95
9,7739,1788548836627588888,1026.22033456224,519.2209283151876,0.95
9,7740,1788548836660933333,1026.7181186121218,516.976557417475,0.95
9,7741,1788548836694266666,1026.6290528443285,516.3473124643855,0.95
9,7742,1788548836727611111,1026.656327322048,514.4805232034341,0.95
9,7743,1788548836760955555,1027.5875845630126,510.46728873702176,0.95
9,7744,1788548836794300000,1027.6949356059454,505.1441070092046,0.95
9,7745,1788548836827644444,1028.436030858428,503.11468365324106,0.95
9,7746,1788548836860988888,1028.0224501550888,498.44087960159845,0.95
9,7747,1788548836894333333,1028.3774474859238,491.3718050420284,0.9644944071769714
9,7748,1788548836927666666,1028.2413337528706,490.2793424129486,0.9784757494926452
9,7749,1788548836961011111,1027.9926808169112,488.302049189806,0.9779958724975586
9,7750,1788548836994355555,1027.6796754598618,487.8189848214388,0.9784844517707824
9,7751,1788548837027699999,1027.9085269793868,484.2369864434004,0.954685926437378
9,7752,1788548837061044444,1028.082382261753,482.8546013981104,0.973718762397766
9,7753,1788548837094388888,1028.1924014389515,482.72026112675667,0.9719455242156982
9,7754,1788548837127733333,1028.4185493290424,482.677440315485,0.9684548377990724
9,7755,1788548837161066666,1028.9412528009448,479.06526141204967,0.95
9,7756,1788548837194411111,1029.130391728558,476.688881013593,0.95
9,7757,1788548837227755555,1029.2477712125103,473.1113009573491,0.95
9,7758,1788548837261100000,1028.677819150512,468.2819681275725,0.95
9,7759,1788548837294444444,1028.452478994488,466.41640491352473,0.95
9,7760,1788548837327788888,1028.2924827481302,464.37034844095024,0.95
9,7761,1788548837361133333,1028.346527875596,463.2626698218813,0.9046082288026808
9,7762,1788548837394466666,1028.2356626756823,462.498908410108,0.8619019269943237
9,7763,1788548837427811111,1032.0,456.0,1.0
9,7764,1788548837461155555,1032.0497700236738,453.47152104973793,0.9624511003494264
9,7765,1788548837494500000,1032.114502444863,453.1430228352546,0.9600733518600464
9,7766,1788548837527844444,1032.3876962065697,450.9996097470285,0.941972315311432
9,7767,1788548837561188888,1032.480297267437,450.70266768336296,0.9401856660842896
9,7768,1788548837594533333,1033.031202921644,450.1797707676887,0.9403681755065918
10,8065,1788548847497355555,825.3333333333334,421.3333333333333,1.0
10,8066,1788548847530700000,825.1531250923872,422.25548976659775,0.9948974251747132
10,8067,1788548847564044444,825.7723413109779,423.2837187647819,0.9870603680610656
10,8068,1788548847597377777,827.3173955976963,426.2135408818722,0.9904744029045104
10,8069,1788548847630722222,828.9572974406183,428.6750035881996,0.9898390769958496
10,8070,1788548847664066666,830.2238551974297,429.7934172451496,0.9928501844406128
10,8071,1788548847697411111,831.317389279604,432.36099937558174,0.9852175116539
10,8072,1788548847730755555,831.7369201481342,434.0320388823747,0.9919445514678956
10,8073,1788548847764099999,832.1120878010988,435.4118290245533,0.990973949432373
10,8074,1788548847797444444,832.2896073758602,435.55283603072166,0.9889630079269408
10,8075,1788548847830777777,832.7839172184467,435.3653054833412,0.9918344020843506
10,8076,1788548847864122222,833.4167400598526,434.85529974102974,0.9913309812545776
10,8077,1788548847897466666,835.2093055397272,437.41805306077,0.9772861003875732
10,8078,1788548847930811111,836.3465332388878,437.60313683748245,0.9886299967765808
10,8079,1788548847964155555,837.7378227412701,440.9560953974724,0.9673742055892944
10,8080,1788548847997500000,837.6376357972622,443.131613060832,0.9894019365310668
10,8081,1788548848030844444,837.2920740842819,447.6572577059269,0.9791666865348816
10,8082,1788548848064177777,836.4479574561119,452.8550461381674,0.9732182621955872
10,8083,1788548848097522222,835.8036011010408,458.48059380054474,0.9873733520507812
10,8084,1788548848130866666,834.9080981239676,461.4914510846138,0.9873936176300048
10,8085,1788548848164211111,834.5450308024883,464.0471518933773,0.9898760914802552
10,8086,1788548848197555555,834.5668678283691,465.9101587831974,0.9822481870651244
10,8087,1788548848230900000,835.2310646027327,469.2056725472212,0.9908366799354552
10,8088,1788548848264244444,835.3040292859077,470.17270347476006,0.9908918738365172
10,8089,1788548848297577777,835.5534873604774,470.9619839414954,0.9888888597488404
10,8090,1788548848330922222,835.808550298214,471.7854416668415,0.9909152388572692
10,8091,1788548848364266666,835.8891852125525,472.5177124738693,0.986611783504486
10,8092,1788548848397611111,837.3974437713623,477.79403199255466,0.9736521244049072
10,8093,1788548848430955555,837.6633620560169,479.14318276941776,0.9891066551208496
10,8094,1788548848464299999,839.3079904019833,484.16734616458416,0.9779044389724731
10,8095,1788548848497644444,839.9570328816772,485.4477723538875,0.9874518513679504
10,8096,1788548848530977777,841.196198835969,488.0842584297061,0.989639401435852
10,8097,1788548848564322222,841.5959255993366,488.366378903389,0.9853917360305786
10,8098,1788548848597666666,842.0340322367847,489.5541709959507,0.9867420792579652
10,8099,1788548848631011111,841.9381296038628,489.2877629399299,0.9904523491859436
10,8100,1788548848664355555,843.0445135384798,493.0327422581613,0.9844745993614196
10,8101,1788548848697700000,843.1761693060398,493.4357984662056,0.9843217730522156
10,8102,1788548848731044444,843.8369698822498,494.7878491431474,0.9859429001808168
10,8103,1788548848764377777,844.7473599016666,495.6434869170189,0.9834826588630676
10,8104,1788548848797722222,845.9403117522597,496.8350079655647,0.9889841675758362
10,8105,1788548848831066666,846.993113859091,497.51654291152954,0.9819777011871338
10,8106,1788548848864411111,848.2231661230326,499.3541323840618,0.9849298000335692
10,8107,1788548848897755555,848.6920250058174,499.4098522663117,0.9844698309898376
10,8108,1788548848931100000,849.2731873989105,500.90397545695305,0.9847549200057985
10,8109,1788548848964444444,849.5292577445507,502.0389050878584,0.984829843044281
10,8110,1788548848997777777,850.1105016767979,503.6047280430794,0.9808635115623474
10,8111,1788548849031122222,849.9832641221583,502.2997733354569,0.9852697253227234
10,8112,1788548849064466666,850.9841746203601,504.1640895158053,0.982025682926178
10,8113,1788548849097811111,851.240560144186,503.6658005416393,0.9814982414245604
10,8114,1788548849131155555,852.4469822943211,506.018204446882,0.979564905166626
10,8115,1788548849164500000,852.9799191001803,506.4801132977009,0.9820584058761596
10,8116,1788548849197844444,853.5989574491978,507.4132433831692,0.9795649647712708
10,8117,1788548849231177777,853.8359920680523,507.401880055666,0.9833700656890868
10,8118,1788548849264522222,854.8853176385164,510.03960232436657,0.9838663339614868
10,8119,1788548849297866666,855.4793614149094,511.6969536244869,0.9797158241271972
10,8120,1788548849331211111,856.061054751277,513.6970003843307,0.98324316740036
10,8121,1788548849364555555,856.9488442838192,516.5678519904613,0.9780223965644836
10,8122,1788548849397899999,856.9117698743939,516.5917394161224,0.9812983870506288
10,8123,1788548849431244444,857.7371994554996,519.669133156538,0.9771043062210084
10,8124,1788548849464577777,858.2004979848862,520.6072320342064,0.9795552492141724
10,8125,1788548849497922222,858.864208266139,521.582869052887,0.9778584837913512
10,8126,1788548849531266666,859.544857442379,522.4386965930462,0.9704236388206482
10,8127,1788548849564611111,859.9693325888366,522.0979940295219,0.9796498417854308
10,8128,1788548849597955555,860.6719555258751,523.0302443951368,0.9755548238754272
10,8129,1788548849631300000,861.1125081777573,524.1045842990279,0.9668982028961182
10,8130,1788548849664644444,861.4671546816826,524.9046771004796,0.952068030834198
10,8131,1788548849697977777,861.9493079856038,525.9960925630294,0.9091411232948304
10,8132,1788548849731322222,862.7049153447151,526.3402592539787,0.8084837794303894
10,8133,1788548849764666666,862.9736111145467,526.0883514210582,0.7752500772476196
10,8134,1788548849798011111,863.3822829127312,525.8207778185606,0.7384207248687744
10,8135,1788548849831355555,863.585543692112,525.7546796053648,0.7358914613723755
10,8136,1788548849864700000,864.4827888011932,525.8262705206871,0.7180603742599487
10,8137,1788548849898044444,865.1141283363104,526.1692380458117,0.7916136980056763
10,8138,1788548849931377777,865.7471546828747,526.2598531842232,0.8507599234580994
10,8139,1788548849964722222,866.5909044146538,525.242173999548,0.9272544384002686
10,8140,1788548849998066666,867.0788168087602,523.8884571418166,0.9627538323402404
10,8141,1788548850031411111,867.4758951663971,522.2990808486938,0.9630038142204284
10,8142,1788548850064755555,867.6876077055931,520.8047914803028,0.9704056978225708
10,8143,1788548850098099999,867.6137027442455,520.2906569540501,0.9712415933609008
10,8144,1788548850131444444,867.8480805903673,516.8822516575456,0.9747440218925476
10,8145,1788548850164777777,867.5305559337139,516.4695020616055,0.9690943956375122
10,8146,1788548850198122222,867.6964009404182,513.3345067203045,0.9723458290100098
10,8147,1788548850231466666,867.4399679303169,512.7175494730473,0.9740654826164246
10,8148,1788548850264811111,867.3320440649986,511.99774657632224,0.9792400598526
10,8149,1788548850298155555,867.7168416082859,509.9262875691056,0.9805570244789124
10,8150,1788548850331500000,868.2810795307159,506.9979176777415,0.9774066209793092
10,8151,1788548850364844444,869.161828070879,502.6281351149082,0.9720057249069214
10,8152,1788548850398177777,869.5502595901489,501.42768746614456,0.9710819721221924
10,8153,1788548850431522222,870.2392411082983,497.69891452789307,0.9730876088142396
10,8154,1788548850464866666,870.4733366072178,497.16757072508335,0.976232409477234
10,8155,1788548850498211111,871.197631239891,493.9159920439124,0.977550446987152
10,8156,1788548850531555555,871.7247259914875,492.59870103001595,0.978230118751526
10,8157,1788548850564900000,872.491193562746,491.02523925341666,0.9753699898719788
10,8158,1788548850598233333,873.1220338717103,490.4936856627464,0.9760870337486268
10,8159,1788548850631577777,873.7767188102007,489.5222130417824,0.9756394028663636
10,8160,1788548850664922222,874.505084335804,485.7695506513119,0.9721440076828004
10,8161,1788548850698266666,874.7292142510414,485.1781890541315,0.9793622493743896
10,8162,1788548850731611111,875.3455397486687,482.63255217671394,0.9740091562271118
10,8163,1788548850764955555,875.7979547828436,482.85235410928726,0.9828096628189088
10,8164,1788548850798299999,876.7001236975193,480.99143316503614,0.9782489538192748
10,8165,1788548850831633333,877.5394596457481,480.0781744271517,0.977749764919281
10,8166,1788548850864977777,877.9836933277547,480.84554466605186,0.9842206835746764
10,8167,1788548850898322222,878.5867407023907,480.72234573960304,0.9825834035873412
10,8168,1788548850931666666,879.1447944939137,479.64310202002525,0.9812055826187134
10,8169,1788548850965011111,879.7991275191307,477.4060778021813,0.9772591590881348
10,8170,1788548850998355555,880.1065467819571,476.574469178915,0.982729434967041
10,8171,1788548851031700000,880.4171027839184,474.9848138196394,0.9810135364532472
10,8172,1788548851065033333,880.44800812006,474.21602833271027,0.9795645475387572
10,8173,1788548851098377777,880.3444185853004,474.4987296760082,0.9792520403862
10,8174,1788548851131722222,880.6376704275608,471.71793207526207,0.9790546894073486
10,8175,1788548851165066666,880.9300264492631,470.17916660010815,0.986726939678192
10,8176,1788548851198411111,881.5799587368965,467.78906808793545,0.9834811091423036
10,8177,1788548851231755555,882.4096732139587,464.7243635058403,0.9802616834640504
10,8178,1788548851265100000,883.0538181141019,464.07212602347136,0.9879323840141296
10,8179,1788548851298433333,883.4976308345795,463.94316094368696,0.9836180806159972
10,8180,1788548851331777777,883.7401666045189,463.9678040966392,0.98812073469162
10,8181,1788548851365122222,883.616810798645,464.09328795969486,0.9852293133735656
10,8182,1788548851398466666,883.710756957531,462.43488493561745,0.9755258560180664
10,8183,1788548851431811111,884.0105467047542,459.1036921665072,0.9867647886276244
10,8184,1788548851465155555,884.2871338129044,456.7862720936537,0.9673490524291992
10,8185,1788548851498500000,885.1516460031271,452.5041016936302,0.9818174839019777
10,8186,1788548851531833333,885.5349382162094,452.30057668685913,0.983260214328766
10,8187,1788548851565177777,885.9351735636592,452.1798384040594,0.9896583557128906
10,8188,1788548851598522222,886.4773242771626,450.3882490694523,0.9732092022895812
10,8189,1788548851631866666,887.2428550869226,447.04215904697776,0.9882293343544006
10,8190,1788548851665211111,887.6803588569164,447.91094898432493,0.989668607711792
10,8191,1788548851698555555,888.8225755989552,443.2997516691685,0.9802994132041932
10,8192,1788548851731900000,889.4264412820339,442.6726244688034,0.9824695587158204
10,8193,1788548851765233333,889.9889274714515,442.411121994257,0.9866793155670166
10,8194,1788548851798577777,890.6097906827927,440.5044757127762,0.9820066690444946
10,8195,1788548851831922222,891.0135229025036,439.7953877598047,0.9903762340545654
10,8196,1788548851865266666,891.6591653525829,437.37647661566734,0.9847990870475768
10,8197,1788548851898611111,892.2128650546074,435.9201824963093,0.9866939783096312
10,8198,1788548851931955555,892.8091792017221,435.4397155344486,0.983967661857605
10,8199,1788548851965300000,893.9990186347859,432.3080160915851,0.9858922362327576
10,8200,1788548851998633333,894.969420639798,431.4736841320991,0.9822062849998474
10,8201,1788548852031977777,896.1064293682575,429.26139509677887,0.9882771968841552
10,8202,1788548852065322222,896.8510375469923,428.04246586188674,0.9907952547073364
10,8203,1788548852098666666,897.3877800405025,425.8613159060478,0.9853543043136596
10,8204,1788548852132011111,897.6426177024841,425.17507633566856,0.9887957572937012
10,8205,1788548852165355555,898.2027025967836,422.99210876598954,0.9867720007896424
10,8206,1788548852198700000,898.596376478672,422.3695574700832,0.9837630391120912
10,8207,1788548852232033333,899.2744443118572,420.18821915984154,0.9859290719032288
10,8208,1788548852265377777,899.7169482409954,418.8847668990493,0.9877057075500488
10,8209,1788548852298722222,900.0081033464521,418.386466473341,0.9873193502426147
10,8210,1788548852332066666,900.6218439638615,416.11257023364305,0.9857025146484376
10,8211,1788548852365411111,901.2678871154784,415.4090470671654,0.982633411884308
10,8212,1788548852398755555,902.3763233423232,413.3149690926075,0.9823989868164062
10,8213,1788548852432099999,903.3305210471152,411.9112561866641,0.9868047833442688
10,8214,1788548852465433333,904.6066185534,409.43630078434944,0.9796088337898254
10,8215,1788548852498777777,905.7577329576015,407.1955247819424,0.9831112623214722
10,8216,1788548852532122222,906.4600822925568,406.6601569354534,0.9775192737579346
10,8217,1788548852565466666,907.1202791407704,404.94526309892535,0.9835588335990906
10,8218,1788548852598811111,907.3888564705848,404.355701893568,0.9791207909584044
10,8219,1788548852632155555,907.5973080396652,403.48543322086334,0.9762172698974608
10,8220,1788548852665500000,907.7385449111462,402.891229942441,0.9843028783798218
10,8221,1788548852698833333,908.2339743226768,400.63427728414536,0.9789069890975952
10,8222,1788548852732177777,908.6801342070104,400.03103669546545,0.9834943413734436
10,8223,1788548852765522222,909.5877597928048,396.9552638567984,0.978470265865326
10,8224,1788548852798866666,910.3998119533062,395.85121943056583,0.9808116555213928
10,8225,1788548852832211111,911.9909082585946,392.31180015206337,0.9776986241340636
10,8226,1788548852865555555,913.4251432716846,390.4123937487602,0.975226104259491
10,8227,1788548852898900000,914.7573653757572,388.9513932988048,0.9824830293655396
10,8228,1788548852932233333,915.964580770582,386.041319437325,0.9814878106117249
10,8229,1788548852965577777,916.3872971832752,383.8409683406353,0.9816271662712096
10,8230,1788548852998922222,915.9327743649484,382.491062104702,0.9782814979553224
10,8231,1788548853032266666,914.457160294056,382.27060094475746,0.979094624519348
10,8232,1788548853065611111,913.3300724625587,379.8727019280195,0.978055477142334
10,8233,1788548853098955555,912.3875379264356,379.01923807896674,0.977443277835846
10,8234,1788548853132300000,911.8907111510634,378.3204097747803,0.9792640805244446
10,8235,1788548853165633333,912.2314152419568,376.05664455518126,0.9847963452339172
10,8236,1788548853198977777,912.8474248945712,373.9504064321518,0.9818044304847716
10,8237,1788548853232322222,913.8485204875468,370.67482537031174,0.9746837019920348
10,8238,1788548853265666666,914.419497936964,370.0137076601386,0.97901713848114
10,8239,1788548853299011111,915.3202721178532,366.71842765808105,0.971350371837616
10,8240,1788548853332355555,916.0284597426652,364.69016295671463,0.9743613004684448
10,8241,1788548853365700000,916.5115956664084,364.2624642848969,0.9745496511459352
10,8242,1788548853399033333,917.1537785679102,361.5751309990883,0.9676275253295898
10,8243,1788548853432377777,917.3981804549694,359.82767060399055,0.9751769304275512
10,8244,1788548853465722222,917.4660500884056,358.62772062420845,0.9663364887237548
10,8245,1788548853499066666,917.162189617753,358.64049765467644,0.9711528420448304
10,8246,1788548853532411111,917.454827517271,356.1570268422365,0.9672293066978456
10,8247,1788548853565755555,917.7757449299096,354.3425723016262,0.9766607880592346
10,8248,1788548853599100000,918.1618009358644,352.7922134101391,0.9723119139671326
10,8249,1788548853632433333,918.4065973162652,352.503729313612,0.9690667986869812
10,8250,1788548853665777777,918.6137910485268,351.94516111537814,0.972407042980194
10,8251,1788548853699122222,918.8249170780182,351.35583302378654,0.972636342048645
10,8252,1788548853732466666,919.509200155735,347.88703217357397,0.9711430072784424
10,8253,1788548853765811111,919.969479266554,344.90759048610926,0.97253680229187
10,8254,1788548853799155555,920.446940600872,341.7816767245531,0.974053919315338
10,8255,1788548853832500000,920.7814844101669,339.0732025876641,0.9692115783691406
10,8256,1788548853865833333,920.5532994270324,339.3133337199688,0.968419313430786
10,8257,1788548853899177777,920.2736631631852,339.29759961366653,0.970405340194702
10,8258,1788548853932522222,920.2090635150672,339.00060129124904,0.9721258878707886
10,8259,1788548853965866666,921.179490506649,334.04467095434666,0.9582444429397584
10,8260,1788548853999211111,921.6205193698406,333.5443396270275,0.96393620967865
10,8261,1788548854032555555,922.6817947030067,330.50493294000626,0.965096354484558
10,8262,1788548854065900000,923.6474316716194,327.2193960547447,0.9640496373176576
10,8263,1788548854099233333,924.0695858597755,325.5357174873352,0.9700943827629088
10,8264,1788548854132577777,924.3305292129515,323.7443147301674,0.962876796722412
10,8265,1788548854165922222,924.425266802311,322.0987235158682,0.9719485640525818
10,8266,1788548854199266666,924.520124912262,320.0043851956725,0.9627655148506165
10,8267,1788548854232611111,924.7208485901356,318.4944792687893,0.965976357460022
10,8268,1788548854265955555,924.9226560592653,316.8761382624507,0.9663257002830504
10,8269,1788548854299300000,924.948933146894,314.7154910862446,0.974533200263977
10,8270,1788548854332633333,924.7791143804787,312.3582935333252,0.9577211737632751
10,8271,1788548854365977777,924.3257936537266,311.52247819304466,0.9611085653305054
10,8272,1788548854399322222,924.1521356701852,310.25672271847725,0.961356282234192
10,8273,1788548854432666666,924.6040515899658,307.1380152106285,0.954561710357666
10,8274,1788548854466011111,925.0097627164796,306.46815127134323,0.9589930176734924
10,8275,1788548854499355555,925.9261342138052,303.35407242178917,0.956122875213623
10,8276,1788548854532700000,926.241879105568,303.0592264048755,0.9625064134597778
10,8277,1788548854566033333,927.0209467653184,305.8905160278082,0.9597889184951782
10,8278,1788548854599377777,927.1610851436852,307.3720624744892,0.968423068523407
10,8279,1788548854632722222,927.3785424530506,308.5763907134533,0.9608737230300904
10,8280,1788548854666066666,927.5467491447926,309.02484796755016,0.9657433032989502
10,8281,1788548854699411111,928.398233950138,311.00026945682475,0.9706227779388428
10,8282,1788548854732755555,929.2466739267112,312.26561695337296,0.961325705051422
10,8283,1788548854766100000,930.3534105420111,314.87314650416374,0.9626418352127076
10,8284,1788548854799433333,930.57833391428,314.8188212662935,0.9649141430854796
10,8285,1788548854832777777,931.3187011778356,316.39554846286774,0.971981167793274
10,8286,1788548854866122222,931.893728747964,317.8784130141139,0.9667513370513916
10,8287,1788548854899466666,932.389924108982,318.794488042593,0.968097984790802
10,8288,1788548854932811111,932.7518482804298,319.4720540344715,0.9650509357452391
10,8289,1788548854966155555,933.3837302029132,322.584756731987,0.9585483074188232
10,8290,1788548854999500000,933.4029380381108,323.9833929538727,0.9713248014450072
10,8291,1788548855032833333,933.2333700954914,325.0245025213808,0.9645382165908812
10,8292,1788548855066177777,933.0845224186778,325.5329742729664,0.9643157124519348
10,8293,1788548855099522222,933.310255855322,326.01974379085004,0.9657489061355592
10,8294,1788548855132866666,934.3995892107488,328.36313512921333,0.959471881389618
10,8295,1788548855166211111,935.33453053236,329.66899451613426,0.9696518182754515
10,8296,1788548855199555555,936.0283746011556,330.8521983772516,0.9710018634796144
10,8297,1788548855232900000,935.9969497143755,331.04927030578256,0.9748327136039734
10,8298,1788548855266233333,936.4325196743011,334.23286110162735,0.9656344056129456
10,8299,1788548855299577777,936.9548287987708,337.365895986557,0.9641178846359252
10,8300,1788548855332922222,936.8668892532588,337.37001460790634,0.9702633023262024
10,8301,1788548855366266666,937.8104377537966,339.8649220019579,0.967242419719696
10,8302,1788548855399611111,938.1815809756516,339.6374668776989,0.9711454510688782
10,8303,1788548855432955555,939.0453153327109,340.53905725479126,0.9666374325752258
10,8304,1788548855466300000,939.4469648897648,340.1773985475302,0.9715981483459472
10,8305,1788548855499633333,940.5642670989037,342.4649031460285,0.9622895121574402
10,8306,1788548855532977777,941.2819933593272,344.03598519042134,0.9762651324272156
10,8307,1788548855566322222,941.6200711727142,345.338111191988,0.9701615571975708
10,8308,1788548855599666666,942.0916590318084,347.7955448627472,0.9658890962600708
10,8309,1788548855633011111,942.0427578948438,347.50133913755417,0.9677648544311525
10,8310,1788548855666355555,942.123342461884,347.0114148464054,0.9713197946548462
10,8311,1788548855699700000,942.5130498409272,346.8358625024557,0.9709650278091432
10,8312,1788548855733033333,943.9455737657844,349.4557687342167,0.9667487740516664
10,8313,1788548855766377777,944.5061253607272,349.0575141645968,0.969623863697052
10,8314,1788548855799722222,946.0899973288178,352.5953100025654,0.956220805644989
10,8315,1788548855833066666,947.6263267993928,355.848373234272,0.9757803678512572
10,8316,1788548855866411111,948.8460681736468,359.13515120744705,0.9704569578170776
10,8317,1788548855899755555,948.9300178661942,359.863121047616,0.9752954840660096
10,8318,1788548855933100000,949.5016953647136,362.24136720597744,0.9759184122085572
10,8319,1788548855966433333,949.681097626686,363.65574872493744,0.9721115827560424
10,8320,1788548855999777777,949.829288586974,364.92868661880493,0.9768680930137634
10,8321,1788548856033122222,949.9885657234116,365.79730655252934,0.976193070411682
10,8322,1788548856066466666,950.7777927219868,368.251550167799,0.9748756885528564
10,8323,1788548856099811111,951.5386752486228,370.2174582183361,0.9741065502166748
10,8324,1788548856133155555,952.6018127501012,372.7703323960304,0.9679836630821228
10,8325,1788548856166500000,953.0027353400365,372.7890993505716,0.973169207572937
10,8326,1788548856199833333,954.2109768092632,375.8763068988919,0.973533034324646
10,8327,1788548856233177777,955.0056190211326,377.7635442465544,0.9771854281425476
10,8328,1788548856266522222,955.3588764667512,379.1500638872385,0.9742428064346312
10,8329,1788548856299866666,955.8427414447068,381.4801048338413,0.976677417755127
10,8330,1788548856333211111,955.7559853941202,382.46081203222275,0.97304368019104
10,8331,1788548856366555555,955.3691698908806,383.2968425750733,0.9788156747817992
10,8332,1788548856399900000,955.5902835428716,385.767041683197,0.9743903279304504
10,8333,1788548856433233333,955.5860114991664,386.2191323786974,0.9787618517875672
10,8334,1788548856466577777,956.0943985953928,388.28217962384224,0.9758858680725098
10,8335,1788548856499922222,956.929816313088,390.6307788789272,0.9747381806373596
10,8336,1788548856533266666,957.283675700426,391.4067893922329,0.9734416604042052
10,8337,1788548856566611111,958.0190165322274,394.02779357135296,0.9792858958244324
10,8338,1788548856599955555,958.7279198169708,396.19435715675354,0.9748716950416564
10,8339,1788548856633300000,958.8355607390404,396.73761254549026,0.9773513078689576
10,8340,1788548856666633333,959.5660818815232,399.4379014968872,0.972578763961792
10,8341,1788548856699977777,959.7308138012886,400.0739143565297,0.977150022983551
10,8342,1788548856733322222,960.236663788557,402.4654575884342,0.9716172218322754
10,8343,1788548856766666666,960.2458644509315,402.93186707794666,0.9727716445922852
10,8344,1788548856800011111,960.8448110073804,405.6317336559296,0.9712019562721252
10,8345,1788548856833355555,961.0034881264436,407.1371251791715,0.9766682982444764
10,8346,1788548856866700000,961.5462282001972,409.0122025050223,0.9678767919540404
10,8347,1788548856900033333,961.9592890515924,409.6471958756447,0.9731121063232422
10,8348,1788548856933377777,962.9142674803734,411.2586228847504,0.9642135500907898
10,8349,1788548856966722222,963.5779583752156,412.17869716882706,0.9614816904067992
10,8350,1788548857000066666,964.1043590456248,413.3466789126396,0.968024969100952
10,8351,1788548857033411111,964.8006746023892,415.624596118927,0.9596436619758606
10,8352,1788548857066755555,964.808824673295,416.05733243748546,0.9621467590332032
10,8353,1788548857100100000,965.34271427989,419.0793251171708,0.9591405391693116
10,8354,1788548857133433333,965.1763854771852,419.3500888347626,0.9584286212921144
10,8355,1788548857166777777,965.3487419784068,420.17126506567,0.9571592211723328
10,8356,1788548857200122222,965.6297176778316,420.9294422566891,0.9613816738128662
10,8357,1788548857233466666,966.7433598041534,423.64438557624817,0.9586210250854492
10,8358,1788548857266811111,967.6727254986764,425.32695960998535,0.9532582759857178
10,8359,1788548857300155555,968.1690362244844,426.4132709801197,0.9569514989852904
10,8360,1788548857333500000,968.8864884003996,428.6748221218586,0.956654131412506
10,8361,1788548857366833333,969.1588348299264,430.0084870774299,0.9615559577941896
10,8362,1788548857400177777,969.6097886264324,432.30969312787056,0.9560734033584596
10,8363,1788548857433522222,969.9585776627064,434.45968049764633,0.9547473192214966
10,8364,1788548857466866666,969.8108744174242,434.85047098994255,0.96058851480484
10,8365,1788548857500211111,970.4097622334956,437.71394288539886,0.955680787563324
10,8366,1788548857533555555,970.7955390959978,439.42056784033775,0.9641512632369996
10,8367,1788548857566900000,971.2690007090569,441.54961571097374,0.9646922945976256
10,8368,1788548857600233333,971.443621635437,441.7013874948025,0.9657619595527648
10,8369,1788548857633577777,971.9211215525866,441.9777566138655,0.9730278253555298
10,8370,1788548857666922222,972.911235332489,443.2824076712131,0.96532940864563
10,8371,1788548857700266666,974.6299001574516,445.7168524861336,0.9729172587394714
10,8372,1788548857733611111,977.1698835492134,446.51508274674416,0.976531982421875
10,8373,1788548857766955555,982.4609577357768,449.09318087249994,0.9706107974052428
10,8374,1788548857800300000,989.1878150999546,451.2304926663637,0.9854177832603456
10,8375,1788548857833633333,995.8640689700842,450.9971238912549,0.98814594745636
10,8376,1788548857866977777,1002.7561794668436,453.52620151638985,0.9803451299667358
10,8377,1788548857900322222,1008.0754482150078,454.10095128417015,0.9849010705947876
10,8378,1788548857933666666,1011.6106113791466,452.89323449134827,0.9827833771705629
10,8379,1788548857967011111,1015.0634302273392,454.34662142395973,0.9788187742233276
10,8380,1788548858000355555,1018.026217347011,454.7230082154274,0.9801942110061646
10,8381,1788548858033700000,1021.7244059145452,456.12310613691807,0.9818050861358644
10,8382,1788548858067033333,1026.482262969017,456.7115426957607,0.9786043763160706
10,8383,1788548858100377777,1032.0974857583642,457.41654884815216,0.9832640290260316
10,8384,1788548858133722222,1036.5037938654425,457.2246859371662,0.976187229156494
10,8385,1788548858167066666,1039.664309382439,457.6933718621731,0.97392475605011
10,8386,1788548858200411111,1040.8659546524286,458.540164411068,0.9729026556015016
10,8387,1788548858233755555,1040.025780102238,458.3583354651928,0.9782426357269288
10,8388,1788548858267100000,1038.5049262344835,461.01645765453577,0.9777662754058838
10,8389,1788548858300433333,1035.3858591914177,461.57611575722694,0.9796178340911864
10,8390,1788548858333777777,1032.9164207354188,464.6665224730969,0.9796689748764038
10,8391,1788548858367122222,1031.241458967328,468.2943910062313,0.9757089614868164
10,8392,1788548858400466666,1029.8923348113894,468.8177461028099,0.98016357421875
10,8393,1788548858433811111,1029.6148498654366,469.05599511787295,0.9797165989875792
10,8394,1788548858467155555,1030.2189615666866,470.5680899322033,0.9746400117874146
10,8395,1788548858500500000,1030.1868668496609,470.76767052710056,0.9791377186775208
10,8396,1788548858533833333,1030.1144359707832,474.2939117252826,0.9519700407981871
10,8397,1788548858567177777,1029.888517536223,478.81817546486855,0.9787899851799012
10,8398,1788548858600522222,1029.4941336214542,482.5250945985317,0.9579325914382936
10,8399,1788548858633866666,1029.453670412302,486.40579175949097,0.9732016921043396
10,8400,1788548858667211111,1029.4513524472711,489.1777468621731,0.9742164611816406
10,8401,1788548858700555555,1029.6410840451715,491.7342027723789,0.9781226515769958
10,8402,1788548858733900000,1029.9422253519297,493.9145584702492,0.9786165952682496
10,8403,1788548858767233333,1029.965941067785,494.5142265558243,0.9758434891700744
10,8404,1788548858800577777,1030.3774195313454,497.9280167669058,0.9762517213821412
10,8405,1788548858833922222,1030.0368548631668,498.24288277328014,0.9801146984100342
10,8406,1788548858867266666,1029.4441302120686,498.2325126826763,0.978123664855957
10,8407,1788548858900611111,1028.970645369962,498.3439951241016,0.9810674786567688
10,8408,1788548858933955555,1029.3371294140816,502.02756765298545,0.9748034477233888
10,8409,1788548858967300000,1029.0139265498146,502.67707619071007,0.9790622591972352
10,8410,1788548859000633333,1029.568841934204,507.36599403619766,0.899209201335907
10,8411,1788548859033977777,1028.8822947591543,507.8760418817401,0.8953691720962524
10,8412,1788548859067322222,1028.5263597369194,509.2895179092884,0.7796928286552429
10,8413,1788548859100666666,1027.715522825718,509.64556857943535,0.7746595740318298
10,8414,1788548859134011111,1027.3218000531197,510.1565725654363,0.6748601198196411
10,8415,1788548859167355555,1026.671206742525,510.1072587147355,0.6753161549568176
10,8416,1788548859200700000,1026.4804248511791,509.3215454816818,0.7422593235969543
10,8417,1788548859234033333,1026.239257350564,508.3278100788594,0.7669174671173096
10,8418,1788548859267377777,1026.49134221673,506.7804179787636,0.8527862429618835
10,8419,1788548859300722222,1026.7054141759872,504.6308983564377,0.9284555315971376
10,8420,1788548859334066666,1026.6355785131454,502.9662637487054,0.94674152135849
10,8421,1788548859367411111,1026.6525666117668,501.12280201911926,0.9659320116043092
10,8422,1788548859400755555,1026.9234045743942,498.6553130149842,0.9770118594169616
10,8423,1788548859434100000,1026.9863747600466,497.47740426659584,0.9775302410125732
10,8424,1788548859467433333,1027.2365575432775,495.5560259222984,0.978383719921112
10,8425,1788548859500777777,1027.6851478517056,493.6618543565274,0.979960799217224
10,8426,1788548859534122222,1028.1731161922216,492.01942480541766,0.9837037920951844
10,8427,1788548859567466666,1028.664049834013,490.3348237574101,0.97613263130188
10,8428,1788548859600811111,1029.2689244151115,488.5514481663704,0.9752320647239684
10,8429,1788548859634155555,1029.817673996091,486.95890042185783,0.9801029562950134
10,8430,1788548859667500000,1030.0100069921464,485.3192410171032,0.9806745648384094
10,8431,1788548859700833333,1029.9824518673122,484.9016684368253,0.9845129251480104
10,8432,1788548859734177777,1029.8890152350068,484.6156416833401,0.9830725193023682
10,8433,1788548859767522222,1029.6844099760056,484.2762910425663,0.9824268221855164
10,8434,1788548859800866666,1030.0694367215035,481.1470735520125,0.9637539386749268
10,8435,1788548859834211111,1030.5566989779472,477.742631405592,0.9763938784599304
10,8436,1788548859867555555,1031.132910773158,474.4222365617752,0.9529677629470824
10,8437,1788548859900900000,1032.0121708903462,470.5296137034893,0.9737406969070436
10,8438,1788548859934233333,1032.5052618086338,468.5412253141403,0.9723812341690063
10,8439,1788548859967577777,1033.0309499818832,466.2468622773886,0.9794732928276062
10,8440,1788548860000922222,1033.234748661518,464.9652994573116,0.980699896812439
10,8441,1788548860034266666,1033.3601855933666,463.5044730603695,0.9769941568374634
10,8442,1788548860067611111,1033.6007171571257,461.4819169938564,0.9756350517272948
10,8443,1788548860100955555,1034.200105920434,458.0077787791379,0.9818357825279236
10,8444,1788548860134300000,1034.7912445813415,456.0110247274861,0.9803311228752136
10,8445,1788548860167633333,1035.7469135522842,454.72361892461777,0.980248749256134
10,8446,1788548860200977777,1036.857834085822,452.9919691318646,0.98125821352005
10,8447,1788548860234322222,1037.6000995337963,452.204596221447,0.9795188307762146
10,8448,1788548860267666666,1037.889293521643,450.9177049323917,0.9820109605789183
10,8449,1788548860301011111,1037.9162260740995,449.4883180260658,0.9779022336006165
10,8450,1788548860334355555,1038.494773119688,446.340046197176,0.9745216965675354
10,8451,1788548860367700000,1039.1664234250784,444.2090741991997,0.973158597946167
10,8452,1788548860401033333,1039.5877348184586,443.93433690071106,0.9740827679634094
10,8453,1788548860434377777,1040.744145184755,440.7150688171387,0.956337869167328
10,8454,1788548860467722222,1041.1514667123556,440.33115234971046,0.9587834477424622
10,8455,1788548860501066666,1042.107006199658,437.26470440626144,0.946889102458954
10,8456,1788548860534411111,1042.6726973950863,437.0402839295566,0.9475012421607972
10,8457,1788548860567755555,1044.2117730379105,434.7183248102665,0.9207284450531006
10,8458,1788548860601100000,1046.2398960888386,433.9133307412267,0.867243230342865
10,8459,1788548860634433333,1048.3090608417988,434.022586049512,0.8385834097862244
10,8460,1788548860667777777,1050.3035022616386,433.1143952384591,0.8007639646530151
10,8461,1788548860701122222,1051.1930112093687,434.5122385323048,0.8018606305122375
10,8462,1788548860734466666,1052.6036117076874,431.808965459466,0.7734009623527527
10,8463,1788548860767811111,1053.7881887704134,430.5186521410942,0.7514124512672424
10,8464,1788548860801155555,1054.61175262928,431.1687150001526,0.7506264448165894
10,8465,1788548860834500000,1055.6122323274612,430.9690563995391,0.7412490248680115
10,8466,1788548860867833333,1056.3675121665,429.71135714650154,0.7193494439125061
10,8467,1788548860901177777,1057.0611647889018,427.3429657220841,0.7120189666748047
10,8468,1788548860934522222,1056.4753355383873,428.146433532238,0.7089014649391174
10,8469,1788548860967866666,1056.6104157567024,426.39374524354935,0.7050978541374207
10,8470,1788548861001211111,1056.4392994344234,426.41108790040016,0.7079461812973022
10,8471,1788548861034555555,1056.8298159837725,425.16430044174194,0.7144110798835754
10,8472,1788548861067900000,1057.7766074985266,424.6371045410633,0.7180920839309692
10,8473,1788548861101233333,1058.3118278980255,424.9815213866532,0.714704692363739
10,8474,1788548861134577777,1058.9455692134798,423.3274073302746,0.7103967666625977
10,8475,1788548861167922222,1058.7957589179275,422.2616121172905,0.7018041610717773
10,8476,1788548861201266666,1058.3117163479328,421.2338683903218,0.6718102097511292
10,8477,1788548861234611111,1057.618240982294,420.67750549316406,0.6590602397918701
10,8478,1788548861267955555,1058.863955706358,413.8480537086725,0.6929489374160767
10,8479,1788548861301300000,1058.3358733057976,412.9891139958054,0.7941403388977051
10,8480,1788548861334633333,1058.1327410787344,413.2276822477579,0.8058024048805237
10,8481,1788548861367977777,1057.8014920055866,411.7452091574669,0.8911253213882446
10,8482,1788548861401322222,1057.4857034683228,410.6525408625603,0.8919731974601746
11,8839,1788548873304722222,882.6666666666666,388.0,1.0
11,8840,1788548873338066666,883.1393768191338,387.48287841677666,0.989206850528717
11,8841,1788548873371411111,883.9569700472057,388.91232031583786,0.9225892424583436
11,8842,1788548873404744444,884.556133389473,389.5108378827572,0.8597351312637329
11,8843,1788548873438088888,885.5043825507164,398.439870685339,0.8610885739326477
11,8844,1788548873471433333,885.599948912859,399.01821242272854,0.8619242906570435
11,8845,1788548873504777777,886.4404074847698,410.94402999803424,0.9190067648887634
11,8846,1788548873538122222,886.4786448180676,411.50966158509254,0.938123881816864
11,8847,1788548873571466666,886.7952640801668,415.445194453001,0.9357653856277466
11,8848,1788548873604811111,886.7990304529667,415.721591591835,0.9441072344779968
11,8849,1788548873638144444,887.1872185915709,422.33574345707893,0.9355558753013612
11,8850,1788548873671488888,887.2112130820751,426.0988744273782,0.8840004205703735
11,8851,1788548873704833333,887.5614900290966,429.9984742839588,0.9372289776802064
11,8852,1788548873738177777,887.9282474592328,434.29469096660614,0.8539432883262634
11,8853,1788548873771522222,888.7359312772751,438.8477994054556,0.9374294877052308
11,8854,1788548873804866666,889.6445253789425,446.0598231032491,0.925066351890564
11,8855,1788548873838211111,889.8470542728901,447.07850643992424,0.9336066842079164
11,8856,1788548873871544444,890.5103525817394,455.0206265877932,0.9256868362426758
11,8857,1788548873904888888,890.4528074860573,456.56749534606934,0.9294880032539368
11,8858,1788548873938233333,890.5185995101929,461.004645133391,0.9256873726844788
11,8859,1788548873971577777,890.2631966471672,462.4123174250126,0.9217860102653505
11,8860,1788548874004922222,890.6976229846478,469.9209483712912,0.9229442477226256
11,8861,1788548874038266666,890.3438635468483,474.70182022452354,0.8551981449127197
11,8862,1788548874071611111,890.1859315484762,478.8782342672348,0.9266578555107116
11,8863,1788548874104944444,889.7737796455622,483.80720211565495,0.8604565858840942
11,8864,1788548874138288888,889.6669699251652,489.07874335348606,0.9100404977798462
11,8865,1788548874171633333,889.9436069466174,496.59591153264046,0.9099470973014832
11,8866,1788548874204977777,890.0437219776213,500.5747236609459,0.8505987524986267
11,8867,1788548874238322222,890.8100367039442,502.6641763448715,0.7757024168968201
11,8868,1788548874271666666,891.9339742958546,502.9824195206166,0.6857314109802246
11,8869,1788548874305011111,890.0,509.0,0.659258753657341
11,8870,1788548874338344444,891.8295024931431,504.17907597124577,0.7301546335220337
11,8871,1788548874371688888,891.6472447812557,504.6507882475853,0.7690085172653198
11,8872,1788548874405033333,890.967462990433,501.6116244196892,0.8198860883712769
11,8873,1788548874438377777,890.8210261911154,500.8323968946934,0.8158887624740601
11,8874,1788548874471722222,891.6829662322998,494.2710714936256,0.8107536435127258
11,8875,1788548874505066666,891.6685647070408,493.3214594721794,0.8339740037918091
11,8876,1788548874538411111,892.1212008818984,487.64539524912834,0.8388040661811829
11,8877,1788548874571744444,893.3698327541351,483.91707744449377,0.8128122687339783
11,8878,1788548874605088888,894.0529865920544,481.3858824670315,0.835795521736145
11,8879,1788548874638433333,894.5165725946426,477.7140842974186,0.8495959639549255
11,8880,1788548874671777777,894.761661246419,474.60045528411865,0.8990406394004822
11,8881,1788548874705122222,894.7209511101246,467.8899286314845,0.8198639154434204
11,8882,1788548874738466666,894.4676168262959,467.8155387789011,0.8257606029510498
11,8883,1788548874771811111,894.4224969148636,461.51538640260696,0.8382596969604492
11,8884,1788548874805144444,894.131779551506,460.98091030307114,0.8525269627571106
11,8885,1788548874838488888,894.1346864700317,454.07407531142235,0.8653698563575745
11,8886,1788548874871833333,893.9348449259996,454.1724052578211,0.8456884622573853
11,8887,1788548874905177777,893.7237018942833,454.5247172415257,0.8382887840270996
11,8888,1788548874938522222,893.7607429474592,454.80842657387257,0.8439779877662659
11,8889,1788548874971866666,893.6574587523937,454.6255357265472,0.8402706384658813
11,8890,1788548875005211111,894.4152862429619,442.1988597512245,0.8494808077812195
11,8891,1788548875038544444,894.2691570222378,441.4910788536072,0.8475408554077148
11,8892,1788548875071888888,894.5680364072323,439.583974391222,0.7624309659004211
11,8893,1788548875105233333,894.8859385699034,428.6768950819969,0.8542039394378662
11,8894,1788548875138577777,895.0242988597602,422.3281158208847,0.80759197473526
11,8895,1788548875171922222,894.6355676651001,422.0610572472214,0.7937862873077393
11,8896,1788548875205266666,894.8337747007608,414.92951191961765,0.7838625311851501
11,8897,1788548875238611111,894.9290101826191,414.16949170827866,0.7801293134689331
11,8898,1788548875271944444,895.2378570437431,410.33447739481926,0.7884564995765686
11,8899,1788548875305288888,895.6983807086945,405.93052930384874,0.7989786267280579
11,8900,1788548875338633333,896.2061907202005,402.0459210127592,0.9118861556053162
11,8901,1788548875371977777,896.0611670464277,402.54924950003624,0.910867154598236
11,8902,1788548875405322222,895.8716574162245,403.239671126008,0.9165339469909668
11,8903,1788548875438666666,895.8025012165308,403.8925649747253,0.9159122705459596
11,8904,1788548875472011111,895.9034159108996,403.642363011837,0.7773227095603943
11,8905,1788548875505344444,896.7763575464487,388.25461623072624,0.83876633644104
11,8906,1788548875538688888,896.8420209735632,383.6607654392719,0.917830228805542
11,8907,1788548875572033333,896.402015119791,384.388719022274,0.919322669506073
11,8908,1788548875605377777,896.6834699809551,378.535430431366,0.8997220993041992
11,8909,1788548875638722222,896.8159767836332,375.214907348156,0.8815802931785583
11,8910,1788548875672066666,897.1812575161457,370.1057218760252,0.9364514350891112
11,8911,1788548875705411111,897.6603620350361,367.22804453969,0.8918607234954834
11,8912,1788548875738744444,898.4851835668087,362.1987249404192,0.9243187308311462
11,8913,1788548875772088888,898.740975111723,359.86027251183987,0.8984020948410034
11,8914,1788548875805433333,898.8164028376341,355.19061364233494,0.933247208595276
11,8915,1788548875838777777,898.5538133382797,350.70596450567245,0.9242455959320068
11,8916,1788548875872122222,898.1149826422334,349.09788305312395,0.9382767677307128
11,8917,1788548875905466666,897.8213387578726,348.4184229671955,0.9302696585655212
11,8918,1788548875938811111,898.1574816852808,346.0411510095,0.9296448230743408
11,8919,1788548875972144444,898.8980820402503,340.54292276501656,0.8917237520217896
11,8920,1788548876005488888,899.5756682753563,338.0081875436008,0.9186012148857116
11,8921,1788548876038833333,900.3349432349205,333.2293010652065,0.9036505818367004
11,8922,1788548876072177777,900.8273664414884,329.0045548970811,0.9077789783477784
11,8923,1788548876105522222,901.522479891777,323.8038872182369,0.916750431060791
11,8924,1788548876138866666,901.92768317461,319.6519457399845,0.9019442796707152
11,8925,1788548876172211111,902.0661417990924,317.3272784948349,0.9201899766921996
11,8926,1788548876205544444,902.027609685436,315.38212925195694,0.9176257848739624
11,8927,1788548876238888888,902.1965245008467,312.7072124183178,0.9077355861663818
11,8928,1788548876272233333,902.7671310007572,306.93692045658827,0.9098878502845764
11,8929,1788548876305577777,903.2037810832262,307.01899713650346,0.9187304377555848
11,8930,1788548876338922222,904.0377787351608,305.4696923792362,0.915492296218872
11,8931,1788548876372266666,904.9851476363838,309.1294735521078,0.8763444423675537
11,8932,1788548876405611111,906.0004733806418,311.8796089068055,0.9096835851669312
11,8933,1788548876438944444,906.6462017893792,315.59064170718193,0.842007040977478
11,8934,1788548876472288888,907.6931830644608,319.80206921696663,0.8186919093132019
11,8935,1788548876505633333,908.535116672516,323.71803510189056,0.8496739864349365
11,8936,1788548876538977777,908.2735186815262,324.06942486763,0.8525235056877136
11,8937,1788548876572322222,908.1058888584377,327.6967874765396,0.7922340631484985
11,8938,1788548876605666666,908.2337893098592,333.39144617319107,0.834373414516449
11,8939,1788548876639011111,909.0100810388104,338.4241117835045,0.8222718238830566
11,8940,1788548876672344444,909.1431822776794,338.0507262609899,0.8122838139533997
11,8941,1788548876705688888,909.2032855302097,337.41025963425636,0.8043100833892822
11,8942,1788548876739033333,909.1267561912535,337.1918769925833,0.8036305904388428
11,8943,1788548876772377777,910.0427534468472,345.24350430071354,0.8128622174263
11,8944,1788548876805722222,911.0241429954768,348.22503700852394,0.8201951384544373
11,8945,1788548876839066666,911.2067432403564,356.6247696876526,0.7677469253540039
11,8946,1788548876872411111,912.6962005794048,364.02940507791936,0.8020890355110168
11,8947,1788548876905744444,912.7976762056352,366.8220276236534,0.8589971661567688
11,8948,1788548876939088888,912.9680435694754,370.2555047571659,0.9361689686775208
11,8949,1788548876972433333,913.4548911750315,376.06544598191977,0.9082932472229004
11,8950,1788548877005777777,913.5979734659196,377.30592435598373,0.9309162497520448
11,8951,1788548877039122222,913.701568633318,376.7782885879278,0.9361514449119568
11,8952,1788548877072466666,913.89541888237,376.03573071956635,0.939264714717865
11,8953,1788548877105811111,914.0855257958174,375.0640863776207,0.9390073418617249
11,8954,1788548877139144444,914.8330045044422,380.4007016122341,0.7313234806060791
11,8955,1788548877172488888,915.6909924149512,385.62742868065834,0.9006751179695129
11,8956,1788548877205833333,916.246385216713,401.7177209854126,0.6799769401550293
11,8957,1788548877239177777,916.8946122974156,401.9983088235603,0.8063809275627136
11,8958,1788548877272522222,917.3794234991074,405.296461969614,0.8144454956054688
11,8959,1788548877305866666,918.0787554606796,409.3318101167679,0.8735983371734619
11,8960,1788548877339211111,918.1463416069746,409.1860008686781,0.873410165309906
11,8961,1788548877372544444,918.0458381511272,408.8552890866995,0.8737254738807678
11,8962,1788548877405888888,918.4241300225258,414.2706969380379,0.871527910232544
11,8963,1788548877439233333,918.7592984735966,414.85248278081417,0.8584825992584229
11,8964,1788548877472577777,920.4771685898304,423.89712180942297,0.7556625008583069
11,8965,1788548877505922222,921.4236253798008,428.9403656087816,0.8059739470481873
11,8966,1788548877539266666,922.0858040973544,432.25167378783226,0.8111385107040405
11,8967,1788548877572611111,922.2704346776007,436.2177640348673,0.8076232075691223
11,8968,1788548877605944444,922.7329595983028,439.8382443189621,0.8096900582313538
11,8969,1788548877639288888,923.0727444291116,443.7016703784466,0.8125759959220886
11,8970,1788548877672633333,923.297838062048,445.5957442522049,0.8564409613609314
11,8971,1788548877705977777,923.5888688266276,448.05453065782785,0.8317400813102722
11,8972,1788548877739322222,923.6923233568668,455.02628488093615,0.8410060405731201
11,8973,1788548877772666666,923.7945445477962,455.20500829815865,0.8184119462966919
11,8974,1788548877806011111,924.1568059027196,459.0280502699315,0.8509169816970825
11,8975,1788548877839344444,924.7635430395604,462.6129713058472,0.8192176222801208
11,8976,1788548877872688888,925.5552009642124,467.91886891424656,0.8414047956466675
11,8977,1788548877906033333,926.281880825758,471.0781677439809,0.8671250343322754
11,8978,1788548877939377777,927.079519122839,473.0885506942868,0.8229600787162781
11,8979,1788548877972722222,927.308314561844,473.2403512150049,0.8168119192123413
11,8980,1788548878006066666,927.5122968256474,479.2092296481133,0.8368057012557983
11,8981,1788548878039411111,927.798056036234,483.7695684880018,0.8723875284194946
11,8982,1788548878072744444,928.2369756400584,485.9266992583871,0.832564115524292
11,8983,1788548878106088888,928.2016895860434,488.7934161424637,0.8663943409919739
11,8984,1788548878139433333,928.4764879047872,489.56911143660545,0.8313391804695129
11,8985,1788548878172777777,929.0404521413147,494.5976477563381,0.8548873066902161
11,8986,1788548878206122222,929.6018736362456,496.1392078101635,0.8825826644897461
11,8987,1788548878239466666,930.2087863981724,499.6513147652149,0.8534332513809204
11,8988,1788548878272811111,931.2502295076848,501.4600617289543,0.8278633952140808
11,8989,1788548878306144444,931.8105723559856,502.6338796019554,0.6031656265258789
11,8990,1788548878339488888,931.7912337332964,502.447546094656,0.6857913732528687
11,8991,1788548878372833333,931.9732109569012,501.5640806257725,0.8238381743431091
11,8992,1788548878406177777,932.0967557951808,498.11647295206785,0.8980547785758972
11,8993,1788548878439522222,932.034089591354,496.34875428676605,0.8647134900093079
11,8994,1788548878472866666,932.4060963988304,492.88896910846233,0.8136776089668274
11,8995,1788548878506211111,932.4804791510104,491.6235460937023,0.8370500802993774
11,8996,1788548878539544444,932.8609718233348,486.224564909935,0.8452941179275513
11,8997,1788548878572888888,933.0264874324204,484.90071772783995,0.864417314529419
11,8998,1788548878606233333,933.8703934699296,477.5280886590481,0.8392263054847717
11,8999,1788548878639577777,934.2557365596294,472.9105860218406,0.8602290749549866
11,9000,1788548878672922222,935.0194475073368,469.1896010190249,0.8344135880470276
11,9001,1788548878706266666,935.3342826962472,464.2503434419632,0.8700520992279053
11,9002,1788548878739611111,935.7760045528412,462.26002728939056,0.8661799430847168
11,9003,1788548878772944444,935.9826130978764,458.0706087201834,0.8444275856018066
11,9004,1788548878806288888,935.9617571718992,454.82073755562305,0.8437598347663879
11,9005,1788548878839633333,935.3588061630726,453.73622992634773,0.8784799575805664
11,9006,1788548878872977777,935.286030560732,452.4032436013222,0.8419890403747559
11,9007,1788548878906322222,935.8910485133528,444.1342970877886,0.8513333201408386
11,9008,1788548878939666666,936.2497701495886,439.7320532500744,0.8357117772102356
11,9009,1788548878973011111,936.7449626922609,435.5828963816166,0.8574010729789734
11,9010,1788548879006344444,936.702040463686,435.2539844214916,0.8573864698410034
11,9011,1788548879039688888,936.8943993598224,428.74100053310394,0.8274092674255371
11,9012,1788548879073033333,937.6117205023766,423.4622947871685,0.9005103707313538
11,9013,1788548879106377777,937.5572252869606,423.67645409703255,0.8959579467773438
11,9014,1788548879139722222,937.5714159607888,419.6772930622101,0.840848982334137
11,9015,1788548879173066666,937.1292484551668,419.8382880240679,0.8215181827545166
11,9016,1788548879206411111,937.5604841709136,412.1766158789396,0.7924283146858215
11,9017,1788548879239744444,937.199257671833,412.0496841929853,0.794899582862854
11,9018,1788548879273088888,937.754835754633,403.9795175604522,0.8894131779670715
11,9019,1788548879306433333,937.7285737097264,403.50741627812386,0.8987736105918884
11,9020,1788548879339777777,938.26401796937,396.4758667945862,0.913327693939209
11,9021,1788548879373122222,938.5470105409622,395.6617277264595,0.9242441654205322
11,9022,1788548879406466666,939.3121014535428,388.18666203320026,0.9189102053642272
11,9023,1788548879439811111,939.5085115134716,387.4861211180687,0.9232611060142516
11,9024,1788548879473144444,939.9506692625582,379.8628030568361,0.909862458705902
11,9025,1788548879506488888,940.2755388021468,376.3852081298828,0.8911831378936768
11,9026,1788548879539833333,940.5772769749163,372.557134538889,0.916218101978302
11,9027,1788548879573177777,940.5496149659156,371.00074217055226,0.9031651616096495
11,9028,1788548879606522222,940.67590123415,367.6731876134872,0.9166808128356934
11,9029,1788548879639866666,940.4410078525544,368.5638754367829,0.9192503094673156
11,9030,1788548879673211111,940.1747456341982,369.53429141640663,0.9210703372955322
11,9031,1788548879706544444,940.0067249531858,370.1986529380083,0.9261558651924132
11,9032,1788548879739888888,941.077795214951,356.58280795812607,0.8704696297645569
11,9033,1788548879773233333,941.5891608297824,355.7711262255907,0.9161033630371094
11,9034,1788548879806577777,941.9106196314096,356.1536004692316,0.9242742657661438
11,9035,1788548879839922222,942.8771305456758,344.24200853705406,0.852357804775238
11,9036,1788548879873266666,942.9431442916392,343.09242298454046,0.9149518013000488
11,9037,1788548879906611111,942.923545204103,337.8526676893234,0.9108089804649352
11,9038,1788548879939944444,942.4927399158478,336.60792061686516,0.9176920652389526
11,9039,1788548879973288888,942.042196623981,331.52546232938766,0.9011793732643129
11,9040,1788548880006633333,941.589323490858,329.0578722655773,0.8992534279823303
11,9041,1788548880039977777,941.3916455507278,325.6056264936924,0.8688487410545349
11,9042,1788548880073322222,941.658760935068,324.8469492793083,0.884446382522583
11,9043,1788548880106666666,942.1744161993264,319.8026520013809,0.8653781414031982
11,9044,1788548880140000000,943.0648325160146,314.8589950501919,0.8318266868591309
11,9045,1788548880173344444,943.567524522543,311.80049838125706,0.8693056106567383
11,9046,1788548880206688888,944.4910773932934,308.56848099827766,0.8374294638633728
11,9047,1788548880240033333,944.64056289196,306.04543206840754,0.8113871812820435
11,9048,1788548880273377777,944.8914622217416,302.49130553007126,0.8298226594924927
11,9049,1788548880306722222,944.9530122429132,299.9700772538781,0.8342095017433167
11,9050,1788548880340066666,945.8357413113116,300.94730511307716,0.8410187363624573
11,9051,1788548880373400000,946.139884263277,302.83119267225266,0.8470064401626587
11,9052,1788548880406744444,946.341809719801,308.31587290763855,0.8018826842308044
11,9053,1788548880440088888,947.0108050545678,311.48638221621513,0.8382355570793152
11,9054,1788548880473433333,948.1522862315178,316.27072766423225,0.8359287977218628
11,9055,1788548880506777777,948.119735442102,319.15653708577156,0.8704630136489868
11,9056,1788548880540122222,948.4603243172168,322.9113827124238,0.8801741003990173
11,9057,1788548880573466666,948.7097694277765,328.447735786438,0.8366096615791321
11,9058,1788548880606800000,949.0860440135002,330.90840048342943,0.8468580842018127
11,9059,1788548880640144444,949.6425472795964,336.1456489712,0.8870757818222046
11,9060,1788548880673488888,950.2056542485952,340.8066832572222,0.8469626307487488
11,9061,1788548880706833333,950.625660777092,344.8763271123171,0.8415465354919434
11,9062,1788548880740177777,950.9798148311676,347.83664667606354,0.9196491837501526
11,9063,1788548880773522222,950.9786646533756,347.8621934503317,0.9083030223846436
11,9064,1788548880806866666,951.6422365009784,352.5870061814785,0.8795574307441711
11,9065,1788548880840200000,952.5341784358023,357.47631254792213,0.8656138181686401
11,9066,1788548880873544444,953.8727944493294,362.771131336689,0.8430995345115662
11,9067,1788548880906888888,954.1344340443612,362.7840901762247,0.835716187953949
11,9068,1788548880940233333,954.202005520463,362.78898717463017,0.8336485028266907
11,9069,1788548880973577777,954.436183065176,366.1026422977447,0.8459088802337646
11,9070,1788548881006922222,955.1972815692424,369.98940037190914,0.862324059009552
11,9071,1788548881040266666,954.989606753923,369.73786878585815,0.8505250811576843
11,9072,1788548881073600000,957.0143598383293,384.9111469089985,0.8253321647644043
11,9073,1788548881106944444,957.6792288720608,385.9297360405326,0.84920734167099
11,9074,1788548881140288888,958.5019461512566,392.7031430006027,0.8319689035415649
11,9075,1788548881173633333,958.9601339772344,394.92067451775074,0.8400146961212158
11,9076,1788548881206977777,959.2582260668278,397.20589286088943,0.8155577778816223
11,9077,1788548881240322222,958.9747321624308,397.26855647563934,0.8077412247657776
11,9078,1788548881273666666,959.7674401849508,403.9448222033679,0.8585755825042725
11,9079,1788548881307000000,959.8761939108372,407.5553653240204,0.8835672736167908
11,9080,1788548881340344444,960.2252332866192,410.9992929602158,0.9000127911567688
11,9081,1788548881373688888,960.0582438856364,413.4237109124661,0.9043653607368468
11,9082,1788548881407033333,960.5914511978626,416.47976964712143,0.904507040977478
11,9083,1788548881440377777,960.7720523923635,418.235035315156,0.9109452366828918
11,9084,1788548881473722222,961.2275995016098,420.0118661718443,0.9033485054969788
11,9085,1788548881507066666,962.0400896780192,425.2443876564503,0.8175719380378723
11,9086,1788548881540400000,963.3276459872724,429.6476937830448,0.9100176692008972
11,9087,1788548881573744444,963.5718132555484,433.17917086184025,0.8992204666137695
11,9088,1788548881607088888,963.7781107872725,433.0035974527709,0.8952016830444336
11,9089,1788548881640433333,964.6110157370568,439.13787111639977,0.9124924540519714
11,9090,1788548881673777777,964.8446323126554,439.4029283225536,0.89361572265625
11,9091,1788548881707122222,965.7146576344968,445.3763339817524,0.8860042095184326
11,9092,1788548881740466666,965.5149156153202,450.14885514974594,0.8742222189903259
11,9093,1788548881773800000,966.1893483698368,453.2823343873024,0.8714689612388611
11,9094,1788548881807144444,966.0400421880186,457.33680099248886,0.8702670931816101
11,9095,1788548881840488888,967.067356467247,461.43882924318314,0.8594537377357483
11,9096,1788548881873833333,967.792998805642,467.6551449596882,0.8676967620849609
11,9097,1788548881907177777,968.1374879926444,467.5222824215889,0.8536380529403687
11,9098,1788548881940522222,968.2945912182332,471.2648178637028,0.8820735812187195
11,9099,1788548881973866666,969.299791753292,474.0481880716979,0.8551238775253296
11,9100,1788548882007200000,969.6457408070564,473.9887239672243,0.850645124912262
11,9101,1788548882040544444,969.5482101738452,473.85773108899593,0.8471997976303101
11,9102,1788548882073888888,969.7278386950492,479.5648448765278,0.8202846050262451
11,9103,1788548882107233333,970.002093563322,483.0147200524807,0.8163344860076904
11,9104,1788548882140577777,970.1476383805276,496.13757191598415,0.77081698179245
11,9105,1788548882173922222,970.4724269211292,499.00832110177726,0.8312566876411438
11,9106,1788548882207266666,970.1588957905768,500.6258985698223,0.863640308380127
11,9107,1788548882240600000,970.3201212584972,504.0838578119874,0.7944990992546082
11,9108,1788548882273944444,970.7753011733294,504.08337814360857,0.7909975051879883
11,9109,1788548882307288888,970.9264377579092,503.8530854731798,0.7873664498329163
11,9110,1788548882340633333,970.752758666873,503.7858568131924,0.7903767824172974
11,9111,1788548882373977777,970.6247009038924,503.7158280611038,0.7584301829338074
11,9112,1788548882407322222,970.0779358446598,502.5414613187313,0.88482266664505
11,9113,1788548882440666666,969.9544756710528,498.69487726688385,0.8980598449707031
11,9114,1788548882474000000,969.9822716284544,497.3854159116745,0.8666282296180725
11,9115,1788548882507344444,971.2425096035004,490.09544272720814,0.856194019317627
11,9116,1788548882540688888,971.4626931250097,488.7859644293785,0.8695096969604492
11,9117,1788548882574033333,972.0931671485304,482.6306861937046,0.8804869651794434
11,9118,1788548882607377777,972.3061775267124,478.3179542720318,0.8285815119743347
11,9119,1788548882640722222,972.6815257072448,475.02339988946915,0.8422622084617615
11,9120,1788548882674066666,972.635605543852,472.4663965702057,0.8623178005218506
11,9121,1788548882707400000,972.526622235775,472.9881015047431,0.865054726600647
11,9122,1788548882740744444,973.083396308124,468.1618072092533,0.893869161605835
11,9123,1788548882774088888,972.9865289619192,466.0517178103328,0.9143440127372742
11,9124,1788548882807433333,973.3963276147842,463.10151666402817,0.8879078030586243
11,9125,1788548882840777777,973.768224388361,459.50324833393097,0.882653534412384
11,9126,1788548882874122222,973.8797592893244,452.99550126865506,0.8520722985267639
11,9127,1788548882907466666,973.9753058273344,449.06859163194895,0.8697111010551453
11,9128,1788548882940800000,974.4315937459468,445.2698997557163,0.8282392024993896
11,9129,1788548882974144444,974.8498003929852,438.94086250290275,0.8722131848335266
11,9130,1788548883007488888,974.8105266094208,439.03958811610937,0.8716481328010559
11,9131,1788548883040833333,974.7724982202052,439.4011726677418,0.8626868724822998
11,9132,1788548883074177777,974.6548940241336,439.97007194161415,0.8610023856163025
11,9133,1788548883107522222,974.4852598905564,440.66164699196815,0.861041784286499
11,9134,1788548883140866666,975.639449506998,432.5915676057338,0.7685627341270447
11,9135,1788548883174200000,976.1864565163852,432.1123262047768,0.7728728652000427
11,9136,1788548883207544444,975.373335838318,427.21101558208466,0.7630488872528076
11,9137,1788548883240888888,977.1877263784407,417.86060696840286,0.7975381016731262
11,9138,1788548883274233333,977.17874892056,413.58307337760925,0.8147705793380737
11,9139,1788548883307577777,978.4109712541104,410.39173153042793,0.7773858904838562
11,9140,1788548883340922222,978.1312306821346,406.32189106941223,0.8014436960220337
11,9141,1788548883374266666,978.1050492301584,403.6300711929798,0.7506946325302124
11,9142,1788548883407600000,979.1260519325732,403.81528666615486,0.7541114091873169
11,9143,1788548883440944444,979.178186044097,404.122400842607,0.7564523816108704
11,9144,1788548883474288888,978.9966352623888,404.4376850128174,0.7479795217514038
11,9145,1788548883507633333,977.4408655464648,392.96477853134274,0.7179694771766663
11,9146,1788548883540977777,977.1600840389729,392.4225285947323,0.7138984799385071
11,9147,1788548883574322222,977.2850255072116,388.6898186504841,0.6821085810661316
11,9148,1788548883607666666,977.8599931150676,377.578522592783,0.8728245496749878
11,9149,1788548883641000000,978.310171931982,376.6781034469605,0.8551172018051147
11,9150,1788548883674344444,978.8112623542548,374.11141980439425,0.7216026782989502
11,9151,1788548883707688888,979.3230578303336,370.4819440841675,0.8491314649581909
11,9152,1788548883741033333,980.1545094251632,364.25210082530975,0.8562692403793335
11,9153,1788548883774377777,980.3885024487972,359.8663192987442,0.887503981590271
11,9154,1788548883807722222,980.1571194827555,360.498238325119,0.8867847323417664
11,9155,1788548883841066666,979.917768970132,361.1575522571802,0.8954654932022095
11,9156,1788548883874400000,980.235772833228,358.9443136230111,0.8264724016189575
11,9157,1788548883907744444,981.033827137202,351.2570890188217,0.8093186616897583
11,9158,1788548883941088888,981.3866899311544,351.0767487436533,0.8113662600517273
11,9159,1788548883974433333,982.098357833922,348.86295226216316,0.7619806528091431
11,9160,1788548884007777777,983.0432716608047,334.11902786791325,0.888923704624176
11,9161,1788548884041122222,983.4746616482736,327.773787394166,0.8428345918655396
11,9162,1788548884074466666,983.740713953972,326.22030894458294,0.8704051971435547
11,9163,1788548884107800000,984.0172881837934,324.03512117266655,0.822443425655365
11,9164,1788548884141144444,984.1270557790996,321.4118476510048,0.8526005744934082
11,9165,1788548884174488888,984.348530769348,316.5818709731102,0.8776340484619141
11,9166,1788548884207833333,984.6280379295348,314.79925137758255,0.8798244595527649
11,9167,1788548884241177777,984.8431300520896,308.7957041710615,0.884921133518219
11,9168,1788548884274522222,984.740465849638,307.21088257431984,0.8945048451423645
11,9169,1788548884307866666,985.1929722577332,302.75633443892,0.880424976348877
11,9170,1788548884341200000,985.753751412034,304.14920592308044,0.8893492817878723
11,9171,1788548884374544444,987.1761989444494,309.3640554845333,0.7852734923362732
11,9172,1788548884407888888,987.847322627902,309.85016709566116,0.8388761281967163
11,9173,1788548884441233333,988.9105101823808,311.985751837492,0.8126192092895508
11,9174,1788548884474577777,988.9986810763368,317.27422869205475,0.815661609172821
11,9175,1788548884507922222,989.4572736024857,322.7928669452667,0.8363652229309082
11,9176,1788548884541266666,989.7846069484948,326.5328493118286,0.8960090279579163
11,9177,1788548884574600000,989.842991799116,327.11183512955904,0.9042245149612428
11,9178,1788548884607944444,990.3258950710295,330.18174166977406,0.8181040287017822
11,9179,1788548884641288888,991.5307882726192,337.20149733126163,0.8945850133895874
11,9180,1788548884674633333,992.006088625174,340.1023867428303,0.898228108882904
11,9181,1788548884707977777,992.17290315032,343.6627327501774,0.8757250308990479
11,9182,1788548884741322222,992.6650290191174,349.1875497996807,0.8946306109428406
11,9183,1788548884774666666,993.326292514801,355.66083639860153,0.8935421705245972
11,9184,1788548884808000000,993.9048835262656,357.1101086065173,0.9030137658119202
11,9185,1788548884841344444,994.5964463949203,356.87477818131447,0.9025393724441528
11,9186,1788548884874688888,995.1290778517724,359.49060395359993,0.8607625961303711
11,9187,1788548884908033333,995.6409124135972,364.3690194189549,0.8782389163970947
11,9188,1788548884941377777,995.152984648943,364.1665617376566,0.887810230255127
11,9189,1788548884974722222,996.7920699864626,379.47317734360695,0.6770584583282471
11,9190,1788548885008066666,997.0692965835332,379.2766913473606,0.7066752910614014
11,9191,1788548885041400000,997.9809645153582,380.24067482352257,0.7029469609260559
11,9192,1788548885074744444,1002.2898691892624,385.66174817085266,0.5966755747795105
11,9193,1788548885108088888,1001.0388111025096,387.2845986783505,0.6292006969451904
11,9194,1788548885141433333,1001.3333333333334,394.6666666666667,1.0
11,9195,1788548885174777777,1000.68010699749,394.90285436809063,0.995040774345398
11,9196,1788548885208122222,1000.2223083674908,400.3233463168144,0.950181484222412
11,9197,1788548885241466666,1004.0,405.3333333333333,1.0
11,9198,1788548885274800000,1004.2191015183926,406.58192735910416,0.8537996411323547
11,9199,1788548885308144444,1005.1125636026264,409.4022408127785,0.8419532179832458
11,9200,1788548885341488888,1000.0,413.3333333333333,1.0
11,9201,1788548885374833333,999.7211284339428,412.4879955649376,0.9954351782798768
11,9202,1788548885408177777,1000.1335584968328,411.9956165780314,0.9976763129234314
11,9203,1788548885441522222,999.880194284022,411.39593598246574,0.9957017302513124
11,9204,1788548885474866666,1000.0599984154104,411.1829927712679,0.9950432181358336
11,9205,1788548885508200000,1002.0482625998555,420.38388699293137,0.9030508995056152
11,9206,1788548885541544444,1002.6666666666666,425.3333333333333,1.0
11,9207,1788548885574888888,1003.2412082850932,432.15980872511864,0.8167119026184082
11,9208,1788548885608233333,1002.6184740662576,438.68976297974586,0.7808701395988464
11,9209,1788548885641577777,1002.2191901355982,439.8259131163358,0.7624248266220093
11,9210,1788548885674922222,1001.9355029836296,446.0590282790363,0.7491782903671265
11,9211,1788548885708266666,1001.5,439.5,0.7620962244272232
11,9212,1788548885741600000,1004.0,446.6666666666667,1.0
11,9213,1788548885774944444,1004.7477304637432,447.7843488007784,0.9508759379386902
11,9214,1788548885808288888,1005.2416360229254,452.887414611876,0.9349122643470764
11,9215,1788548885841633333,1005.4216310977936,455.72366297245026,0.861444890499115
11,9216,1788548885874977777,1005.4219961166382,459.92699129879475,0.9344328045845032
11,9217,1788548885908322222,1005.017357043922,463.09523133188486,0.8588014841079712
11,9218,1788548885941666666,1005.116284750402,466.7428222000599,0.935025155544281
11,9219,1788548885975000000,1005.3414117395878,471.52134957909584,0.9284722805023192
11,9220,1788548886008344444,1005.8117785900832,476.6831187903881,0.852526843547821
11,9221,1788548886041688888,1006.2262149006128,478.1475888341665,0.9335150122642516
11,9222,1788548886075033333,1006.8110232055188,483.324011862278,0.8496038913726807
11,9223,1788548886108377777,1007.3709863126278,485.2707007229328,0.9209047555923462
11,9224,1788548886141722222,1007.4480775594712,486.3900777697563,0.87491375207901
11,9225,1788548886175055555,1007.617549598217,491.48188987374306,0.9200892448425292
11,9226,1788548886208400000,1007.4082231521606,492.767158895731,0.8594116568565369
11,9227,1788548886241744444,1006.997724056244,492.7081452012062,0.8661409616470337
11,9228,1788548886275088888,1006.7173515558244,492.67061498761177,0.8697379231452942
11,9229,1788548886308433333,1006.2750627994536,495.6743387877941,0.902883768081665
11,9230,1788548886341777777,1008.0,504.0,1.0
11,9231,1788548886375122222,1007.9479848183692,503.78313644230366,0.9925050735473632
11,9232,1788548886408455555,1008.0,492.0,1.0
11,9233,1788548886441800000,1008.3668192029,490.0743868201971,0.8900163769721985
11,9234,1788548886475144444,1008.9522483609616,482.0480076894164,0.8467850089073181
11,9235,1788548886508488888,1009.4976748526096,477.5599584579468,0.8644860982894897
11,9236,1788548886541833333,1009.2826351821424,477.0698122307658,0.8771944642066956
11,9237,1788548886575177777,1009.0985608175396,474.4140819609165,0.8567272424697876
11,9238,1788548886608522222,1009.2583936452866,472.21843376755714,0.8636550903320312
11,9239,1788548886641855555,1009.6675093472004,466.6954776346683,0.8372790813446045
11,9240,1788548886675200000,1010.0569426417352,464.3905119597912,0.8400546908378601
11,9241,1788548886708544444,1010.6574097573756,458.6022617816925,0.8060281872749329
11,9242,1788548886741888888,1011.5570217967032,452.7642732858658,0.7922279834747314
11,9243,1788548886775233333,1011.3531984686852,450.1123202741146,0.7949931025505066
11,9244,1788548886808577777,1014.0,447.0,0.7833730137348175
11,9245,1788548886841922222,1014.0,443.0,0.8126590991020203
11,9246,1788548886875255555,1015.0,442.0,0.7451171493530273
11,9247,1788548886908600000,1016.0,438.0,0.7658694112300872
11,9248,1788548886941944444,1016.0,433.3333333333333,1.0
11,9249,1788548886975288888,1017.3333333333334,428.0,1.0
11,9250,1788548887008633333,1016.7841154783964,428.1484761685133,0.99244886636734
11,9251,1788548887041977777,1014.6666666666666,425.3333333333333,1.0
11,9252,1788548887075322222,1015.340670645237,419.19600826501846,0.937989056110382
11,9253,1788548887108655555,1014.8641640990973,418.8525416702032,0.9070338010787964
11,9254,1788548887142000000,1016.3615026175976,416.3604838848114,0.908151149749756
11,9255,1788548887175344444,1015.6128311157228,415.4133550226688,0.9063903093338012
11,9256,1788548887208688888,1015.4424567818642,409.70028215646744,0.8993667364120483
12,9591,1788548898378544444,850.6666666666666,408.0,1.0
12,9592,1788548898411888888,851.494873970747,408.6795610487461,0.9289222955703736
12,9593,1788548898445233333,852.1158989444375,409.4278218746186,0.8981282114982605
12,9594,1788548898478577777,853.9043642133474,413.5924803614616,0.8379554152488708
12,9595,1788548898511911111,854.59652531147,413.8014873415232,0.83467698097229
12,9596,1788548898545255555,855.2730044722557,415.067424364388,0.8159605860710144
12,9597,1788548898578600000,855.8696942180395,417.2238832861185,0.8222530484199524
12,9598,1788548898611944444,855.80792991817,418.4644474387169,0.7938158512115479
12,9599,1788548898645288888,856.1063742637634,420.0400001518428,0.7958336472511292
12,9600,1788548898678633333,856.5933273136616,421.2560321986675,0.7856254577636719
12,9601,1788548898711977777,857.6950921118259,423.07082184404135,0.8439030647277832
12,9602,1788548898745311111,858.2554242312908,423.1403220295906,0.8491721749305725
12,9603,1788548898778655555,859.0536458231509,424.936466678977,0.8622472882270813
12,9604,1788548898812000000,859.6903518736362,426.9393117763102,0.8448542952537537
12,9605,1788548898845344444,860.8792319446802,429.5789834558964,0.7844933271408081
12,9606,1788548898878688888,861.6458968520164,430.7037450671196,0.8198989629745483
12,9607,1788548898912033333,861.9895318401977,431.83716893196106,0.8333297967910767
12,9608,1788548898945377777,862.6585694849491,433.9109106361866,0.8447391390800476
12,9609,1788548898978711111,862.8800976574421,434.5505166053772,0.8490606546401978
12,9610,1788548899012055555,863.1370694935322,436.7950467318296,0.8601966500282288
12,9611,1788548899045400000,863.4441640973091,437.7918189615011,0.8635029196739197
12,9612,1788548899078744444,864.3180228471756,440.1502401828766,0.8642120361328125
12,9613,1788548899112088888,864.9922906695865,440.81836929917336,0.868144690990448
12,9614,1788548899145433333,865.9322454929352,442.4596035480499,0.8308976292610168
12,9615,1788548899178777777,866.3673746585846,442.0120200831443,0.8298249244689941
12,9616,1788548899212111111,867.1207724884152,442.63452994823456,0.8260123133659363
12,9617,1788548899245455555,867.6191388070583,444.6046532988548,0.8303885459899902
12,9618,1788548899278800000,868.0294830240309,446.0260803047568,0.8192790150642395
12,9619,1788548899312144444,868.2269276082516,447.2994256913662,0.8071019649505615
12,9620,1788548899345488888,868.5135962069035,447.5854481756687,0.8103079199790955
12,9621,1788548899378833333,868.8535548448563,448.9965505667497,0.8037906885147095
12,9622,1788548899412177777,869.05672204867,448.8297999799251,0.8140227794647217
12,9623,1788548899445511111,869.6277950406075,449.95844838023186,0.8146311044692993
12,9624,1788548899478855555,870.1040789857507,451.29245153069496,0.8601317405700684
12,9625,1788548899512200000,870.5892928242683,451.5556917190552,0.8465582132339478
12,9626,1788548899545544444,870.5019863843918,452.3009076416493,0.8460161685943604
12,9627,1788548899578888888,870.7179459631443,455.049062512815,0.8525196313858032
12,9628,1788548899612233333,870.6234576106071,455.3409013450146,0.8612972497940063
12,9629,1788548899645577777,870.8546498417854,456.6388742029667,0.8029442429542542
12,9630,1788548899678911111,870.6051591336727,456.7587883323431,0.804732620716095
12,9631,1788548899712255555,870.3468973636627,456.657004237175,0.8024542927742004
12,9632,1788548899745600000,870.4216014444828,458.2938600182533,0.8299346566200256
12,9633,1788548899778944444,871.253623008728,461.8813109174371,0.8274341225624084
12,9634,1788548899812288888,871.4486665129662,461.5526567399502,0.820825457572937
12,9635,1788548899845633333,872.2402249127626,465.285441339016,0.8454020619392395
12,9636,1788548899878977777,873.548121869564,468.89110754430294,0.8753328323364258
12,9637,1788548899912311111,873.8257515281439,470.92456484586,0.800872802734375
12,9638,1788548899945655555,874.1265499144793,471.8087798804045,0.8206061124801636
12,9639,1788548899979000000,874.8085669130087,474.05566696450114,0.8074072599411011
12,9640,1788548900012344444,875.0440356619656,474.0969610661268,0.8099305033683777
12,9641,1788548900045688888,875.4795164167881,474.7187679409981,0.7965049147605896
12,9642,1788548900079033333,875.5379879176617,475.60296019911766,0.8097754120826721
12,9643,1788548900112377777,875.7684722542763,477.7339341342449,0.8026701807975769
12,9644,1788548900145711111,875.7983358502388,478.8515118062496,0.8319507837295532
12,9645,1788548900179055555,875.998825722374,481.0484438762069,0.8205013871192932
12,9646,1788548900212400000,876.2298314869404,482.077274851501,0.835830807685852
12,9647,1788548900245744444,876.5136092603207,483.9995318663714,0.8121883869171143
12,9648,1788548900279088888,876.5784012079239,485.2603485584259,0.8402943015098572
12,9649,1788548900312433333,877.5344569385052,488.88887889683247,0.843591570854187
12,9650,1788548900345777777,877.7249245047569,490.83431899547577,0.8031513094902039
12,9651,1788548900379111111,877.7009947896004,490.97088769078255,0.7971282005310059
12,9652,1788548900412455555,878.0058924150653,490.59421241283417,0.7933116555213928
12,9653,1788548900445800000,878.0808695927262,489.9623381979763,0.7915523052215576
12,9654,1788548900479144444,879.4190934598446,492.412110298872,0.8361684083938599
12,9655,1788548900512488888,880.0152918640524,492.7725103795528,0.8285699486732483
12,9656,1788548900545833333,880.1860784292221,494.2274271994829,0.8760630488395691
12,9657,1788548900579177777,880.1251294314861,495.9963919206057,0.8181846737861633
12,9658,1788548900612511111,879.6517881453037,496.30141550302505,0.8115832805633545
12,9659,1788548900645855555,879.6492182612419,497.43965274095535,0.7832390666007996
12,9660,1788548900679200000,879.6891096830368,497.5875069797039,0.7759014368057251
12,9661,1788548900712544444,880.6165011227131,497.3140508234501,0.8090080618858337
12,9662,1788548900745888888,881.3057853579521,497.01525415480137,0.8226853609085083
12,9663,1788548900779233333,882.1079370006919,496.7595020830631,0.8181385397911072
12,9664,1788548900812577777,882.5589913129807,496.9274411275983,0.8458688259124756
12,9665,1788548900845911111,883.4757646918297,496.86423559486866,0.839203953742981
12,9666,1788548900879255555,883.5319040417671,497.27280777692795,0.8285545110702515
12,9667,1788548900912600000,883.5811909735203,497.5845693349838,0.8223011493682861
12,9668,1788548900945944444,883.2366298139095,497.9989143492421,0.8289370536804199
12,9669,1788548900979288888,884.3169086575508,495.0076015670784,0.865428626537323
12,9670,1788548901012633333,884.3923527896404,494.5530753135681,0.8105102181434631
12,9671,1788548901045977777,884.7320937216282,492.11336149275303,0.8601146340370178
12,9672,1788548901079311111,885.6449502110481,487.9091098383069,0.8096693158149719
12,9673,1788548901112655555,886.0787042304873,487.1797202825546,0.8065033555030823
12,9674,1788548901146000000,887.2518514990807,483.9837957508862,0.8600103259086609
12,9675,1788548901179344444,887.7707435488701,483.33376288414,0.8254536986351013
12,9676,1788548901212688888,889.0226634703577,480.3417186141014,0.8594918847084045
12,9677,1788548901246033333,889.162386611104,480.32644325494766,0.8308932781219482
12,9678,1788548901279377777,889.2413025647402,479.3012900650501,0.8515598177909851
12,9679,1788548901312711111,889.7326398193836,478.19326385855675,0.884337306022644
12,9680,1788548901346055555,890.3657884597778,475.4136031270027,0.8470142483711243
12,9681,1788548901379400000,890.9604763500392,474.97630854323506,0.8509262800216675
12,9682,1788548901412744444,891.45901080966,473.2575708627701,0.8325324654579163
12,9683,1788548901446088888,892.4222525060177,472.0137483626604,0.8610386252403259
12,9684,1788548901479433333,893.2455753535032,469.9923502225429,0.8560673594474792
12,9685,1788548901512777777,893.2918168008327,470.0050706700422,0.8506768941879272
12,9686,1788548901546111111,893.8638841509819,467.52171981334686,0.879468560218811
12,9687,1788548901579455555,893.8192770779133,466.03603355214,0.8753029704093933
12,9688,1788548901612800000,893.7953045964241,463.6068613231182,0.8477299213409424
12,9689,1788548901646144444,893.963804140687,460.5964457988739,0.8768362402915955
12,9690,1788548901679488888,893.6601186692715,459.94063406065106,0.8396123647689819
12,9691,1788548901712833333,893.9225729033351,457.81477408111095,0.8683279752731323
12,9692,1788548901746177777,894.0041635045782,456.0550454966724,0.8720693588256836
12,9693,1788548901779511111,894.4397973418236,452.7925309240818,0.8483074903488159
12,9694,1788548901812855555,894.3404849171638,452.2780710756779,0.8367546200752258
12,9695,1788548901846200000,894.6520230174065,449.4000689983368,0.8734090924263
12,9696,1788548901879544444,895.0403945669532,447.0053132097237,0.8735769987106323
12,9697,1788548901912888888,894.9833462294191,446.755528524518,0.8541737794876099
12,9698,1788548901946233333,895.2392524927855,444.17113541066647,0.894178032875061
12,9699,1788548901979577777,895.194209292531,443.3966315686703,0.8619603514671326
12,9700,1788548902012911111,895.9828528035432,440.9618177972734,0.9085487127304076
12,9701,1788548902046255555,896.0483032986522,440.04286601021886,0.8869767189025879
12,9702,1788548902079600000,895.9623055309057,439.87759432196617,0.885260820388794
12,9703,1788548902112944444,895.8310624361038,439.5499274432659,0.8747726082801819
12,9704,1788548902146288888,895.4631341695786,439.3197671473026,0.8764055371284485
12,9705,1788548902179633333,896.6382951438427,435.56569504737854,0.9083487391471864
12,9706,1788548902212977777,896.7990037947893,433.41355207562447,0.8898628950119019
12,9707,1788548902246311111,897.0587508380413,431.1058597862721,0.8755349516868591
12,9708,1788548902279655555,898.0731873214245,425.3668846487999,0.86203533411026
12,9709,1788548902313000000,898.3609500825405,422.9529194831848,0.8717895746231079
12,9710,1788548902346344444,898.309354364872,421.69096010923386,0.8256524205207825
12,9711,1788548902379688888,898.3239639401436,420.599278062582,0.8321347832679749
12,9712,1788548902413033333,898.2338938564062,420.0518529713154,0.8178665041923523
12,9713,1788548902446377777,898.6892093420029,417.8388329446316,0.8541338443756104
12,9714,1788548902479711111,899.1661185622215,415.7894199192524,0.8666628003120422
12,9715,1788548902513055555,899.7013125419617,413.1300571262837,0.8727769255638123
12,9716,1788548902546400000,899.9115227535367,412.64645770192146,0.8843567967414856
12,9717,1788548902579744444,899.9773012809455,410.50258898735046,0.8931930065155029
12,9718,1788548902613088888,899.4618730843067,410.0920545905829,0.909514546394348
12,9719,1788548902646433333,899.2658985257149,407.2705220580101,0.9228015542030334
12,9720,1788548902679777777,899.1598244905472,407.01511031761765,0.9193771481513976
12,9721,1788548902713111111,899.1340606659651,406.8073756098747,0.9165113568305968
12,9722,1788548902746455555,899.3368585407734,406.7265616059303,0.910118281841278
12,9723,1788548902779800000,899.6292926967144,405.756299957633,0.941372573375702
12,9724,1788548902813144444,900.2207677364349,402.4151540398598,0.9116556644439696
12,9725,1788548902846488888,900.3988004624844,402.50111401081085,0.8924160003662109
12,9726,1788548902879833333,901.0142728788778,399.1411361545324,0.880659282207489
12,9727,1788548902913177777,901.15834595263,397.2971706390381,0.8416507244110107
12,9728,1788548902946511111,901.7012817263604,394.3121864795685,0.9019365310668944
12,9729,1788548902979855555,901.6145624220372,393.1484805047512,0.909493088722229
12,9730,1788548903013200000,901.820849314332,390.3514640629291,0.9053217768669128
12,9731,1788548903046544444,901.8820360898972,388.8908449485898,0.9130927324295044
12,9732,1788548903079888888,902.3050550222396,386.9347653165459,0.9213804006576538
12,9733,1788548903113233333,902.7227012217044,385.1194171011448,0.9112632274627686
12,9734,1788548903146577777,903.3628617227076,382.8209430426359,0.888629138469696
12,9735,1788548903179911111,903.8989171236752,381.9703416656703,0.904521644115448
12,9736,1788548903213255555,904.588637381792,379.1889583766461,0.89548259973526
12,9737,1788548903246600000,905.0064059430732,378.6587688922882,0.906530261039734
12,9738,1788548903279944444,905.6875038146972,375.8467873483896,0.8813979625701904
12,9739,1788548903313288888,905.8541952818632,374.2915480732918,0.900742530822754
12,9740,1788548903346633333,905.9427921026944,372.6243257820606,0.8926513195037842
12,9741,1788548903379977777,906.3578834533693,369.7303622663021,0.8840581774711609
12,9742,1788548903413311111,906.7439786195756,369.7860839366913,0.8799843192100525
12,9743,1788548903446655555,907.5017982423306,369.0579659640789,0.8843762278556824
12,9744,1788548903480000000,908.4692395329477,366.72367694973946,0.9033107161521912
12,9745,1788548903513344444,909.2183142006396,365.18260084092617,0.8914511203765869
12,9746,1788548903546688888,909.598672568798,365.11108488589525,0.8984158039093018
12,9747,1788548903580033333,910.3212130367756,362.68147760629654,0.8931527733802795
12,9748,1788548903613377777,910.871880158782,361.34424608945847,0.9055667519569396
12,9749,1788548903646711111,911.2179814577104,360.26035928726196,0.8791420459747314
12,9750,1788548903680055555,911.557514488697,359.51038524508476,0.8790186643600464
12,9751,1788548903713400000,911.7308385670184,358.6586566865444,0.8796685338020325
12,9752,1788548903746744444,912.2281704097986,356.440888851881,0.8673801422119141
12,9753,1788548903780088888,912.4566275477408,356.13392402231693,0.8645125031471252
12,9754,1788548903813433333,913.0425732433796,353.06594559550285,0.8716738820075989
12,9755,1788548903846777777,913.2900084257126,352.6016431450844,0.8616535663604736
12,9756,1788548903880111111,913.5369271337986,352.00507014850155,0.8583174347877502
12,9757,1788548903913455555,914.218257457018,349.3674638867378,0.8931816220283508
12,9758,1788548903946800000,914.6443376541138,347.70664831995964,0.853956401348114
12,9759,1788548903980144444,914.6089922487736,347.92016170173883,0.8510540723800659
12,9760,1788548904013488888,915.4700279831886,344.07444178313017,0.870080292224884
12,9761,1788548904046833333,915.5915528535844,342.3878494501114,0.8759124279022217
12,9762,1788548904080166666,915.3152928054332,342.00102886150125,0.8802163004875183
12,9763,1788548904113511111,915.8231884390116,336.69733637571335,0.9017760157585144
12,9764,1788548904146855555,916.0413023270668,336.0528943836689,0.9021717309951782
12,9765,1788548904180200000,916.2168731987476,334.6591017842293,0.9153962731361388
12,9766,1788548904213544444,916.4552594721316,331.1426989585161,0.8649251461029053
12,9767,1788548904246888888,916.6158833503724,329.8911003768444,0.8306882977485657
12,9768,1788548904280233333,916.5187180638312,329.8480122089386,0.8258437514305115
12,9769,1788548904313566666,916.9705151617528,326.76466009020805,0.8388548493385315
12,9770,1788548904346911111,917.0295328758656,325.382039219141,0.8706804513931274
12,9771,1788548904380255555,917.134924158454,323.9360901862383,0.832220733165741
12,9772,1788548904413600000,917.352820277214,321.2839461863041,0.853245735168457
12,9773,1788548904446944444,917.1879868805408,321.24330727756023,0.8423940539360046
12,9774,1788548904480288888,917.2540720701218,319.6704303622246,0.874268114566803
12,9775,1788548904513633333,917.5234629511832,317.7912948727608,0.8513675332069397
12,9776,1788548904546966666,917.8135128319263,316.2115046232939,0.8883216381072998
12,9777,1788548904580311111,918.2692058980464,313.7937968671322,0.8511556386947632
12,9778,1788548904613655555,918.9363857284188,311.9353566467762,0.8857080340385437
12,9779,1788548904647000000,919.5989795923232,310.0583899654448,0.8446455597877502
12,9780,1788548904680344444,919.7996418625116,310.25947308540344,0.8409461975097656
12,9781,1788548904713688888,919.7878473848104,310.71738544106483,0.8402654528617859
12,9782,1788548904747033333,919.5303978025912,310.91068471223116,0.8366075754165649
12,9783,1788548904780366666,920.5047979354858,306.9205536618829,0.8632774949073792
12,9784,1788548904813711111,922.579673975706,302.6730287075043,0.8472045063972473
12,9785,1788548904847055555,923.9800240620972,302.17091780900955,0.8291104435920715
12,9786,1788548904880400000,925.5942937731744,298.8195731192827,0.8379976153373718
12,9787,1788548904913744444,925.9453589469194,296.85501059889793,0.868834912776947
12,9788,1788548904947088888,926.2552345097064,294.5643367469311,0.8373771905899048
12,9789,1788548904980433333,926.80051214993,293.82936373353004,0.8652219772338867
12,9790,1788548905013766666,927.4842622876168,292.2591100037098,0.835471510887146
12,9791,1788548905047111111,928.5235976278782,291.9649909026921,0.8611331582069397
12,9792,1788548905080455555,929.7464082241058,290.5964252650738,0.8431369066238403
12,9793,1788548905113800000,930.3853449821472,288.4182288646698,0.8485221862792969
12,9794,1788548905147144444,930.4262399673462,288.5957689881325,0.8342059254646301
12,9795,1788548905180488888,930.9349622130394,287.7872424721718,0.8613330721855164
12,9796,1788548905213833333,931.4013218581676,285.8129635602236,0.8343643546104431
12,9797,1788548905247166666,931.932193569839,285.7468505501747,0.823616623878479
12,9798,1788548905280511111,933.038391444832,282.66424119472504,0.8459910750389099
12,9799,1788548905313855555,934.0456268303096,279.91578255593777,0.8385582566261292
12,9800,1788548905347200000,934.6441286802292,279.49629029631615,0.8155916333198547
12,9801,1788548905380544444,935.3030307292938,279.70322528481483,0.8379621505737305
12,9802,1788548905413888888,936.0743263363838,279.8348192423582,0.8300296068191528
12,9803,1788548905447233333,937.2444902807474,281.8898818567395,0.8223726749420166
12,9804,1788548905480566666,937.679508715868,284.61816945672035,0.823921799659729
12,9805,1788548905513911111,937.6187964677812,285.9129601716995,0.83912593126297
12,9806,1788548905547255555,937.7217447459698,286.20627872645855,0.8419691920280457
12,9807,1788548905580600000,938.3706251978874,286.9491612240672,0.8128060102462769
12,9808,1788548905613944444,939.372636049986,288.9256842955947,0.8192694187164307
12,9809,1788548905647288888,940.5431926250458,291.63119953870773,0.8057065606117249
12,9810,1788548905680633333,941.2270399034024,294.5061857998371,0.846886157989502
12,9811,1788548905713966666,940.8872895017266,294.9603253751993,0.8635063767433167
12,9812,1788548905747311111,941.0845587998627,297.5933580994606,0.8745035529136658
12,9813,1788548905780655555,940.7670995593072,298.18378482759,0.880246639251709
12,9814,1788548905814000000,940.538383036852,298.37170535326004,0.8813968896865845
12,9815,1788548905847344444,940.8142847418784,299.82970464229584,0.8932273983955383
12,9816,1788548905880688888,941.2197660803796,301.6272253394127,0.8805428147315979
12,9817,1788548905914033333,941.3794656097888,304.2848051786423,0.8640605211257935
12,9818,1788548905947366666,942.0290523525327,306.94144163280725,0.8052484393119812
12,9819,1788548905980711111,941.9174418896436,307.1871234625578,0.8118190765380859
12,9820,1788548906014055555,942.3096307218076,308.3702438175678,0.8684348464012146
12,9821,1788548906047400000,942.9291805401444,309.4604556262493,0.8061205744743347
12,9822,1788548906080744444,944.8564682602882,312.4161989092827,0.8548460602760315
12,9823,1788548906114088888,945.6592096090316,314.9432563222945,0.8513562083244324
12,9824,1788548906147433333,945.9928179499692,316.1571073383093,0.8688945770263672
12,9825,1788548906180766666,946.39777764678,317.55476436018944,0.8127001523971558
12,9826,1788548906214111111,946.1255274266005,320.39919751882553,0.8390312790870667
12,9827,1788548906247455555,946.2569264769554,322.9880273034796,0.8351294994354248
12,9828,1788548906280800000,946.9660793095828,323.5674105286598,0.8066131472587585
12,9829,1788548906314144444,946.8733753859996,323.33897295594215,0.7902314066886902
12,9830,1788548906347488888,947.6190504431725,324.81950813531876,0.8628016710281372
12,9831,1788548906380833333,948.2394967377186,325.09258714318275,0.8490228056907654
12,9832,1788548906414166666,949.1005050837994,327.51120486855507,0.853774905204773
12,9833,1788548906447511111,949.2383359521629,327.54117265343666,0.8581721782684326
12,9834,1788548906480855555,949.8394038081168,330.2515290081501,0.851815402507782
12,9835,1788548906514200000,949.5080057680608,330.38251572847366,0.8477048277854919
12,9836,1788548906547544444,949.8760668933392,332.85424940288067,0.8313670754432678
12,9837,1788548906580888888,949.60088250041,333.8173168003559,0.8387609124183655
12,9838,1788548906614233333,949.2198129296304,334.42096933722496,0.8284094333648682
12,9839,1788548906647566666,949.9317835569382,337.67910984158516,0.7935922145843506
12,9840,1788548906680911111,950.073329143226,339.0157701727003,0.789793848991394
12,9841,1788548906714255555,951.0474595613778,342.52282467484474,0.8128128051757812
12,9842,1788548906747600000,951.2952761948108,343.55040979385376,0.8387216329574585
12,9843,1788548906780944444,951.465463578701,345.17579121887684,0.8426688313484192
12,9844,1788548906814288888,951.5731537342072,346.1280599832535,0.8564745783805847
12,9845,1788548906847633333,951.362816810608,345.8133025765419,0.8526194095611572
12,9846,1788548906880966666,951.509211719036,346.28424006700516,0.8702526688575745
12,9847,1788548906914311111,952.1687600761652,347.7764553874731,0.8643218278884888
12,9848,1788548906947655555,952.9638274051248,349.4722667336464,0.8713688850402832
12,9849,1788548906981000000,953.2566403746604,350.8356199860573,0.9027186036109924
12,9850,1788548907014344444,954.1063239872456,351.73449048399925,0.8814113140106201
12,9851,1788548907047688888,954.5334727168084,352.733489215374,0.8721991777420044
12,9852,1788548907081033333,954.347962409258,352.35550260543823,0.8733693361282349
12,9853,1788548907114366666,954.6199713647366,354.74055221676826,0.897138237953186
12,9854,1788548907147711111,955.231015443802,356.22956462204456,0.850938618183136
12,9855,1788548907181055555,955.3869243562222,358.38167721033096,0.873858630657196
12,9856,1788548907214400000,955.4435806274414,359.17953442037106,0.8442978262901306
12,9857,1788548907247744444,955.7578376829624,359.7988719791174,0.8557024002075195
12,9858,1788548907281088888,956.1608630865812,360.3509055674076,0.85833340883255
12,9859,1788548907314433333,956.9598951041698,362.19978235661983,0.8649107813835144
12,9860,1788548907347766666,957.1682921648026,362.2309663891792,0.8710637092590332
12,9861,1788548907381111111,958.0521980933844,364.3046221137047,0.8499606847763062
12,9862,1788548907414455555,958.2314817011356,364.59403336048126,0.8636618852615356
12,9863,1788548907447800000,958.7294150292872,366.85082276165485,0.8568134307861328
12,9864,1788548907481144444,958.7226406931876,367.1782173663378,0.868656575679779
12,9865,1788548907514488888,959.241267696023,369.24719946086407,0.8669759631156921
12,9866,1788548907547833333,959.7845216393472,371.1168606057763,0.8961619138717651
12,9867,1788548907581166666,960.1966013014317,371.3463480770588,0.8670784831047058
12,9868,1788548907614511111,960.9192876070738,373.0445117130875,0.8633500933647156
12,9869,1788548907647855555,961.4878435432912,374.25957295298576,0.8824164867401123
12,9870,1788548907681200000,961.761588960886,377.1835624575615,0.8054976463317871
12,9871,1788548907714544444,961.5910352468492,377.28263583779335,0.8257254362106323
12,9872,1788548907747888888,962.1590005904436,377.76002037525177,0.8125780820846558
12,9873,1788548907781233333,962.3790355920792,380.40231001377106,0.8736054301261902
12,9874,1788548907814566666,962.8232508301736,381.161075219512,0.8811559677124023
12,9875,1788548907847911111,963.4709780216216,382.9642373993993,0.8797540664672852
12,9876,1788548907881255555,964.2600708305836,383.8075991421938,0.8736270666122437
12,9877,1788548907914600000,965.0179055333138,384.8353547602892,0.8761131167411804
12,9878,1788548907947944444,965.6145014464856,386.1133214458823,0.8740346431732178
12,9879,1788548907981288888,966.5630932450294,388.765417188406,0.858828067779541
12,9880,1788548908014633333,967.0341512933372,391.0638275295496,0.8666601181030273
12,9881,1788548908047966666,967.3210000395776,392.0324435159564,0.8584641218185425
12,9882,1788548908081311111,967.632715523243,394.1864030361175,0.8537606000900269
12,9883,1788548908114655555,967.5952036380768,395.2613271474838,0.8474236726760864
12,9884,1788548908148000000,967.9070232883096,397.61843088269234,0.8486859202384949
12,9885,1788548908181344444,968.323955655098,398.9117606058717,0.8450896143913269
12,9886,1788548908214688888,968.8896113559604,399.8563264608383,0.8474317193031311
12,9887,1788548908248033333,969.5133326649666,400.82934296131134,0.8488309383392334
12,9888,1788548908281366666,971.1452784538268,403.5598866045475,0.8362550735473633
12,9889,1788548908314711111,971.7601560503244,403.90336103737354,0.8456246852874756
12,9890,1788548908348055555,972.5620737969876,407.3898247480393,0.7721971869468689
12,9891,1788548908381400000,973.0891879796982,407.8151315450668,0.7993052005767822
12,9892,1788548908414744444,974.055136486888,408.2151348143816,0.8431232571601868
12,9893,1788548908448088888,974.9827195610852,410.1431737691164,0.829105019569397
12,9894,1788548908481433333,975.2522359788418,411.1777007728815,0.7889387011528015
12,9895,1788548908514766666,975.2401527017356,413.8844104334712,0.8023824691772461
12,9896,1788548908548111111,976.272889494896,414.40568298101425,0.7762939929962158
12,9897,1788548908581455555,977.42744576931,416.6387948691845,0.8007591366767883
12,9898,1788548908614800000,978.5458016395568,416.9896086687222,0.7881255149841309
12,9899,1788548908648144444,979.6126557588576,419.6862349510193,0.8274831175804138
12,9900,1788548908681488888,980.435601323843,421.05976302176714,0.8179499506950378
12,9901,1788548908714833333,981.4472882449628,423.3626149594784,0.7941164970397949
12,9902,1788548908748166666,981.5171349346638,423.93797792866826,0.8054636120796204
12,9903,1788548908781511111,981.5903041958808,425.06133813411,0.807838499546051
12,9904,1788548908814855555,981.4181308746338,426.3054568767547,0.8149393796920776
12,9905,1788548908848200000,981.826856970787,428.29447427392006,0.8244240283966064
12,9906,1788548908881544444,982.148922175169,431.7606939524412,0.8570528626441956
12,9907,1788548908914888888,982.3081120252608,432.2665215730667,0.838604748249054
12,9908,1788548908948233333,982.3627367317677,432.2869541049003,0.8364909887313843
12,9909,1788548908981566666,983.2934386134148,434.73477867245674,0.8220301270484924
12,9910,1788548909014911111,983.669161081314,434.7311696112156,0.8131014108657837
12,9911,1788548909048255555,983.8668200820684,437.152379617095,0.78398597240448
12,9912,1788548909081600000,985.1577934771776,441.0937588214874,0.7919670343399048
12,9913,1788548909114944444,985.000237258966,442.7400991618633,0.8195062279701233
12,9914,1788548909148288888,985.6918193399906,444.51658979058266,0.8194579482078552
12,9915,1788548909181633333,985.2584308981895,445.583185762167,0.8414716720581055
12,9916,1788548909214966666,985.0218832604588,446.9014548584819,0.8427472710609436
12,9917,1788548909248311111,984.9586090706288,448.10737432539463,0.8424352407455444
12,9918,1788548909281655555,985.3440548181534,449.7622848600149,0.8357505798339844
12,9919,1788548909315000000,985.4615944623948,451.3351164162159,0.8245241045951843
12,9920,1788548909348344444,986.4470424354076,453.4833550751209,0.8140923380851746
12,9921,1788548909381688888,986.4829043745996,453.9002902805805,0.835545003414154
12,9922,1788548909415033333,986.8776864781976,455.0571616329253,0.8302612900733948
12,9923,1788548909448366666,987.7337516248226,458.66502219438553,0.8427133560180664
12,9924,1788548909481711111,988.0087886508554,459.18337988853455,0.8315672278404236
12,9925,1788548909515055555,988.629299134016,461.6602618098259,0.8502531051635742
12,9926,1788548909548400000,989.3694010078908,462.06847547739744,0.802401602268219
12,9927,1788548909581744444,989.87635935843,463.4161292910576,0.8222447037696838
12,9928,1788548909615088888,990.7510279864072,464.7477006614208,0.8038573265075684
12,9929,1788548909648433333,990.851171836257,464.30466562509537,0.796985924243927
12,9930,1788548909681766666,990.8059414476156,463.78557392954826,0.7997654676437378
12,9931,1788548909715111111,990.6381404995918,463.2198527306318,0.791712760925293
12,9932,1788548909748455555,991.1425296664238,467.35683661699295,0.7670490145683289
12,9933,1788548909781800000,992.2755894958972,469.95927107334137,0.8323154449462891
12,9934,1788548909815144444,992.418662160635,469.7895366996527,0.8309694528579712
12,9935,1788548909848488888,992.9126037880778,472.1309412568808,0.8428196907043457
12,9936,1788548909881833333,994.2624988257884,474.6380999684334,0.775928258895874
12,9937,1788548909915166666,994.8415781259536,476.1896201521158,0.7266129851341248
12,9938,1788548909948511111,994.8095777928828,475.9850729657337,0.7186699509620667
12,9939,1788548909981855555,995.6672941744328,476.7424107193947,0.6297507882118225
12,9940,1788548910015200000,995.9514399655164,476.7360024154186,0.644024670124054
12,9941,1788548910048544444,995.833070397377,476.4953843057155,0.6584851741790771
12,9942,1788548910081888888,995.870585680008,476.4011873304844,0.6629523634910583
12,9943,1788548910115233333,996.2105316519736,475.99775645229965,0.7274773120880127
12,9944,1788548910148566666,997.3863351643084,473.58216735720634,0.818305253982544
12,9945,1788548910181911111,998.2647225260736,472.6711800098419,0.8712761998176575
12,9946,1788548910215255555,998.2611471712588,472.8318880945444,0.8613700270652771
12,9947,1788548910248600000,998.5087499916552,471.10495809465647,0.8759700655937195
12,9948,1788548910281944444,998.3506584763528,471.02386388741434,0.8598626852035522
12,9949,1788548910315288888,998.937720540911,469.12818536162376,0.8551297187805176
12,9950,1788548910348633333,999.2722139060496,468.6743757128715,0.8336338996887207
12,9951,1788548910381966666,999.4601801037788,467.7322140932083,0.8133013844490051
12,9952,1788548910415311111,999.7108649015428,465.7295175790787,0.8515786528587341
12,9953,1788548910448655555,999.9486528374256,464.6439976990223,0.868890643119812
12,9954,1788548910482000000,1001.0714234337212,461.75257220864296,0.876660943031311
12,9955,1788548910515344444,1002.0203900560736,460.68936029076576,0.9093405604362488
12,9956,1788548910548688888,1003.2231572419404,458.60114201903343,0.8770700097084045
12,9957,1788548910582033333,1003.4078710377216,458.7966181486845,0.8710090517997742
12,9958,1788548910615366666,1004.3448128700256,455.9080434292555,0.8272424936294556
12,9959,1788548910648711111,1003.699634373188,455.854772567749,0.8346431255340576
12,9960,1788548910682055555,1002.0916523188351,456.6170840859413,0.7903258800506592
12,9961,1788548910715400000,1000.803511351347,457.1671952754259,0.7838382720947266
12,9962,1788548910748744444,999.9555848576128,457.7633989751339,0.779043436050415
12,9963,1788548910782088888,999.7094121575356,457.8742428421974,0.7757793068885803
12,9964,1788548910815433333,1001.2026046216488,451.6652876138687,0.8056963086128235
12,9965,1788548910848766666,1001.752094566822,450.85630038380623,0.7738288044929504
12,9966,1788548910882111111,1002.8309346139432,448.5865899324417,0.8078581094741821
12,9967,1788548910915455555,1003.5039459168912,445.6094091832638,0.7933773398399353
12,9968,1788548910948800000,1003.3379121720792,445.9438757635653,0.7903273701667786
12,9969,1788548910982144444,1003.7850856482984,441.93821155279875,0.7706393599510193
12,9970,1788548911015488888,1003.4598488509656,441.40660670399666,0.7735751271247864
12,9971,1788548911048833333,1002.8734121322632,441.61697512865067,0.7800374031066895
12,9972,1788548911082166666,1003.2328850179912,438.9219370931387,0.8179214000701904
12,9973,1788548911115511111,1003.1133458912371,438.8125052601099,0.8255206346511841
12,9974,1788548911148855555,1003.2646278142928,437.780154556036,0.837454080581665
12,9975,1788548911182200000,1004.1917680054904,433.5325674414634,0.8015405535697937
12,9976,1788548911215544444,1004.3202061057092,432.9255256950855,0.797634482383728
12,9977,1788548911248888888,1004.9069977998734,431.5983116030693,0.8555917739868164
12,9978,1788548911282233333,1005.9020099937916,428.8085818141699,0.8344560265541077
12,9979,1788548911315566666,1005.961335208267,428.74004876613617,0.8400963544845581
12,9980,1788548911348911111,1005.840637743473,427.9500321634114,0.7583062052726746
12,9981,1788548911382255555,1006.0088790934532,427.11993562430143,0.7764761447906494
12,9982,1788548911415600000,1006.599074691534,425.1723275333643,0.7853334546089172
12,9983,1788548911448944444,1007.0460892170668,423.0765921846032,0.726811408996582
12,9984,1788548911482288888,1007.3768562972546,422.1957707554102,0.7030941843986511
12,9985,1788548911515633333,1008.1216069981456,418.9538440257311,0.6496860980987549
12,9986,1788548911548966666,1008.436277359724,418.1746010035277,0.6415873765945435
12,9987,1788548911582311111,1008.773524016142,418.41813403368,0.6356541514396667
12,9988,1788548911615655555,1009.1202975809574,418.0631671920419,0.6291922926902771
12,9989,1788548911649000000,1009.6712446212769,414.5129814445973,0.5764639973640442
12,9990,1788548911682344444,1006.5,415.5,0.6142718964815139
12,9991,1788548911715688888,1007.5,411.5,0.5772212237119675
12,9992,1788548911749033333,1007.5,410.5,0.6104858458042145
12,9993,1788548911782366666,1007.5,407.5,0.6096493989229202
12,9994,1788548911815711111,1007.5,407.5,0.6044984793663025
12,9995,1788548911849055555,1012.16258507967,402.80829733610153,0.6166031360626221
12,9996,1788548911882400000,1012.4670003950596,402.1803451180458,0.6306449770927429
12,9997,1788548911915744444,1013.5425245761872,400.04458862170577,0.6888243556022644
12,9998,1788548911949088888,1013.8089833855628,399.5518530905247,0.7045372128486633
12,9999,1788548911982433333,1014.2876108288764,398.17659689486027,0.7028846144676208
12,10000,1788548912015766666,1014.3264988958836,398.3167625069618,0.7124884128570557
12,10001,1788548912049111111,1014.2320534586906,398.2671124637127,0.7206354141235352
12,10002,1788548912082455555,1014.0169726908208,397.7131233513355,0.6192340850830078
12,10003,1788548912115800000,1013.8248769640924,393.0725902020931,0.5872535109519958
12,10004,1788548912149144444,1013.8997827619314,388.36979952454567,0.6313211917877197
12,10005,1788548912182488888,1013.8880308791996,386.24810306727886,0.6803721785545349
12,10006,1788548912215833333,1014.038042511791,384.6844867169857,0.7097278237342834
12,10007,1788548912249166666,1014.4680458009244,383.9482473991811,0.7247709631919861
12,10008,1788548912282511111,1014.811999335885,382.39437276124954,0.766021728515625
13,10402,1788548925419600000,918.6666666666666,450.6666666666667,1.0
13,10403,1788548925452944444,919.8243802785872,456.3406069874763,0.896324872970581
13,10404,1788548925486277777,920.2835160791874,459.0925974845886,0.9850153923034668
13,10405,1788548925519622222,920.5543387830256,463.40366795659065,0.8947775959968567
13,10406,1788548925552966666,920.4942660033704,466.30868369340897,0.9801125526428224
13,10407,1788548925586311111,920.3212089538574,470.9814014229923,0.8979412913322449
13,10408,1788548925619655555,919.994612665847,471.9836363531649,0.9300478100776672
13,10409,1788548925653000000,919.7738684564828,473.6708868145942,0.9076802730560304
13,10410,1788548925686344444,919.9993925495072,479.0727081000805,0.9124943017959596
13,10411,1788548925719677777,920.4460602998734,482.2639319896698,0.9745358228683472
13,10412,1788548925753022222,921.0060407007112,485.8276670873165,0.9110062122344972
13,10413,1788548925786366666,921.6569855511189,491.56143069267273,0.9007534980773926
13,10414,1788548925819711111,921.6140890419484,492.0850206241011,0.9146338701248168
13,10415,1788548925853055555,921.8294855356216,497.6029301285744,0.9055634140968324
13,10416,1788548925886400000,921.3587126135826,497.0103092230856,0.9075804352760316
13,10417,1788548925919744444,921.1457031965256,499.4204547703266,0.8891674280166626
13,10418,1788548925953077777,920.967177633196,502.077812962234,0.9782506227493286
13,10419,1788548925986422222,921.1079354286194,504.95733785256743,0.8892650008201599
13,10420,1788548926019766666,921.2569466233252,507.4938662648201,0.9752662777900696
13,10421,1788548926053111111,921.8825840950012,510.45385590195656,0.8880540728569031
13,10422,1788548926086455555,922.6363358199596,511.75008423626423,0.9235299825668336
13,10423,1788548926119800000,923.3501788377762,513.7822653204203,0.925334334373474
13,10424,1788548926153144444,924.167024359107,519.6129384636879,0.8803797364234924
13,10425,1788548926186477777,924.2631777822972,520.3998849093914,0.9319998621940612
13,10426,1788548926219822222,924.709385752678,528.1334330439568,0.8626112341880798
13,10427,1788548926253166666,924.2859729230404,527.3125745654106,0.8621373176574707
13,10428,1788548926286511111,923.9610793180764,526.8407184183598,0.875461220741272
13,10429,1788548926319855555,924.239821895957,528.6350493133068,0.7670490145683289
13,10430,1788548926353200000,925.028601642698,527.5559265315533,0.7308488488197327
13,10431,1788548926386544444,925.6583843529224,526.1569294929504,0.7106772065162659
13,10432,1788548926419877777,926.1345619261264,524.3945932090282,0.773055911064148
13,10433,1788548926453222222,927.292433142662,518.9287348911166,0.8512005805969238
13,10434,1788548926486566666,928.0229931231588,514.0446716956794,0.9627613425254822
13,10435,1788548926519911111,928.5910577476023,510.5430712103844,0.8744021058082581
13,10436,1788548926553255555,928.2868789732456,509.9939276422374,0.8864886164665222
13,10437,1788548926586600000,928.477278649807,506.59213361144066,0.8718425631523132
13,10438,1788548926619944444,928.1692827492952,505.8145516961813,0.8821629881858826
13,10439,1788548926653277777,928.0102923968808,505.6328777372837,0.8850700855255127
13,10440,1788548926686622222,927.9570678919554,504.8096805661917,0.9000858068466187
13,10441,1788548926719966666,929.5437387526036,490.81584368646145,0.8821229934692383
13,10442,1788548926753311111,929.5705175995828,490.4654171168804,0.8914552927017212
13,10443,1788548926786655555,929.7546597719193,490.679274648428,0.8947213292121887
13,10444,1788548926820000000,929.7971847653388,490.59813967347145,0.9015088081359864
13,10445,1788548926853344444,931.481214404106,476.5739883184433,0.8786746859550476
13,10446,1788548926886677777,931.3867170214652,476.0377187468111,0.8862976431846619
13,10447,1788548926920022222,931.5245498418808,471.2964299917221,0.9071850776672364
13,10448,1788548926953366666,932.5633765757084,460.83602461218834,0.8877893686294556
13,10449,1788548926986711111,932.291426807642,460.91902236640453,0.8923810124397278
13,10450,1788548927020055555,933.1238381415606,452.02614230290055,0.901941180229187
13,10451,1788548927053400000,933.0909532010556,451.0401864387095,0.8977481126785278
13,10452,1788548927086744444,933.7130337655544,447.6117432117462,0.9572718143463136
13,10453,1788548927120077777,934.4435639083384,443.5644127726555,0.8917722105979919
13,10454,1788548927153422222,935.0284145101904,440.2506285309792,0.9665045738220216
13,10455,1788548927186766666,935.7549276202916,436.4585776031018,0.8918405771255493
13,10456,1788548927220111111,936.3157696723938,433.1579059064388,0.8904619812965393
13,10457,1788548927253455555,936.575137168169,432.9977597102989,0.8960896730422974
13,10458,1788548927286800000,937.3572486042976,427.27948847413063,0.9148372411727904
13,10459,1788548927320144444,937.9100852012634,423.6940526366234,0.9570811986923218
13,10460,1788548927353477777,938.3306098282336,419.6186529994011,0.8893948197364807
13,10461,1788548927386822222,938.7774160653352,416.3025024533272,0.959911048412323
13,10462,1788548927420166666,939.7120757699012,410.24040880799294,0.9230392575263976
13,10463,1788548927453511111,940.43433958292,407.55511263012886,0.8915566802024841
13,10464,1788548927486855555,941.0245569776744,404.45356336236,0.949016273021698
13,10465,1788548927520200000,941.7916841357946,400.1172145605087,0.8827002644538879
13,10466,1788548927553544444,942.02237678878,399.77351562678814,0.8868856430053711
13,10467,1788548927586877777,942.7793445587158,394.033547885716,0.9354000091552734
13,10468,1788548927620222222,942.8070195764304,392.24986830353737,0.8876221776008606
13,10469,1788548927653566666,942.6633645296096,392.26774457097054,0.8874041438102722
13,10470,1788548927686911111,942.4385464191436,392.0856157913804,0.8881914615631104
13,10471,1788548927720255555,942.696370959282,388.0922367572784,0.9498844146728516
13,10472,1788548927753600000,943.5862132310868,379.199182420969,0.8713797926902771
13,10473,1788548927786944444,943.582215577364,379.1952180862427,0.8773570656776428
13,10474,1788548927820277777,944.6858302354811,368.06827145814896,0.9040420651435852
13,10475,1788548927853622222,945.4506618380548,364.11175691336393,0.8623552322387695
13,10476,1788548927886966666,946.2597561776638,358.5309988260269,0.935958445072174
13,10477,1788548927920311111,947.0303633622824,353.62661460042,0.9181491732597352
13,10478,1788548927953655555,947.932381145656,347.9763814099133,0.8524891138076782
13,10479,1788548927987000000,948.262632727623,345.3548137843609,0.911571741104126
13,10480,1788548928020333333,949.0632840245962,339.3126883506775,0.8547337651252747
13,10481,1788548928053677777,949.1419234871864,336.5292929112911,0.886838972568512
13,10482,1788548928087022222,948.6920773088932,334.7982364743948,0.8549582362174988
13,10483,1788548928120366666,948.4689243137836,329.98406907729805,0.9219188690185548
13,10484,1788548928153711111,948.354015171528,326.26638156175613,0.8855178952217102
13,10485,1788548928187055555,948.6041418015956,320.6734662950039,0.8442460298538208
13,10486,1788548928220400000,948.2193158864976,319.58764013648033,0.8831890821456909
13,10487,1788548928253733333,948.3058277368546,313.4701670408249,0.8348475098609924
13,10488,1788548928287077777,948.1855114549398,312.8974886909127,0.8616740703582764
13,10489,1788548928320422222,948.3745747506618,308.6589218378067,0.8391672372817993
13,10490,1788548928353766666,948.2185699045658,307.01967401988804,0.852060854434967
13,10491,1788548928387111111,948.0489535704256,306.82652056217194,0.9006965160369873
13,10492,1788548928420455555,947.997447834583,313.0528334341943,0.8373683094978333
13,10493,1788548928453800000,947.1670757681132,313.392456561327,0.857267439365387
13,10494,1788548928487133333,946.8659012913704,317.3860590457916,0.8427727222442627
13,10495,1788548928520477777,946.4080716073512,321.5117579996586,0.9399480819702148
13,10496,1788548928553822222,946.0592365264891,325.26998052001,0.8528542518615723
13,10497,1788548928587166666,946.0081771295518,329.3507755994797,0.9437371492385864
13,10498,1788548928620511111,945.9986073914916,332.7447648346424,0.8602011203765869
13,10499,1788548928653855555,946.1881057471036,336.0618177242577,0.9430931806564332
13,10500,1788548928687200000,946.1738625317812,338.84697937965393,0.8623315691947937
13,10501,1788548928720533333,946.0597034692764,340.39237919449806,0.8745366930961609
13,10502,1788548928753877777,945.8835621923208,343.1522338837385,0.9524340033531188
13,10503,1788548928787222222,945.7501796334982,349.20055328309536,0.8553736209869385
13,10504,1788548928820566666,945.4394512176514,351.1977818906307,0.96225768327713
13,10505,1788548928853911111,945.6174000501632,357.12439658492804,0.8643549680709839
13,10506,1788548928887255555,945.6022580564022,361.12260756641626,0.9307274222373962
13,10507,1788548928920600000,945.6354396641254,364.3664781153202,0.9211826920509338
13,10508,1788548928953933333,945.8522403389215,367.8102731257677,0.8709784150123596
13,10509,1788548928987277777,945.6813725233078,369.8484655022621,0.9640456438064576
13,10510,1788548929020622222,946.087245710194,376.81893441081047,0.9643701314926147
13,10511,1788548929053966666,946.35237082839,381.7777162641287,0.8778191208839417
13,10512,1788548929087311111,946.3724880814552,384.49575212597847,0.973331332206726
13,10513,1788548929120655555,946.735976845026,390.0839511975646,0.8819760084152222
13,10514,1788548929154000000,946.5432352423668,393.9110374748707,0.9075864553451538
13,10515,1788548929187333333,946.2255480885506,397.73340633511543,0.9762009978294371
13,10516,1788548929220677777,946.1128358319402,402.4048738181591,0.8827842473983765
13,10517,1788548929254022222,945.8346442133188,402.3781928420067,0.889731228351593
13,10518,1788548929287366666,946.0557972751558,407.41545659303665,0.9258467555046082
13,10519,1788548929320711111,946.3024501204492,411.4321671128273,0.9722000360488892
13,10520,1788548929354055555,946.8009453117847,415.5755264759064,0.8847537636756897
13,10521,1788548929387400000,947.1615207791328,417.9603119753301,0.9803701043128968
13,10522,1788548929420733333,947.6390274763108,422.4003067910671,0.882503092288971
13,10523,1788548929454077777,947.975486094132,425.3728506565094,0.8940816521644592
13,10524,1788548929487422222,948.0408067554235,425.9797082487494,0.8885719180107117
13,10525,1788548929520766666,948.6689784526824,432.1133095473051,0.9165846705436708
13,10526,1788548929554111111,949.0715005397795,437.00743257720023,0.9885457158088684
13,10527,1788548929587455555,949.3381218910216,441.7510012984276,0.8897639513015747
13,10528,1788548929620800000,949.9127741456032,448.2345944941044,0.90420264005661
13,10529,1788548929654133333,949.9864066187292,448.6088756620884,0.8923444747924805
13,10530,1788548929687477777,950.2898563146592,451.46257585287094,0.8829850554466248
13,10531,1788548929720822222,950.8106301426888,455.1457142829895,0.9834811687469482
13,10532,1788548929754166666,951.3242872953416,459.0369396172464,0.8811301589012146
13,10533,1788548929787511111,951.9712539277972,462.6643826365471,0.9800769090652466
13,10534,1788548929820855555,952.7010074257852,467.3796341121197,0.8685891628265381
13,10535,1788548929854200000,953.205896615982,470.9364168122411,0.9758760333061218
13,10536,1788548929887533333,953.6401442587376,475.66768231987953,0.867509126663208
13,10537,1788548929920877777,953.7183763682842,479.0230420939624,0.9683437347412108
13,10538,1788548929954222222,953.6131381690502,482.7357060611248,0.8611538410186768
13,10539,1788548929987566666,953.376082599163,485.08479783684015,0.9585726261138916
13,10540,1788548930020911111,953.2960122227668,489.08716091513634,0.8883421421051025
13,10541,1788548930054255555,953.8196904957294,495.2859549820423,0.8568918108940125
13,10542,1788548930087600000,954.011017058976,495.77373391389847,0.8956336379051208
13,10543,1788548930120933333,954.6827767193316,501.54848381876945,0.8498406410217285
13,10544,1788548930154277777,954.86856277287,503.2341394871474,0.889717161655426
13,10545,1788548930187622222,955.0776455253364,504.64115488529205,0.8496915102005005
13,10546,1788548930220966666,955.0921239703894,505.76353488862514,0.9008336067199708
13,10547,1788548930254311111,955.5768284797668,512.0228836014867,0.8339385986328125
13,10548,1788548930287655555,955.8214642256498,516.235990151763,0.8547030687332153
13,10549,1788548930321000000,955.894056983292,518.2865630090237,0.6600709557533264
13,10550,1788548930354333333,956.0770582333208,518.4522190392017,0.6080253720283508
13,10551,1788548930387677777,956.3627266287804,518.4388763010502,0.7016066908836365
13,10552,1788548930421022222,956.5847512483596,518.2466433793306,0.7483592629432678
13,10553,1788548930454366666,957.1266735047102,514.5976327061653,0.8917831778526306
13,10554,1788548930487711111,957.447859466076,511.586667239666,0.8444241881370544
13,10555,1788548930521055555,957.8608853369952,507.0224732030183,0.9388461112976074
13,10556,1788548930554400000,958.3415123820304,503.80966736376286,0.849675714969635
13,10557,1788548930587733333,958.629907220602,501.6185126006603,0.8737294673919678
13,10558,1788548930621077777,958.6822018623352,499.1880123615265,0.8631725311279297
13,10559,1788548930654422222,959.5133346021177,492.188459828496,0.8465692400932312
13,10560,1788548930687766666,959.676939547062,487.98528249468654,0.9320545792579652
13,10561,1788548930721111111,959.7034047544004,485.1373469233513,0.8557729721069336
13,10562,1788548930754455555,959.7916235923768,480.8386656343937,0.9484773874282836
13,10563,1788548930787800000,960.0969385504724,477.0885642617941,0.8595279455184937
13,10564,1788548930821133333,960.2850317955016,472.2617212533951,0.9604727029800416
13,10565,1788548930854477777,960.8684960603714,467.8571138381958,0.8611537218093872
13,10566,1788548930887822222,961.3430433273317,463.5648514032364,0.8605562448501587
13,10567,1788548930921166666,961.2638506293296,462.04344910383224,0.8742411136627197
13,10568,1788548930954511111,961.6888970136642,454.5084184706211,0.8712996244430542
13,10569,1788548930987855555,961.9198966026306,445.93157985806465,0.879326581954956
13,10570,1788548931021200000,961.4798957705498,444.3464877605438,0.8743473887443542
13,10571,1788548931054533333,961.7869422882796,436.94750694185495,0.8835113644599915
13,10572,1788548931087877777,961.5628215968608,436.17518450319767,0.8871563076972961
13,10573,1788548931121222222,961.8902005851268,428.55536183714867,0.8814658522605896
13,10574,1788548931154566666,961.828526288271,424.5022546648979,0.9496098160743712
13,10575,1788548931187911111,961.7745730131865,420.90533762425184,0.8798262476921082
13,10576,1788548931221255555,961.3902341127396,420.9126954898238,0.8787090182304382
13,10577,1788548931254600000,961.5068354606628,417.40783765912056,0.870855450630188
13,10578,1788548931287933333,961.4874990880488,416.8658436834812,0.8790654540061951
13,10579,1788548931321277777,962.0379447191954,411.4163263440132,0.884167492389679
13,10580,1788548931354622222,962.8284031152724,404.7768432497978,0.892798900604248
13,10581,1788548931387966666,962.8409671634436,404.14598605036736,0.8811851739883423
13,10582,1788548931421311111,962.9520981498064,401.09325558692217,0.9624953866004944
13,10583,1788548931454655555,963.3112682402134,397.0280014835298,0.8759614825248718
13,10584,1788548931488000000,963.2257306873798,394.9127173647285,0.9378031492233276
13,10585,1788548931521333333,963.1654436439276,391.8653068691492,0.8793215751647949
13,10586,1788548931554677777,963.2573881447316,385.637530952692,0.9213114976882936
13,10587,1788548931588022222,963.0891679152846,381.2476780116558,0.9499002695083618
13,10588,1788548931621366666,963.2367293685676,376.5781434476376,0.8723172545433044
13,10589,1788548931654711111,963.3286502063274,374.7328096628189,0.9036521911621094
13,10590,1788548931688055555,963.7292718887328,371.56197157502174,0.8702438473701477
13,10591,1788548931721400000,964.2693256437778,364.8788621351123,0.9408801794052124
13,10592,1788548931754733333,964.6659185886384,362.3335900902748,0.8668490052223206
13,10593,1788548931788077777,964.676149904728,362.00373264728114,0.8749136924743652
13,10594,1788548931821422222,964.6038825213908,361.9586346410215,0.8741713166236877
13,10595,1788548931854766666,964.7520457804204,357.3674837052822,0.9549628496170044
13,10596,1788548931888111111,965.661104142666,348.99274882953614,0.8526223301887512
13,10597,1788548931921455555,965.7995589375496,348.38638937473297,0.8594013452529907
13,10598,1788548931954800000,966.5728234648705,338.7865772396326,0.9177232384681702
13,10599,1788548931988133333,966.915868975222,333.80932871997356,0.8526796102523804
13,10600,1788548932021477777,967.388055294752,327.93455527722836,0.9365594983100892
13,10601,1788548932054822222,968.0547969304024,324.1301267594099,0.8645498156547546
13,10602,1788548932088166666,968.6908470094204,320.70230081677437,0.836119532585144
13,10603,1788548932121511111,969.2621595859528,318.3724167048931,0.8910015225410461
13,10604,1788548932154855555,970.5093810856342,312.65177151560783,0.8342567086219788
13,10605,1788548932188200000,970.912251792848,310.83008885383606,0.8900482654571533
13,10606,1788548932221533333,971.8363481611012,305.23903362452984,0.8378871083259583
13,10607,1788548932254877777,972.1969495862722,304.025805093348,0.8843855261802673
13,10608,1788548932288222222,972.7914800345898,298.96121014654636,0.8319558501243591
13,10609,1788548932321566666,972.7812954187392,299.170820325613,0.8427684307098389
13,10610,1788548932354911111,973.107716664672,294.5920558273792,0.9244049787521362
13,10611,1788548932388255555,973.0293372329324,292.0462083555758,0.831802248954773
13,10612,1788548932421600000,973.113898254931,294.59920623898506,0.9360286593437196
13,10613,1788548932454933333,974.1743285059928,303.74797305464745,0.8354587554931641
13,10614,1788548932488277777,974.3137075901031,304.98532353527844,0.923462450504303
13,10615,1788548932521622222,975.0851129293442,310.96220825240016,0.840890109539032
13,10616,1788548932554966666,975.2379673719406,311.13259449601173,0.8667182326316833
13,10617,1788548932588311111,975.6449591517448,314.26826056838036,0.8371497392654419
13,10618,1788548932621655555,975.9765482712536,316.00161129573826,0.9424386024475098
13,10619,1788548932655000000,976.6637043058872,322.48570507764816,0.8489532470703125
13,10620,1788548932688333333,976.9256180226804,324.75451278686523,0.9517760276794434
13,10621,1788548932721677777,977.5541469454764,331.3580821752548,0.8487178683280945
13,10622,1788548932755022222,977.959923863411,336.25562340021133,0.943571150302887
13,10623,1788548932788366666,978.2129078805448,340.121780410409,0.8593100309371948
13,10624,1788548932821711111,978.6874079108238,344.73508155345917,0.9341936111450196
13,10625,1788548932855055555,979.3341436386108,349.9588753655553,0.8802415132522583
13,10626,1788548932888400000,979.5497855246068,350.7548922300339,0.8672698140144348
13,10627,1788548932921733333,980.1018991023302,355.02582560665905,0.9401894807815552
13,10628,1788548932955077777,980.6352266073228,359.81786343455315,0.9556832313537598
13,10629,1788548932988422222,980.9169225543736,364.4993888437748,0.8628284931182861
13,10630,1788548933021766666,980.9256387203932,365.42151284217834,0.9246268272399902
13,10631,1788548933055111111,980.9984584306368,368.703045129776,0.8694708347320557
13,10632,1788548933088455555,981.1523106843232,372.8843900114298,0.916528820991516
13,10633,1788548933121800000,980.819516479969,374.56014636158943,0.8724236488342285
13,10634,1788548933155133333,979.887070722878,374.142132550478,0.8768564462661743
13,10635,1788548933188477777,978.8020841628312,373.8340607285499,0.877886176109314
13,10636,1788548933221822222,978.2284011244774,379.0966443270445,0.9520593285560608
13,10637,1788548933255166666,978.1233647018672,385.9359738752246,0.8759889006614685
13,10638,1788548933288511111,977.3910995423794,385.34064069390297,0.8768796920776367
13,10639,1788548933321855555,978.3457889854908,396.5039273202419,0.9176289439201356
13,10640,1788548933355200000,978.260758370161,398.4260183572769,0.8751856088638306
13,10641,1788548933388533333,978.7361807525158,404.2951454818249,0.9010486602783204
13,10642,1788548933421877777,978.8191563040018,405.4652873277664,0.8742383122444153
13,10643,1788548933455222222,979.466036617756,411.64952877163887,0.8968503475189209
13,10644,1788548933488566666,979.794441819191,416.55046755075455,0.972077488899231
13,10645,1788548933521911111,979.9855228299276,421.3173000216484,0.8722764253616333
13,10646,1788548933555255555,979.5202116966248,421.9271133691073,0.873672366142273
13,10647,1788548933588600000,979.3624415695668,425.1640724092722,0.8710376620292664
13,10648,1788548933621933333,979.4677355885506,429.45724779367447,0.9749830961227416
13,10649,1788548933655277777,979.7950787246228,434.4637624323368,0.8708534240722656
13,10650,1788548933688622222,979.7337497770786,434.4760271012783,0.8712737560272217
13,10651,1788548933721966666,979.8585019111632,434.4334445595741,0.8807163238525391
13,10652,1788548933755311111,980.6580483019352,443.353609919548,0.8756623268127441
13,10653,1788548933788655555,980.6802782714368,444.38974007964134,0.8809759020805359
13,10654,1788548933822000000,981.9494586251676,458.6026342511177,0.8610321283340454
13,10655,1788548933855333333,981.8750998154284,459.8456544429064,0.8838075399398804
13,10656,1788548933888677777,982.2468533813952,466.56084924936295,0.8545024991035461
13,10657,1788548933922022222,982.1216045469046,467.23695884644985,0.8835266828536987
13,10658,1788548933955366666,982.4535123705864,473.83996318280697,0.8508910536766052
13,10659,1788548933988711111,982.250218153,474.0197857581079,0.8621203303337097
13,10660,1788548934022055555,982.2960859537123,477.02900626696646,0.8460775017738342
13,10661,1788548934055400000,982.1632703095676,477.4258526861667,0.8785613179206848
13,10662,1788548934088733333,982.8494324982166,483.4988290667534,0.8439387679100037
13,10663,1788548934122077777,983.4099686741828,486.9256906360388,0.94317227602005
13,10664,1788548934155422222,984.0762660577892,490.6002527475357,0.8425188064575195
13,10665,1788548934188766666,984.5028215646744,494.25048327445984,0.9459704756736756
13,10666,1788548934222111111,985.239613071084,498.8729359060526,0.8966010212898254
13,10667,1788548934255455555,985.9622610472144,504.49689042568207,0.7750046253204346
13,10668,1788548934288800000,986.2067345380784,504.9506290592253,0.7718517184257507
13,10669,1788548934322133333,986.4259557127951,506.4516488611698,0.6445640325546265
13,10670,1788548934355477777,986.5897509753704,507.08793611079454,0.6451188325881958
13,10671,1788548934388822222,987.055255547166,507.0365867242217,0.6255953907966614
13,10672,1788548934422166666,987.2325986921788,507.1163502782583,0.6226606965065002
13,10673,1788548934455511111,987.451683461666,507.1696252077818,0.6222586035728455
13,10674,1788548934488855555,988.3157145082952,503.158674672246,0.8602741956710815
13,10675,1788548934522200000,989.0844574421644,500.2881490290165,0.8362882137298584
13,10676,1788548934555533333,989.9025231674314,493.07163209468126,0.893761396408081
13,10677,1788548934588877777,990.91320464015,485.9458300806582,0.8472409844398499
13,10678,1788548934622222222,991.54823833704,481.9704225603491,0.924199879169464
13,10679,1788548934655566666,991.9824419375508,478.9439935348928,0.8495671153068542
13,10680,1788548934688911111,992.0914071202278,475.8525460511446,0.8465340733528137
13,10681,1788548934722255555,991.8538700193168,475.0689966380596,0.8597085475921631
13,10682,1788548934755600000,992.04056340456,468.4083233475685,0.8525590300559998
13,10683,1788548934788933333,992.1103131994604,463.62967586517334,0.9485158920288086
13,10684,1788548934822277777,992.341338723898,460.1270990520716,0.8589950799942017
13,10685,1788548934855622222,992.484407812357,458.07477029412985,0.8859654068946838
13,10686,1788548934888966666,992.8737338781356,455.9660255871713,0.860587477684021
13,10687,1788548934922311111,993.5551250874996,449.6758355796337,0.9493144750595092
13,10688,1788548934955655555,994.4464308917522,443.3735780417919,0.8592456579208374
13,10689,1788548934989000000,994.8037464022636,440.97601028345525,0.9019039869308472
13,10690,1788548935022333333,995.0315216556191,438.63876363635063,0.8622626662254333
13,10691,1788548935055677777,995.632139325142,431.24745789170265,0.8455731868743896
13,10692,1788548935089022222,995.460466504097,430.5756272673607,0.850757896900177
13,10693,1788548935122366666,995.829676091671,424.4165777862072,0.8319547176361084
13,10694,1788548935155711111,995.9081282168628,420.1311031281948,0.9177948832511902
13,10695,1788548935189055555,995.9621125049888,416.06006755679846,0.8083020448684692
13,10696,1788548935222400000,996.0288575552404,412.3050388991833,0.7840733528137207
13,10697,1788548935255733333,996.5236378312112,407.3877902030945,0.8757072687149048
13,10698,1788548935289077777,996.9461548030376,402.10926642268896,0.7402911186218262
13,10699,1788548935322422222,997.2674960196018,401.74572363495827,0.7489921450614929
13,10700,1788548935355766666,998.3342512845992,395.648731559515,0.7344669699668884
13,10701,1788548935389111111,998.8711215406656,393.8170938640833,0.7349627614021301
13,10702,1788548935422455555,999.1578231453896,392.299113035202,0.7196312546730042
13,10703,1788548935455800000,1000.0724947229028,388.75822116434574,0.8152985572814941
13,10704,1788548935489133333,1000.2244563251734,384.45541846752167,0.7096300721168518
13,10705,1788548935522477777,1000.7595132440327,378.70249325037,0.760155439376831
13,10706,1788548935555822222,1000.6868580579758,374.3158834278583,0.849930465221405
13,10707,1788548935589166666,1000.8219209760427,370.2161372900009,0.8009862899780273
13,10708,1788548935622511111,1001.3301135003568,363.7079454064369,0.870379626750946
13,10709,1788548935655855555,1001.5143977999688,361.92151909321547,0.8358281254768372
13,10710,1788548935689200000,1001.8350268602372,360.2745623886585,0.8603714108467102
13,10711,1788548935722533333,1002.1733168065548,357.43255534768105,0.8347244262695312
13,10712,1788548935755877777,1002.1545077264308,357.11833690851927,0.844082236289978
13,10713,1788548935789222222,1002.1082861497998,353.05233232304454,0.9491865038871764
13,10714,1788548935822566666,1002.4687400460244,347.36947000026703,0.8528744578361511
13,10715,1788548935855911111,1002.439551472664,343.14802871644497,0.9436809420585632
13,10716,1788548935889255555,1003.1962757855654,334.6005784869194,0.8610240817070007
13,10717,1788548935922600000,1002.915066242218,332.2531715631485,0.9293141961097716
13,10718,1788548935955933333,1002.852685123682,327.02129678986967,0.8608183860778809
13,10719,1788548935989277777,1002.3440810143948,326.3685664534569,0.8643181920051575
13,10720,1788548936022622222,1002.4870982468128,320.85175973176956,0.9357474446296692
13,10721,1788548936055966666,1003.0196702182292,315.69762924313545,0.8720262050628662
13,10722,1788548936089311111,1003.3121786415576,314.2065228074789,0.8565676212310791
13,10723,1788548936122655555,1003.3057987093924,311.66682413220406,0.9190011620521544
13,10724,1788548936156000000,1003.5300407409668,303.77256882190704,0.9008156061172484
13,10725,1788548936189333333,1003.8941655009984,297.97244792059064,0.8362705111503601
13,10726,1788548936222677777,1003.7518757283688,296.19972452521324,0.8935829997062683
13,10727,1788548936256022222,1004.1096259579062,290.90885377675295,0.8345196843147278
13,10728,1788548936289366666,1003.9439195208251,290.1898922175169,0.8535982966423035
13,10729,1788548936322711111,1003.6608544886112,287.38254660367966,0.8328652381896973
13,10730,1788548936356055555,1003.4911603629588,283.7926228046417,0.877596914768219
13,10731,1788548936389400000,1003.317013323307,282.1870855242014,0.8329236507415771
13,10732,1788548936422733333,1003.6925284266472,285.658292144537,0.9209874868392944
13,10733,1788548936456077777,1004.6682018041612,290.50027790665627,0.9194064736366272
13,10734,1788548936489422222,1005.5837244987488,296.4118528366089,0.8354184627532959
13,10735,1788548936522766666,1005.9703106991948,296.3430044949055,0.8602572679519653
13,10736,1788548936556111111,1006.5564558207988,299.0937537550926,0.841717004776001
13,10737,1788548936589455555,1007.2621514499187,303.3345085680485,0.9363598823547364
13,10738,1788548936622800000,1007.7028242647648,307.40850499272346,0.8471761345863342
13,10739,1788548936656133333,1008.26495423913,311.6304647028446,0.9282284379005432
13,10740,1788548936689477777,1008.6349598169328,315.99218604899943,0.8911494612693787
13,10741,1788548936722822222,1008.8817258775234,319.89989414811134,0.8530839681625366
13,10742,1788548936756166666,1009.2702022790908,324.2237443625927,0.9692449569702148
13,10743,1788548936789511111,1010.3038188517094,332.33719059824944,0.8583644032478333
13,10744,1788548936822855555,1010.878148280084,335.7124412059784,0.8950236439704895
13,10745,1788548936856200000,1011.4129371345044,337.33824104070663,0.8617224097251892
13,10746,1788548936889533333,1012.3835733234882,341.83463133871555,0.9211567640304564
13,10747,1788548936922877777,1013.2117378115654,346.74363535642624,0.9499930739402772
13,10748,1788548936956222222,1013.9844982810318,352.60538002848625,0.8387341499328613
13,10749,1788548936989566666,1014.2466301620008,355.6724545657635,0.8413134217262268
13,10750,1788548937022911111,1014.1488680243492,357.3022815287113,0.8127097487449646
13,10751,1788548937056255555,1013.9850949011744,358.0763693526387,0.8202136754989624
13,10752,1788548937089600000,1013.8442482352256,358.58828327059746,0.8156119585037231
13,10753,1788548937122933333,1015.1028384789824,369.32314705848694,0.7516732215881348
13,10754,1788548937156277777,1015.8753470107912,374.04007552936673,0.729470431804657
13,10755,1788548937189622222,1015.9846133729444,376.480412453413,0.7134341597557068
13,10756,1788548937222966666,1019.6752498745918,389.0724351033568,0.7004818916320801
13,10757,1788548937256311111,1019.5388507544994,390.4648464024067,0.7125063538551331
13,10758,1788548937289655555,1020.99105553329,395.01327135879546,0.7140569090843201
13,10759,1788548937323000000,1021.1057684496044,396.9552204050124,0.7102093696594238
13,10760,1788548937356333333,1021.257691591978,397.11139503121376,0.7109823822975159
13,10761,1788548937389677777,1021.5155122876168,402.9721634835005,0.7056202292442322
13,10762,1788548937423022222,1021.2269943654536,407.1256421357393,0.7271061539649963
13,10763,1788548937456366666,1021.4819202125072,410.84781324863434,0.7024949789047241
13,10764,1788548937489711111,1021.6316257715224,416.6486400961876,0.7697544693946838
13,10765,1788548937523055555,1021.5650219023228,416.5811690092087,0.7680514454841614
13,10766,1788548937556400000,1021.5514390468596,420.2491476982832,0.8006308078765869
13,10767,1788548937589733333,1021.9193053543568,421.86178977787495,0.7824896574020386
13,10768,1788548937623077777,1021.9541516415776,423.8243336230517,0.8129984140396118
13,10769,1788548937656422222,1022.170022279024,424.7688611149788,0.8017581701278687
13,10770,1788548937689766666,1023.00152880128,432.17056165635586,0.8223908543586731
13,10771,1788548937723111111,1023.1474588960408,438.7485716342926,0.8990741968154907
13,10772,1788548937756455555,1023.7087868452072,442.4534951746464,0.8720900416374207
13,10773,1788548937789800000,1024.4087473154068,451.4029733538627,0.8543848991394043
13,10774,1788548937823133333,1024.5398582816124,452.7567413300276,0.8749729990959167
13,10775,1788548937856477777,1025.0322649739685,459.1711317449808,0.8692525625228882
13,10776,1788548937889822222,1025.1728566139936,459.7924472540617,0.8807914853096008
13,10777,1788548937923166666,1025.5376218259337,463.7545544058085,0.8586302995681763
13,10778,1788548937956511111,1025.8558134287596,464.6533719301224,0.897724986076355
13,10779,1788548937989855555,1026.842014297843,472.4766103923321,0.9024327993392944
13,10780,1788548938023200000,1027.5797283053398,478.4974682927132,0.851599931716919
13,10781,1788548938056533333,1028.0941462814808,480.62633088231087,0.886680006980896
13,10782,1788548938089877777,1028.299366980791,482.5836463868618,0.8520862460136414
13,10783,1788548938123222222,1028.6602944135666,487.1634024828672,0.9647470116615297
13,10784,1788548938156566666,1028.7580666840076,492.93291855603456,0.913593292236328
13,10785,1788548938189911111,1028.691774815321,498.65328055620193,0.8247578144073486
13,10786,1788548938223255555,1028.5280604362488,499.43501958251,0.8240615725517273
13,10787,1788548938256600000,1028.829396635294,503.6166624426842,0.8991699814796448
13,10788,1788548938289933333,1028.7237095832825,509.9623844437301,0.6947082281112671
13,10789,1788548938323277777,1028.3395605385303,510.1197593733668,0.6561221480369568
13,10790,1788548938356622222,1027.5,506.5,0.6275232803821563
13,10791,1788548938389966666,1028.5,505.5,0.6276208806037903
13,10792,1788548938423311111,1029.1930492520332,502.7994495332241,0.6505337357521057
13,10793,1788548938456655555,1029.397878974676,500.6916413903237,0.6929895877838135
13,10794,1788548938490000000,1029.2725021243095,495.4727106392384,0.6357712149620056
13,10795,1788548938523333333,1029.1945913434029,495.55045557022095,0.6436131596565247
13,10796,1788548938556677777,1030.4387419819832,491.533456146717,0.6520944237709045
13,10797,1788548938590022222,1029.7353525459766,489.36367681622505,0.5969011783599854
13,10798,1788548938623366666,1029.6625248789787,488.5979211628437,0.6296425461769104
13,10799,1788548938656711111,1031.384399563074,475.68134075403214,0.6700577735900879
13,10800,1788548938690055555,1031.172128930688,475.62372121214867,0.6820805668830872
13,10801,1788548938723400000,1031.587371110916,471.0733419582248,0.8222342729568481
13,10802,1788548938756733333,1032.2435403317213,465.7691358476877,0.7797749042510986
13,10803,1788548938790077777,1033.276222705841,462.4147329032421,0.8338348865509033
13,10804,1788548938823422222,1033.7839801460505,461.49561524391174,0.8485813736915588
13,10805,1788548938856766666,1035.117056891322,454.6555147171021,0.862054705619812
13,10806,1788548938890111111,1035.635649621487,449.66739386320114,0.9445462226867676
13,10807,1788548938923455555,1036.2240098267794,444.81094309687614,0.880011260509491
13,10808,1788548938956800000,1036.665495187044,441.7980733066797,0.9348249435424804
13,10809,1788548938990133333,1036.8714731782677,436.192830324173,0.8470364809036255
13,10810,1788548939023477777,1036.8476425558329,434.6996337473393,0.8499203324317932
13,10811,1788548939056822222,1037.125380501151,431.33252665400505,0.8138646483421326
13,10812,1788548939090166666,1037.3664628863337,429.2878613471985,0.8081743121147156
13,10813,1788548939123511111,1038.3163114190102,420.9541191570461,0.7687094807624817
13,10814,1788548939156855555,1039.0930293649435,415.2787057161331,0.7175083756446838
13,10815,1788548939190200000,1039.173611819744,415.1469605714083,0.7138902544975281
13,10816,1788548939223533333,1040.600401431322,410.80115009844303,0.6616972088813782
13,10817,1788548939256877777,1040.6956707835195,401.4567900598049,0.8726831674575806
13,10818,1788548939290222222,1040.3769384622574,400.1013904809952,0.8863610625267029
13,10819,1788548939323566666,1040.594751983881,398.7775964140892,0.854655385017395
14,11207,1788548952260588888,916.0,418.6666666666667,1.0
14,11208,1788548952293933333,916.3100850880146,419.4676461815834,0.9145889282226562
14,11209,1788548952327277777,916.3122630417348,426.1955486238003,0.7607282996177673
14,11210,1788548952360622222,916.2868463695048,425.9608585238457,0.8335126638412476
14,11211,1788548952393966666,916.4996056854724,428.8235549479723,0.8598144054412842
14,11212,1788548952427311111,916.5107492804528,429.6431837081909,0.8731019496917725
14,11213,1788548952460644444,916.1215291470288,429.3357872366905,0.8719845414161682
14,11214,1788548952493988888,915.9423385076224,430.7712607085705,0.8950217962265015
14,11215,1788548952527333333,915.4358870387076,430.9854461066425,0.8715176582336426
14,11216,1788548952560677777,915.2951155900956,432.31764537096024,0.8966200947761536
14,11217,1788548952594022222,915.3846365511416,436.1220920458436,0.8930252194404602
14,11218,1788548952627366666,915.3507217466832,436.7386862635613,0.8674991130828857
14,11219,1788548952660711111,915.412049561739,435.8065482825041,0.893534243106842
14,11220,1788548952694044444,915.7751308232546,438.20150849223137,0.8670849204063416
14,11221,1788548952727388888,916.4399791955948,439.99777639168315,0.899972677230835
14,11222,1788548952760733333,916.5212194621564,441.03317238390446,0.8684887290000916
14,11223,1788548952794077777,916.5038943588734,441.7016705274582,0.8545024991035461
14,11224,1788548952827422222,916.4306053221226,442.5306527018547,0.8823835849761963
14,11225,1788548952860766666,916.348650187254,445.4451958835125,0.8494052886962891
14,11226,1788548952894111111,916.5321898460388,445.6959310173988,0.8970212936401367
14,11227,1788548952927444444,916.578919440508,448.7007510960102,0.8601700067520142
14,11228,1788548952960788888,916.6315160393716,449.3127672076225,0.9009706377983092
14,11229,1788548952994133333,916.8365782499312,452.2829083800316,0.8596436977386475
14,11230,1788548953027477777,917.2213280946016,454.4038055539131,0.8878557085990906
14,11231,1788548953060822222,917.1535998731852,454.45919901132584,0.8676246404647827
14,11232,1788548953094166666,916.9229625314474,452.8174549937248,0.8728467226028442
14,11233,1788548953127511111,916.4654087424278,451.3323332667351,0.8638436198234558
14,11234,1788548953160844444,915.9056530296804,452.23447519540787,0.9085720777511596
14,11235,1788548953194188888,915.265177577734,456.4768635630608,0.8583384156227112
14,11236,1788548953227533333,914.742337077856,458.23894660174847,0.8922587037086487
14,11237,1788548953260877777,914.421102374792,464.17419293522835,0.8449729681015015
14,11238,1788548953294222222,914.030164891854,464.0647261738777,0.8868464827537537
14,11239,1788548953327566666,913.9717717189342,466.1714193224907,0.8450493812561035
14,11240,1788548953360911111,914.0808096528052,465.9941975516267,0.895717442035675
14,11241,1788548953394244444,914.6489780545236,466.6326426267624,0.8472370505332947
14,11242,1788548953427588888,914.3354895710944,466.01506818830967,0.8557147979736328
14,11243,1788548953460933333,913.6495711505412,467.5076389312744,0.7093649506568909
14,11244,1788548953494277777,913.5394265949726,466.7258478105068,0.7186235785484314
14,11245,1788548953527622222,914.4328306913376,464.77131655812263,0.7109742164611816
14,11246,1788548953560966666,914.3177480399607,463.391267478466,0.7047445178031921
14,11247,1788548953594311111,913.999771963834,462.243347659707,0.7100010514259338
14,11248,1788548953627644444,913.9861485939472,461.1398061960936,0.7602938413619995
14,11249,1788548953660988888,913.7819586843252,459.82316410541534,0.7764813303947449
14,11250,1788548953694333333,913.439322322607,458.5067449212074,0.7713981866836548
14,11251,1788548953727677777,914.332548737526,453.8024959117174,0.8602461814880371
14,11252,1788548953761022222,914.6108961701392,450.4108568429947,0.8314116597175598
14,11253,1788548953794366666,915.6821168065072,444.90284615010023,0.8465213775634766
14,11254,1788548953827711111,916.2144435197116,442.5915823876858,0.8200211524963379
14,11255,1788548953861044444,917.2647401690484,437.9660698622465,0.8823177218437195
14,11256,1788548953894388888,918.0707370638848,434.7106411755085,0.834023118019104
14,11257,1788548953927733333,918.4020516574384,431.902158357203,0.8086193203926086
14,11258,1788548953961077777,919.6544279754162,427.7455224394798,0.8894747495651245
14,11259,1788548953994422222,919.9551333598793,427.012796966359,0.7903459668159485
14,11260,1788548954027766666,920.8446094095708,422.6307865679264,0.8667280673980713
14,11261,1788548954061111111,920.8472704142332,419.8838370218873,0.800006628036499
14,11262,1788548954094444444,921.102792173624,416.78062495589256,0.82501620054245
14,11263,1788548954127788888,921.089785605669,414.1662268191576,0.828816831111908
14,11264,1788548954161133333,922.037459332496,410.3070785403251,0.8223126530647278
14,11265,1788548954194477777,922.4980896115304,409.7129822075367,0.825329065322876
14,11266,1788548954227822222,923.0394594073296,407.87141612172127,0.8124269247055054
14,11267,1788548954261166666,922.5827825367452,408.18756583333015,0.8050342798233032
14,11268,1788548954294511111,921.8432949781418,408.3533255457878,0.80253666639328
14,11269,1788548954327844444,921.6970144510268,408.9968004093971,0.802517294883728
14,11270,1788548954361188888,921.8262740522624,409.65290001034737,0.7967579364776611
14,11271,1788548954394533333,921.6453692615032,410.0728912502527,0.8033351898193359
14,11272,1788548954427877777,922.8881783559918,404.150351524353,0.8433997631072998
14,11273,1788548954461222222,925.25102314353,392.2262487411499,0.8184176683425903
14,11274,1788548954494566666,925.7630256563424,389.56850001215935,0.8189937472343445
14,11275,1788548954527911111,924.9126495793462,389.3973542749882,0.8410298824310303
14,11276,1788548954561244444,924.6046254038812,386.1516006588936,0.8280603885650635
14,11277,1788548954594588888,923.918596699834,383.6720833182335,0.859311580657959
14,11278,1788548954627933333,922.8248133957386,383.3046062588692,0.8278922438621521
14,11279,1788548954661277777,921.5917344391346,384.2570181488991,0.8250271677970886
14,11280,1788548954694622222,920.830867856741,384.0942366421222,0.8344581127166748
14,11281,1788548954727966666,921.3017874658108,380.40770196914673,0.7987320423126221
14,11282,1788548954761311111,921.5851573646067,379.3535275757313,0.7745792865753174
14,11283,1788548954794644444,923.8882176727057,370.7302058637142,0.8503806591033936
14,11284,1788548954827988888,924.6891214251518,370.6704238951206,0.8634870648384094
14,11285,1788548954861333333,926.4977066218852,366.1773799061775,0.8427446484565735
14,11286,1788548954894677777,927.2566127181052,366.57350769639015,0.8610997796058655
14,11287,1788548954928022222,928.5264018476008,364.79812547564507,0.7941194772720337
14,11288,1788548954961366666,928.7664151191713,365.4624944329262,0.7946996688842773
14,11289,1788548954994711111,928.9789817538112,365.99153292924166,0.8032182455062866
14,11290,1788548955028044444,930.1043675094844,363.2226106673479,0.8058772087097168
14,11291,1788548955061388888,930.9783392641692,359.8107938170433,0.8592610955238342
14,11292,1788548955094733333,931.1245968937874,359.773673966527,0.7789900302886963
14,11293,1788548955128077777,931.1731411069632,360.80516600608826,0.7741649150848389
14,11294,1788548955161422222,930.9815625697374,361.49739384651184,0.7716919779777527
14,11295,1788548955194766666,931.3398120105268,362.27868378162384,0.7652363777160645
14,11296,1788548955228111111,932.477075368166,356.6578745543957,0.8770031929016113
14,11297,1788548955261444444,933.0056018019096,356.11219131201506,0.7814655303955078
14,11298,1788548955294788888,933.8461349010468,349.41326728463173,0.8640282154083252
14,11299,1788548955328133333,934.46488276124,346.92740309238434,0.7996208071708679
14,11300,1788548955361477777,934.0757024660708,347.5416142642498,0.7992380857467651
14,11301,1788548955394822222,934.575420677662,340.37065929174423,0.8611121773719788
14,11302,1788548955428166666,934.5756652057172,341.0796972364187,0.860744833946228
14,11303,1788548955461511111,935.6565346717834,339.8072388470173,0.8205170631408691
14,11304,1788548955494844444,935.9231138899922,340.00384954875335,0.7790209054946899
14,11305,1788548955528188888,936.7305431067944,337.96049281582236,0.7860701084136963
14,11306,1788548955561533333,936.674758464098,338.5443460345268,0.7809230089187622
14,11307,1788548955594877777,937.4112347960472,334.52357226610184,0.79063880443573
14,11308,1788548955628222222,938.0494155175984,329.4463746547699,0.797605037689209
14,11309,1788548955661566666,937.9325141981244,329.22769029438496,0.7826407551765442
14,11310,1788548955694911111,938.9394738003612,324.15887144207954,0.7968832850456238
14,11311,1788548955728244444,938.8379049003124,324.0507754459977,0.7801083326339722
14,11312,1788548955761588888,939.4573993086816,319.52367159724236,0.8121650218963623
14,11313,1788548955794933333,940.0767665207386,318.1505571901798,0.8152000904083252
14,11314,1788548955828277777,941.5137967169284,314.87302964925766,0.7708256244659424
14,11315,1788548955861622222,942.076581992209,314.5241529047489,0.7568848729133606
14,11316,1788548955894966666,942.7064801752568,306.0561444722116,0.741299033164978
14,11317,1788548955928311111,943.6250130832196,305.2524066865444,0.7536700963973999
14,11318,1788548955961644444,944.8443391919136,302.91697381436825,0.7704823017120361
14,11319,1788548955994988888,946.3465484976768,299.0732094347477,0.7913610339164734
14,11320,1788548956028333333,946.9324008375406,298.81251734495163,0.8102830648422241
14,11321,1788548956061677777,948.250669658184,295.02871555276215,0.8132502436637878
14,11322,1788548956095022222,949.0436345115304,292.5180809497833,0.8358083963394165
14,11323,1788548956128366666,949.8672343343496,289.6784451007843,0.8071531653404236
14,11324,1788548956161711111,949.9591239355505,289.8034467548132,0.8156892657279968
14,11325,1788548956195044444,950.36052814126,288.1788884103298,0.8069330453872681
14,11326,1788548956228388888,950.9219394028188,286.8111000806093,0.8372916579246521
14,11327,1788548956261733333,951.7989300340414,283.9850224927068,0.7947621941566467
14,11328,1788548956295077777,952.723498404026,280.81251361966133,0.8089085221290588
14,11329,1788548956328422222,952.9254637882112,281.0470434874296,0.8200199007987976
14,11330,1788548956361766666,953.1715898662806,281.6326978504658,0.8200535774230957
14,11331,1788548956395111111,953.8311601281166,282.12008752673864,0.8591394424438477
14,11332,1788548956428444444,954.5877994000912,288.329404771328,0.7689369916915894
14,11333,1788548956461788888,954.5463728308678,289.07871625572443,0.7762641906738281
14,11334,1788548956495133333,954.5927282571791,291.45302975177765,0.752935528755188
14,11335,1788548956528477777,955.028881393373,299.3812038898468,0.8053532242774963
14,11336,1788548956561822222,954.9802119620144,300.70816895365715,0.7887799143791199
14,11337,1788548956595166666,955.9489931948484,302.1684405207634,0.7782942056655884
14,11338,1788548956628511111,956.2775228023528,306.66757467389107,0.8686379790306091
14,11339,1788548956661844444,957.3018040955068,310.73026832938194,0.8034709095954895
14,11340,1788548956695188888,957.5062176585196,310.8946181386709,0.7987775802612305
14,11341,1788548956728533333,957.500991076231,314.2839662730694,0.8150076270103455
14,11342,1788548956761877777,957.1658495366572,314.3474664092064,0.8172038197517395
14,11343,1788548956795222222,956.8890295177698,318.2260447591543,0.8220110535621643
14,11344,1788548956828566666,956.906338147819,319.44067120552063,0.8692286610603333
14,11345,1788548956861911111,957.3224775493144,321.9082962349057,0.8261348605155945
14,11346,1788548956895244444,957.7924942225218,321.32303190231323,0.8362054228782654
14,11347,1788548956928588888,958.2399834692478,321.23556031286716,0.8168555498123169
14,11348,1788548956961933333,959.272760808468,323.9596367776394,0.7956408262252808
14,11349,1788548956995277777,959.256937980652,325.75079491734505,0.7674717903137207
14,11350,1788548957028622222,959.2825791835784,330.30277892947197,0.7862750887870789
14,11351,1788548957061966666,959.1888290196656,331.1251150816679,0.8645182251930237
14,11352,1788548957095311111,958.852043569088,334.15899999439716,0.7794955968856812
14,11353,1788548957128644444,959.0319366417824,335.8743645697832,0.8176356554031372
14,11354,1788548957161988888,958.6296394467354,335.28342616558075,0.8073841333389282
14,11355,1788548957195333333,958.7271589636804,335.59851413965225,0.874792218208313
14,11356,1788548957228677777,959.0260180141776,338.5774171054363,0.831344485282898
14,11357,1788548957262022222,959.6196036040784,341.9620936177671,0.8210790157318115
14,11358,1788548957295366666,960.120673455298,342.3954246342182,0.8501608371734619
14,11359,1788548957328711111,960.4605568647384,345.1850003898144,0.7909626960754395
14,11360,1788548957362044444,960.6760903298856,345.9050630033016,0.8659995794296265
14,11361,1788548957395388888,960.6742078363897,349.6831813454628,0.791742205619812
14,11362,1788548957428733333,960.1599266976118,350.84301318228245,0.8873807191848755
14,11363,1788548957462077777,959.8382033109664,352.82632242143154,0.8346030116081238
14,11364,1788548957495422222,959.5384721457958,356.22746436297894,0.8056331276893616
14,11365,1788548957528766666,959.9695736486464,357.4363320469856,0.8550315499305725
14,11366,1788548957562100000,959.9984465505696,359.91543712466955,0.8140167593955994
14,11367,1788548957595444444,960.5745603442192,360.7475680708885,0.8478748202323914
14,11368,1788548957628788888,960.7452009916306,364.58149898052216,0.7801151275634766
14,11369,1788548957662133333,960.8509823083878,365.6840033829212,0.8400371670722961
14,11370,1788548957695477777,960.3456293046474,366.97218402288854,0.8509998321533203
14,11371,1788548957728822222,960.314591228962,372.9938049186021,0.7724307775497437
14,11372,1788548957762166666,959.583825647831,373.2190988510847,0.8287994861602783
14,11373,1788548957795500000,958.8344712257384,377.18449053168297,0.7950504422187805
14,11374,1788548957828844444,958.1196033358574,377.1731538325548,0.8403613567352295
14,11375,1788548957862188888,957.7449643313884,380.45046520233154,0.8203340172767639
14,11376,1788548957895533333,957.490811407566,381.2842946052551,0.8495749235153198
14,11377,1788548957928877777,957.5855723917484,381.8768149986863,0.808902382850647
14,11378,1788548957962222222,958.1605304777622,383.5843859910965,0.8693604469299316
14,11379,1788548957995566666,958.5643101930618,385.8228407949209,0.8153444528579712
14,11380,1788548958028900000,959.1457074582576,387.1507180184126,0.8653839230537415
14,11381,1788548958062244444,959.4296840727328,388.83958296477795,0.8099928498268127
14,11382,1788548958095588888,959.6714407205582,390.910429470241,0.868237316608429
14,11383,1788548958128933333,959.7169193923472,393.7787471860647,0.8524352312088013
14,11384,1788548958162277777,959.652198433876,397.45200350880623,0.8167579174041748
14,11385,1788548958195622222,959.469948977232,397.876433134079,0.8322214484214783
14,11386,1788548958228966666,959.7008217871188,402.98042755015194,0.7428783774375916
14,11387,1788548958262300000,959.7829476743937,404.6208464503288,0.7793643474578857
14,11388,1788548958295644444,959.8687768131496,406.0603635646403,0.7544492483139038
14,11389,1788548958328988888,960.5341636538506,407.2384477108717,0.8307411670684814
14,11390,1788548958362333333,961.0270513482392,410.661842495203,0.8348755836486816
14,11391,1788548958395677777,961.4666039645672,415.1427876651287,0.7686156034469604
14,11392,1788548958429022222,961.8902977257968,416.0039666052908,0.8580243587493896
14,11393,1788548958462366666,961.8192858099936,420.5391226708889,0.7976527810096741
14,11394,1788548958495700000,961.9988837955752,422.69912990927696,0.883985698223114
14,11395,1788548958529044444,962.00410756981,425.702129304409,0.7985305786132812
14,11396,1788548958562388888,961.5867698192596,427.309377014637,0.8407309651374817
14,11397,1788548958595733333,961.2838827073574,428.5245440006256,0.8020883202552795
14,11398,1788548958629077777,960.8253900557756,430.2977370917797,0.8786534667015076
14,11399,1788548958662422222,960.3740716278552,432.122750505805,0.8003368973731995
14,11400,1788548958695766666,960.7694066911936,434.8701524436474,0.8891224265098572
14,11401,1788548958729100000,961.0048496988602,438.2649284005165,0.9024644494056702
14,11402,1788548958762444444,960.8486022353172,441.8326996713877,0.811635434627533
14,11403,1788548958795788888,961.3970561921597,444.6075361967087,0.8015111684799194
14,11404,1788548958829133333,960.8362050801516,446.4402438402176,0.7701014876365662
14,11405,1788548958862477777,961.042397364974,446.95195480808616,0.8652351498603821
14,11406,1788548958895822222,961.1180577874184,452.39651334285736,0.8576164841651917
14,11407,1788548958929166666,960.5506067276,456.17918545007706,0.8333601951599121
14,11408,1788548958962500000,960.6364634037018,456.85254698991776,0.8665362000465393
14,11409,1788548958995844444,960.7745172530412,459.00663888594136,0.7744089365005493
14,11410,1788548959029188888,960.1845728605986,460.2644848227501,0.773404061794281
14,11411,1788548959062533333,959.6488384306432,460.09037233889103,0.7628000974655151
14,11412,1788548959095877777,959.6700640916824,461.22701935470104,0.5887376666069031
14,11413,1788548959129222222,959.6145068705082,460.94306575879455,0.4765288531780243
14,11414,1788548959162566666,959.8982501551508,461.0186697281897,0.4881671369075775
14,11415,1788548959195900000,960.3578940927982,461.34906485676765,0.489831268787384
14,11416,1788548959229244444,961.4740321338176,461.07387240976095,0.6639004945755005
14,11417,1788548959262588888,961.9993192123366,461.0648809745908,0.706948459148407
14,11418,1788548959295933333,963.0847822725772,458.8225629776716,0.7895568013191223
14,11419,1788548959329277777,963.8173986375332,456.60826763510704,0.844453752040863
14,11420,1788548959362622222,964.358923882246,453.72772470116615,0.8116291165351868
14,11421,1788548959395966666,964.1378138065338,453.02050958387554,0.8350801467895508
14,11422,1788548959429300000,963.8939254656434,452.0236748941242,0.8085812330245972
14,11423,1788548959462644444,964.9414969272912,446.9779439866543,0.8182194828987122
14,11424,1788548959495988888,965.1129054054618,445.76942321658134,0.7922782301902771
14,11425,1788548959529333333,965.6006697714328,442.865422770381,0.8871928453445435
14,11426,1788548959562677777,966.1753288656472,439.0647736787796,0.8418095707893372
14,11427,1788548959596022222,966.6033413410188,434.2020914703608,0.7820699214935303
14,11428,1788548959629366666,966.895758330822,432.9981598792365,0.874943196773529
14,11429,1788548959662700000,967.8880865424871,429.99355501821265,0.8572894334793091
14,11430,1788548959696044444,968.0179396625608,428.98013102822006,0.845066487789154
14,11431,1788548959729388888,968.163168027997,428.7260855436325,0.7616102695465088
14,11432,1788548959762733333,968.634222239256,426.4847843647003,0.8033796548843384
14,11433,1788548959796077777,968.5587164461612,427.0159578993917,0.8058971166610718
14,11434,1788548959829422222,968.5347410142422,427.2194403409958,0.8058577179908752
14,11435,1788548959862766666,968.9533891007304,423.91811922192574,0.7936587929725647
14,11436,1788548959896100000,970.4474132359028,415.5696187019348,0.8489299416542053
14,11437,1788548959929444444,970.2526778578758,415.9406395405531,0.8614543676376343
14,11438,1788548959962788888,970.3068604767324,415.02517243660986,0.8962253928184509
14,11439,1788548959996133333,971.5057748556136,410.0847243145108,0.8371002674102783
14,11440,1788548960029477777,971.3555006682872,409.5823962688446,0.8230612874031067
14,11441,1788548960062822222,971.8608840256928,404.0652006492018,0.9425646066665648
14,11442,1788548960096166666,971.961359769106,402.6969385147095,0.8264009356498718
14,11443,1788548960129500000,972.2370729148388,398.3201422989368,0.8656735420227051
14,11444,1788548960162844444,972.2126288712024,397.9195220246911,0.7791228890419006
14,11445,1788548960196188888,972.6023258566856,393.4830278158188,0.842637300491333
14,11446,1788548960229533333,972.5524801909924,392.9233863726258,0.7639186382293701
14,11447,1788548960262877777,972.7441316843032,390.2476681023836,0.8296588063240051
14,11448,1788548960296222222,972.7647513598204,390.1770909130573,0.817465603351593
14,11449,1788548960329566666,973.4077850580215,387.2632200717926,0.8055422902107239
14,11450,1788548960362900000,974.216277360916,383.07048654556274,0.7892352938652039
14,11451,1788548960396244444,975.0126844001934,379.2106468528509,0.8159362077713013
14,11452,1788548960429588888,975.3972091078758,377.1199180409312,0.8371320962905884
14,11453,1788548960462933333,975.8102046698332,374.8446874767542,0.8020071387290955
14,11454,1788548960496277777,975.46329793334,375.9973460822366,0.838553786277771
14,11455,1788548960529622222,975.5234090983868,376.0005543293664,0.8154283761978149
14,11456,1788548960562966666,976.5494495630264,371.6847898364067,0.7906844615936279
14,11457,1788548960596300000,976.8955577462912,371.867601275444,0.8238267302513123
14,11458,1788548960629644444,978.1272252053022,370.35970973968506,0.7873998284339905
14,11459,1788548960662988888,978.8748029768468,371.01180535461754,0.7636417746543884
14,11460,1788548960696333333,980.1337121874094,368.226165369153,0.857426643371582
14,11461,1788548960729677777,981.0657241940498,367.65520656108856,0.8051199913024902
14,11462,1788548960763022222,981.8359177410604,365.3370823562145,0.8054517507553101
14,11463,1788548960796366666,981.5995678603648,365.9991292771301,0.785987913608551
14,11464,1788548960829700000,982.1076472327112,362.5759955644607,0.7857106328010559
14,11465,1788548960863044444,981.678883343935,363.0572984665632,0.7716153264045715
14,11466,1788548960896388888,982.2360093295574,359.36151307821274,0.7871408462524414
14,11467,1788548960929733333,981.708303809166,360.0318335108459,0.7799671292304993
14,11468,1788548960963077777,982.1889377087356,356.80743247270584,0.8054629564285278
14,11469,1788548960996422222,982.5235647261144,355.7094111740589,0.8113679885864258
14,11470,1788548961029766666,982.7018178999424,355.0895935893059,0.8017580509185791
14,11471,1788548961063100000,982.9954159152694,355.28373911976814,0.7975949048995972
14,11472,1788548961096444444,983.8021048158408,355.2330331206322,0.7821493148803711
14,11473,1788548961129788888,985.3370531201364,348.6751191020012,0.7640587687492371
14,11474,1788548961163133333,985.6854574382304,349.78063671290874,0.7551171779632568
14,11475,1788548961196477777,986.4865505993366,342.19240748882294,0.8292337656021118
14,11476,1788548961229822222,987.6481592655182,338.13762183487415,0.8226584792137146
14,11477,1788548961263166666,988.3227645754814,335.80662228167057,0.8638657331466675
14,11478,1788548961296500000,989.05682085827,333.6994092166424,0.8379550576210022
14,11479,1788548961329844444,989.8632716089488,332.2967485487461,0.8419806957244873
14,11480,1788548961363188888,990.3579902648926,326.5364933013916,0.7511692047119141
14,11481,1788548961396533333,990.6823889017104,326.7531295567751,0.7604065537452698
14,11482,1788548961429877777,991.1400838792324,327.2109617590904,0.7658600807189941
14,11483,1788548961463222222,992.3744470775129,323.28167259693146,0.7817699313163757
14,11484,1788548961496566666,992.6671516001225,323.7669705450535,0.8024095296859741
14,11485,1788548961529900000,993.5330311655998,321.20246240496635,0.8658364415168762
14,11486,1788548961563244444,994.8476752340794,318.9307659044862,0.7919697165489197
14,11487,1788548961596588888,994.6936718821526,319.52570527791977,0.7841914296150208
14,11488,1788548961629933333,994.843641012907,314.4438756108284,0.8495111465454102
14,11489,1788548961663277777,995.121072947979,312.5167470574379,0.7869745492935181
14,11490,1788548961696622222,995.6460334956646,309.7208288908005,0.8556053638458252
14,11491,1788548961729966666,995.7753904908895,308.98044402338564,0.7393751740455627
14,11492,1788548961763300000,995.691855162382,303.66022339463234,0.823929488658905
14,11493,1788548961796644444,995.8898952305316,303.78849098086357,0.8358571529388428
14,11494,1788548961829988888,995.8579610586166,304.13049249351025,0.8346814513206482
14,11495,1788548961863333333,995.5862798392772,304.7986594289541,0.8340883255004883
14,11496,1788548961896677777,995.8206394910812,302.8351904898882,0.8656975030899048
14,11497,1788548961930022222,996.1847019791604,300.77250926196575,0.7495493292808533
14,11498,1788548961963366666,995.2352680563928,300.96181582659483,0.7421998977661133
14,11499,1788548961996700000,995.1108660772444,295.8410590440035,0.8296101093292236
14,11500,1788548962030044444,994.3770447671412,295.78822864592075,0.8195429444313049
14,11501,1788548962063388888,994.6938292384148,302.2272319942713,0.7727569937705994
14,11502,1788548962096733333,994.7547612190248,303.8025345802307,0.7746055722236633
14,11503,1788548962130077777,994.1591037362814,304.12863056361675,0.8380353450775146
14,11504,1788548962163422222,993.7227447032928,303.99402481596917,0.8357551097869873
14,11505,1788548962196766666,994.1979405581952,309.39784187078476,0.8203017115592957
14,11506,1788548962230100000,994.137403011322,311.3179306089878,0.8946326971054077
14,11507,1788548962263444444,994.8732231408358,314.38359847664833,0.7479256987571716
14,11508,1788548962296788888,995.3653830885888,317.1519271582365,0.8585439324378967
14,11509,1788548962330133333,995.4507477283478,321.242568731308,0.7914571762084961
14,11510,1788548962363477777,995.2805262506008,321.4956146776676,0.8837498426437378
14,11511,1788548962396822222,995.24202555418,325.23754674196243,0.7916656136512756
14,11512,1788548962430166666,995.429494470358,329.5677447319031,0.7983441352844238
14,11513,1788548962463500000,995.3940651714802,329.828085899353,0.8010304570198059
14,11514,1788548962496844444,996.0003422667504,334.0899886265397,0.790711522102356
14,11515,1788548962530188888,996.1165950670838,334.5119817852974,0.7825628519058228
14,11516,1788548962563533333,996.4226419329644,336.0161820463836,0.8008703589439392
14,11517,1788548962596877777,996.4898118674756,335.7808627039194,0.8068810105323792
14,11518,1788548962630222222,996.8937124311924,339.92981042712927,0.7890716195106506
14,11519,1788548962663566666,996.946930795908,341.5463733077049,0.8557649850845337
14,11520,1788548962696900000,996.406360566616,344.92452774196863,0.7893369197845459
14,11521,1788548962730244444,996.2513600885868,345.6577277779579,0.8682407140731812
14,11522,1788548962763588888,996.097126275301,349.5074096620083,0.8291718363761902
14,11523,1788548962796933333,996.600304186344,354.02314694970846,0.7733144760131836
14,11524,1788548962830277777,996.6163488924504,355.94384152442217,0.8415189981460571
14,11525,1788548962863622222,996.5207085311412,357.61517721414566,0.7740432024002075
14,11526,1788548962896966666,996.3677140772344,357.00871628243476,0.7759031653404236
14,11527,1788548962930300000,996.3665740787984,360.1258423477411,0.756533682346344
14,11528,1788548962963644444,997.1273368149996,365.5156724750995,0.7087059020996094
14,11529,1788548962996988888,996.7231270372868,366.00072590936907,0.7267857789993286
14,11530,1788548963030333333,997.3050072491168,371.2634000182152,0.7047567963600159
14,11531,1788548963063677777,997.2525188922882,372.2854847609997,0.6898931860923767
14,11532,1788548963097022222,998.559780150652,377.3730551600456,0.6766574382781982
14,11533,1788548963130366666,998.3470066487788,377.72987937927246,0.7204514741897583
14,11534,1788548963163700000,998.5834462940692,379.992379904259,0.6337229013442993
14,11535,1788548963197044444,998.4465239644052,380.7538465708494,0.7004032135009766
14,11536,1788548963230388888,998.4798330664636,380.70187562704086,0.6984184980392456
14,11537,1788548963263733333,998.1723905056716,381.96831907331944,0.7021687030792236
14,11538,1788548963297077777,998.9460896849632,384.3036850988865,0.6601472496986389
14,11539,1788548963330422222,1000.1430878341198,386.97414884343743,0.6015676259994507
14,11540,1788548963363755555,1000.5154786705972,388.4061444103718,0.5995171070098877
14,11541,1788548963397100000,1000.8280251920224,388.9778099190444,0.5665411949157715
14,11542,1788548963430444444,1000.5014961063862,393.2721265256405,0.5798949003219604
14,11543,1788548963463788888,1000.4249186515808,397.01631193608046,0.5796235799789429
14,11544,1788548963497133333,1000.7275027930737,399.9495773538947,0.6494413614273071
14,11545,1788548963530477777,1000.6851462125778,402.05932150408626,0.6439573764801025
14,11546,1788548963563822222,1000.6711533367634,401.4277272224426,0.6398449540138245
14,11547,1788548963597166666,1000.8521805554628,400.8428809940815,0.6451719999313354
14,11548,1788548963630500000,1001.1658203601836,401.4078700244427,0.6813409328460693
14,11549,1788548963663844444,1003.8541973531246,404.9827561657876,0.6727844476699829
14,11550,1788548963697188888,1004.0673488155008,405.13718831539154,0.6671369671821594
14,11551,1788548963730533333,1001.0399140268564,412.0006221664371,0.7220146059989929
14,11552,1788548963763877777,1001.960907228291,416.3429636955261,0.6893804669380188
14,11553,1788548963797222222,1001.0437870696188,421.29328843951225,0.8036894202232361
14,11554,1788548963830555555,1001.0470606461168,421.4621285200119,0.7651054859161377
14,11555,1788548963863900000,1000.5288931727408,423.67427575588226,0.8414924740791321
14,11556,1788548963897244444,1000.4002470970154,425.3656392395496,0.8618828654289246
14,11557,1788548963930588888,1000.7073958814144,427.9545336551964,0.858497142791748
14,11558,1788548963963933333,1000.9516563042998,429.5011801123619,0.8406367301940918
14,11559,1788548963997277777,1001.3798202872276,432.4232063293457,0.8560219407081604
14,11560,1788548964030622222,1001.69484436512,436.88040429353714,0.8965290188789368
14,11561,1788548964063955555,1001.6633833646774,437.2954905331135,0.8639802932739258
14,11562,1788548964097300000,1001.2793485820292,439.6788130402565,0.8884467482566833
14,11563,1788548964130644444,1000.8895018845795,439.9064051285386,0.871873140335083
14,11564,1788548964163988888,1000.763678625226,443.309344381094,0.894742488861084
14,11565,1788548964197333333,1001.0216933824122,447.55200415849686,0.902179718017578
14,11566,1788548964230677777,1001.2551881074904,452.5986622571945,0.8062648773193359
14,11567,1788548964264022222,1001.295071542263,452.8574893176555,0.9028992652893066
14,11568,1788548964297355555,1001.2648282647132,457.189684510231,0.7736748456954956
14,11569,1788548964330700000,1001.2250972241164,459.2600158154965,0.8371516466140747
14,11570,1788548964364044444,1000.9748777784408,461.93487390875816,0.7621232271194458
14,11571,1788548964397388888,999.8067525178194,462.78511917591095,0.8077426552772522
14,11572,1788548964430733333,999.4865565896034,462.9984988856595,0.7890756130218506
14,11573,1788548964464077777,1000.145201176405,465.0006088007358,0.8310041427612305
14,11574,1788548964497422222,1000.0045696012676,469.0221819300205,0.8443067669868469
14,11575,1788548964530755555,1000.2589710056782,473.26328071951866,0.7666695713996887
14,11576,1788548964564100000,999.9500669911504,473.33463338017464,0.7739187479019165
14,11577,1788548964597444444,1000.1226893812418,475.6150048971176,0.8230849504470825
14,11578,1788548964630788888,1000.1467531472445,477.7556141316891,0.8278919458389282
14,11579,1788548964664133333,1000.1196104362608,481.4704166352749,0.7228269577026367
14,11580,1788548964697477777,1000.22574788332,482.7062841951847,0.7024968862533569
14,11581,1788548964730822222,1000.3747552335262,487.42172399163246,0.6198354363441467
14,11582,1788548964764155555,1000.4768735170364,486.0824395567179,0.6403627991676331
14,11583,1788548964797500000,1001.152705565095,484.6204129457474,0.6672061085700989
14,11584,1788548964830844444,1002.1972665339708,478.7230779528618,0.7408033013343811
14,11585,1788548964864188888,1002.7920911461116,476.449435710907,0.7728052735328674
14,11586,1788548964897533333,1004.045804206282,472.9464634768665,0.8274031281471252
14,11587,1788548964930877777,1004.6370098590852,471.9771999772638,0.8299294114112854
14,11588,1788548964964222222,1005.2991102933884,470.0473921224475,0.7962965965270996
14,11589,1788548964997555555,1005.7629896849394,469.7752460241318,0.7983973622322083
14,11590,1788548965030900000,1006.1529137790204,467.2096401900053,0.7717372179031372
14,11591,1788548965064244444,1006.989749439992,463.7648652046919,0.8028421401977539
14,11592,1788548965097588888,1007.1293850839138,461.6886223554611,0.7960994839668274
14,11593,1788548965130933333,1007.282164245844,461.8520716279745,0.7921990156173706
14,11594,1788548965164277777,1007.6918216347694,462.2180523723364,0.7836278676986694
14,11595,1788548965197622222,1009.0085668414832,458.89700669050217,0.7663456201553345
14,11596,1788548965230955555,1009.668888002634,454.5463325381279,0.6927374005317688
14,11597,1788548965264300000,1012.0719253346324,449.0803849995136,0.711783230304718
14,11598,1788548965297644444,1013.5645358860492,444.0150315091014,0.7532856464385986
14,11599,1788548965330988888,1013.8726980984212,444.4630390405655,0.7591441869735718
14,11600,1788548965364333333,1014.0925523936749,444.87276650965214,0.764687716960907
14,11601,1788548965397677777,1015.6752455830574,442.1905996352434,0.8270882964134216
14,11602,1788548965431022222,1015.8355373591183,441.7482623755932,0.7622843980789185
14,11603,1788548965464355555,1016.4032526910304,437.0995687097311,0.8458225131034851
14,11604,1788548965497700000,1016.5761651098728,433.47959423065186,0.7985165119171143
14,11605,1788548965531044444,1017.3757542073728,431.85702382028103,0.7233136892318726
14,11606,1788548965564388888,1018.0846210345626,425.7796139419079,0.7724378705024719
14,11607,1788548965597733333,1019.436268121004,420.3280076086521,0.7231755256652832
14,11608,1788548965631077777,1019.8259804099798,417.1464717388153,0.7704712152481079
14,11609,1788548965664422222,1020.3499881029128,413.6524412333966,0.7430365681648254
14,11610,1788548965697755555,1020.5640829205512,413.12366656214,0.7704209685325623
14,11611,1788548965731100000,1021.4456163942814,407.7226345539093,0.7584779858589172
14,11612,1788548965764444444,1021.224238872528,407.15472504496574,0.7678108811378479
14,11613,1788548965797788888,1021.5731590986252,403.2771018743515,0.7658023238182068
14,11614,1788548965831133333,1021.5670768618584,403.04812870174646,0.7539860010147095
14,11615,1788548965864477777,1022.406411498785,398.14606589078903,0.7634565830230713
14,11616,1788548965897822222,1022.2305207550526,397.1936443299055,0.7661193609237671
14,11617,1788548965931155555,1022.822163939476,394.07587161660194,0.6894923448562622
14,11618,1788548965964500000,1022.7674626857042,393.1486042886973,0.6685065031051636
14,11619,1788548965997844444,1022.7115660905838,394.8790363445878,0.628686249256134
14,11620,1788548966031188888,1026.6666666666667,388.0,1.0
14,11621,1788548966064533333,1027.212325647473,387.8992542922497,0.9709826707839966
14,11622,1788548966097877777,1029.9269285425544,385.9776957836002,0.9242043495178224
14,11623,1788548966131222222,1030.2325923144815,386.1492409408093,0.924869418144226
14,11624,1788548966164555555,1029.1931163668633,386.8907279744744,0.921283483505249
15,12047,1788548980268588888,934.6666666666666,356.0,1.0
15,12048,1788548980301933333,934.2763413190842,358.26665836572647,0.8248103260993958
15,12049,1788548980335277777,934.820013821125,366.223871126771,0.8493995666503906
15,12050,1788548980368611111,935.0186450332404,369.3450371026993,0.8169743418693542
15,12051,1788548980401955555,934.9894364653156,370.2671911418438,0.8250879645347595
15,12052,1788548980435300000,935.3667377531528,378.8149933665991,0.7001254558563232
15,12053,1788548980468644444,935.3748593330384,380.0915848463774,0.817359209060669
15,12054,1788548980501988888,935.9655345194042,384.09267906844616,0.8544632792472839
15,12055,1788548980535333333,935.983023846522,386.6630093753338,0.9025307893753052
15,12056,1788548980568677777,936.5435734689236,394.80692541599274,0.8538702130317688
15,12057,1788548980602011111,936.4223619699478,394.6488392949104,0.8602880239486694
15,12058,1788548980635355555,936.3051290810108,398.37626707553864,0.8593311905860901
15,12059,1788548980668700000,936.2216704189776,405.48006051778793,0.8648844361305237
15,12060,1788548980702044444,935.8887996673584,406.52532237768173,0.8591750264167786
15,12061,1788548980735388888,935.437373161316,413.7383984625339,0.8505522012710571
15,12062,1788548980768733333,934.8671041429044,414.8983911201358,0.8533743023872375
15,12063,1788548980802077777,934.913838557899,422.7154418230057,0.8540589213371277
15,12064,1788548980835411111,934.6567235589029,426.4221422076225,0.845630407333374
15,12065,1788548980868755555,934.2659066915512,426.4214676618576,0.8546755909919739
15,12066,1788548980902100000,934.1362465173006,432.6940468847752,0.8498919606208801
15,12067,1788548980935444444,933.3899458646774,433.7664941847325,0.8569552302360535
15,12068,1788548980968788888,932.806950211525,442.5614895224571,0.8422725200653076
15,12069,1788548981002133333,931.6351734101772,444.3378375172615,0.8582650423049927
15,12070,1788548981035477777,930.739577293396,451.6520236730576,0.8356512784957886
15,12071,1788548981068811111,929.4436422288418,452.24235098063946,0.8499519228935242
15,12072,1788548981102155555,928.341222435236,457.69960337877274,0.7787634134292603
15,12073,1788548981135500000,926.7498415112497,457.9664737619459,0.7704654335975647
15,12074,1788548981168844444,926.5058255195618,461.1991697400808,0.680610716342926
15,12075,1788548981202188888,925.1157489567996,460.6160241961479,0.7063685655593872
15,12076,1788548981235533333,924.0726726427674,459.1839336156845,0.6879507899284363
15,12077,1788548981268877777,923.7646636664869,455.5451112687588,0.7911683320999146
15,12078,1788548981302211111,923.0186557155102,448.7100301682949,0.7499889731407166
15,12079,1788548981335555555,922.6579984724522,448.5509531199932,0.7541406750679016
15,12080,1788548981368900000,923.1853522211312,447.39094361662865,0.8868526816368103
15,12081,1788548981402244444,923.7569852471352,445.0586377494037,0.836971640586853
15,12082,1788548981435588888,924.0444671735168,435.91285095363855,0.8775150179862976
15,12083,1788548981468933333,924.7730652093888,431.0674176961183,0.8032078146934509
15,12084,1788548981502266666,924.638968795538,427.7296035885811,0.888366162776947
15,12085,1788548981535611111,925.0202107578516,423.7253606915474,0.8467082977294922
15,12086,1788548981568955555,926.0026484706904,416.44001936912537,0.8362607359886169
15,12087,1788548981602300000,925.9765327982605,415.4662401080131,0.8458411693572998
15,12088,1788548981635644444,925.878039829433,415.6884232759476,0.8499480485916138
15,12089,1788548981668988888,925.6292495429516,416.5217161178589,0.8480502367019653
15,12090,1788548981702333333,925.6419802606106,411.9948682459071,0.8843331336975098
15,12091,1788548981735666666,926.29766407609,407.95170940086246,0.8487725853919983
15,12092,1788548981769011111,926.1385642141104,409.16704043745995,0.8573145270347595
15,12093,1788548981802355555,928.1955464035271,397.04643611237407,0.8375013470649719
15,12094,1788548981835700000,928.2120758146048,397.1296781748533,0.8552024960517883
15,12095,1788548981869044444,928.9068385660648,392.86755426228046,0.8656943440437317
15,12096,1788548981902388888,928.804864257574,393.01042256783694,0.8619205355644226
15,12097,1788548981935733333,929.0771822184324,390.95451260730624,0.8877977728843689
15,12098,1788548981969066666,928.866741552949,381.29111459851265,0.807795524597168
15,12099,1788548982002411111,930.4419321417809,378.67409974336624,0.8448759317398071
15,12100,1788548982035755555,930.0584010630846,378.60547959804535,0.8173161149024963
15,12101,1788548982069100000,930.019567137584,380.3243241608143,0.8077071309089661
15,12102,1788548982102444444,929.8872038349508,381.5040251612663,0.7693802118301392
15,12103,1788548982135788888,930.4852076470852,375.1137782037258,0.7655479907989502
15,12104,1788548982169133333,930.6240060925484,369.0180509928614,0.8196088671684265
15,12105,1788548982202466666,930.8890315368772,364.197527050972,0.8088608980178833
15,12106,1788548982235811111,931.291044741869,364.063575938344,0.8464736938476562
15,12107,1788548982269155555,932.1848486065865,359.07766338437796,0.8232694864273071
15,12108,1788548982302500000,933.1899361312388,357.3511817753315,0.8481034636497498
15,12109,1788548982335844444,932.1751664280893,350.72620290517807,0.8072075247764587
15,12110,1788548982369188888,932.526410251856,351.73598900437355,0.8099523782730103
15,12111,1788548982402533333,932.2579858601092,353.31096771359444,0.8112679719924927
15,12112,1788548982435866666,934.4364130198956,353.6449330151081,0.9213244318962096
15,12113,1788548982469211111,934.7213869690896,352.96372689679265,0.8255367279052734
15,12114,1788548982502555555,936.789048448205,340.0912795737386,0.8509408235549927
15,12115,1788548982535900000,937.2585891783236,337.3768442571163,0.8409783244132996
15,12116,1788548982569244444,937.477567255497,337.0725003480911,0.8420694470405579
15,12117,1788548982602588888,938.4134341478348,330.7018749117851,0.8721833825111389
15,12118,1788548982635933333,939.1168783307076,327.83362087607384,0.8363357782363892
15,12119,1788548982669266666,939.780733987689,323.7049885690212,0.876570999622345
15,12120,1788548982702611111,940.311484068632,319.6950341463089,0.8558542728424072
15,12121,1788548982735955555,940.4738498032092,318.89563877135515,0.8422774076461792
15,12122,1788548982769300000,941.0316086411476,315.1226925998926,0.8747932314872742
15,12123,1788548982802644444,941.53008800745,312.2229629904032,0.8337998390197754
15,12124,1788548982835988888,942.3730630874634,306.3731195926666,0.8242208361625671
15,12125,1788548982869333333,942.374609798193,306.8259989619255,0.8346172571182251
15,12126,1788548982902666666,942.7817652523518,305.72114050388336,0.8398497700691223
15,12127,1788548982936011111,943.0904223099352,304.6241375505924,0.837410569190979
15,12128,1788548982969355555,944.2004975378512,299.020710689947,0.8138952851295471
15,12129,1788548983002700000,944.2266280651093,295.2899000644684,0.8767079710960388
15,12130,1788548983036044444,944.8884165138006,293.9815554637462,0.8863205313682556
15,12131,1788548983069388888,945.0718530118464,290.67713555693626,0.8524947762489319
15,12132,1788548983102733333,945.3402854800224,287.86547480523586,0.8340944051742554
15,12133,1788548983136066666,946.0773925632238,285.7139227092266,0.8746283054351807
15,12134,1788548983169411111,946.3865205943584,283.230337575078,0.8535581231117249
15,12135,1788548983202755555,945.0244434773922,282.5607966184616,0.8027722835540771
15,12136,1788548983236100000,944.4238388240336,282.77319169044495,0.7874867916107178
15,12137,1788548983269444444,945.4370132982732,292.06108113750815,0.8257521986961365
15,12138,1788548983302788888,945.1691256016492,296.37277257442474,0.8292500376701355
15,12139,1788548983336133333,944.892168223858,297.8461379110813,0.8185211420059204
15,12140,1788548983369466666,944.6189502775668,302.9468771703541,0.7616884708404541
15,12141,1788548983402811111,944.7294847071172,302.67608454823494,0.7550740838050842
15,12142,1788548983436155555,945.9992243997984,308.76581650972366,0.8243409991264343
15,12143,1788548983469500000,946.74210318923,312.4776210486889,0.7012919187545776
15,12144,1788548983502844444,946.9320296794176,315.7099647819996,0.7900058627128601
15,12145,1788548983536188888,947.2404870092868,319.4004451930523,0.8137499690055847
15,12146,1788548983569533333,946.9369161054492,324.70148080587387,0.8126749992370605
15,12147,1788548983602866666,946.053425271064,325.60967752337456,0.8115864992141724
15,12148,1788548983636211111,946.5151290297508,329.47692546248436,0.7125647664070129
15,12149,1788548983669555555,946.5829184949398,328.6398301422596,0.7159820795059204
15,12150,1788548983702900000,946.6573396921158,329.0096358470619,0.8048454523086548
15,12151,1788548983736244444,947.7619451582432,335.4360877275467,0.7563243508338928
15,12152,1788548983769588888,948.0368051528932,334.2333545088768,0.7708409428596497
15,12153,1788548983802933333,948.070933200419,334.68840143084526,0.8708069324493408
15,12154,1788548983836266666,947.5975904166698,340.1026669368148,0.8391073346138
15,12155,1788548983869611111,949.3333333333334,346.6666666666667,1.0
15,12156,1788548983902955555,949.286872535944,353.47353407740593,0.8346378207206726
15,12157,1788548983936300000,948.8416537195444,353.8787629157305,0.924623966217041
15,12158,1788548983969644444,948.5150920450689,352.84171594679356,0.9239469170570374
15,12159,1788548984002988888,948.2302266806364,351.84882836043835,0.9273804426193236
15,12160,1788548984036333333,947.9406399838626,351.1116364002228,0.9295009970664978
15,12161,1788548984069666666,947.6444458067416,350.68276065588,0.923962652683258
15,12162,1788548984103011111,947.3650529384612,350.46564200520515,0.9204279184341432
15,12163,1788548984136355555,948.0,372.0,1.0
15,12164,1788548984169700000,948.5693900585176,383.4626087844372,0.9263325333595276
15,12165,1788548984203044444,948.8473530709743,390.9821400251239,0.9179288744926452
15,12166,1788548984236388888,948.723695576191,393.518294274807,0.8833737969398499
15,12167,1788548984269733333,948.6141185164452,393.022654986009,0.8855920433998108
15,12168,1788548984303066666,948.2870716154576,392.85833691060543,0.8889660239219666
15,12169,1788548984336411111,948.1331591755152,392.6354670226574,0.8896114230155945
15,12170,1788548984369755555,948.665118575096,403.79591123759747,0.9136454463005066
15,12171,1788548984403100000,948.5990457832812,405.12000484764576,0.8855505585670471
15,12172,1788548984436444444,948.8377355635166,413.3370004594326,0.9854902029037476
15,12173,1788548984469788888,949.2308988124132,418.8289109617472,0.8852294683456421
15,12174,1788548984503133333,949.2187752723694,420.7051624059677,0.9562005400657654
15,12175,1788548984536466666,949.1891808509828,425.15508203208447,0.8888506889343262
15,12176,1788548984569811111,948.7916648685932,425.7554312199354,0.9161896109580994
15,12177,1788548984603155555,948.3820946514606,428.0229022931307,0.8857056498527527
15,12178,1788548984636500000,947.9885714799166,430.8020415753126,0.9612754583358764
15,12179,1788548984669844444,947.3994124829768,435.046234536916,0.8841413855552673
15,12180,1788548984703188888,946.881565786898,441.7330016195774,0.8861262202262878
15,12181,1788548984736533333,946.0085015734658,441.66429403424263,0.8831729292869568
15,12182,1788548984769866666,944.8937419727444,440.8109356313944,0.8924242854118347
15,12183,1788548984803211111,944.571815788746,447.2856791615486,0.8784794211387634
15,12184,1788548984836555555,943.967349782586,447.2074019610882,0.8926857709884644
15,12185,1788548984869900000,944.1279473304749,459.6557157635689,0.885248601436615
15,12186,1788548984903244444,943.6126505732536,460.16932640969753,0.9064447283744812
15,12187,1788548984936588888,943.3591731488704,466.56107529997826,0.873649001121521
15,12188,1788548984969933333,942.7824261039495,467.1301779896021,0.9018956422805786
15,12189,1788548985003266666,942.7120065689088,473.38775739073753,0.8628533482551575
15,12190,1788548985036611111,942.2326664477588,473.7484638094902,0.8713604211807251
15,12191,1788548985069955555,941.7181034088136,476.63578045368195,0.8260924220085144
15,12192,1788548985103300000,941.2349447011948,476.7630234062672,0.8327877521514893
15,12193,1788548985136644444,942.222550034523,490.7788539528847,0.5598348379135132
15,12194,1788548985169988888,941.9331527799368,476.52514377236366,0.5879513621330261
15,12195,1788548985203333333,942.1352472007276,475.8782237097621,0.6428565979003906
15,12196,1788548985236666666,942.0353270061314,475.2087822556496,0.8060223460197449
15,12197,1788548985270011111,941.66244918108,473.8772228434682,0.7643679976463318
15,12198,1788548985303355555,941.376286059618,472.6290936768055,0.7762838006019592
15,12199,1788548985336700000,942.740280032158,469.7423816025257,0.8598699569702148
15,12200,1788548985370044444,942.6711233556272,463.5990903675556,0.8921020030975342
15,12201,1788548985403388888,943.668356627226,458.1171669065952,0.8192071318626404
15,12202,1788548985436733333,943.8211271464824,454.60979744791985,0.8942639231681824
15,12203,1788548985470066666,944.109373472631,451.6050685942173,0.8487029075622559
15,12204,1788548985503411111,944.041145402938,447.237236559391,0.941672146320343
15,12205,1788548985536755555,944.5435903072356,442.2782677412033,0.8425583243370056
15,12206,1788548985570100000,944.2325067520142,441.0540063045919,0.8669034242630005
15,12207,1788548985603444444,945.074505418539,435.1228030025959,0.9259448051452636
15,12208,1788548985636788888,946.6445944309236,430.481732994318,0.7965566515922546
15,12209,1788548985670133333,946.8657739311456,430.0775190293789,0.7850697040557861
15,12210,1788548985703466666,946.9444139823318,425.1004615947604,0.812878429889679
15,12211,1788548985736811111,947.133860900998,425.90778620541096,0.8000524044036865
15,12212,1788548985770155555,948.5393113195896,418.4714222550392,0.8881350755691528
15,12213,1788548985803500000,949.1739618629216,414.8743350654841,0.9284164905548096
15,12214,1788548985836844444,949.7747808247804,411.05305390805006,0.878608763217926
15,12215,1788548985870188888,949.9383756369352,407.6325123906136,0.941156268119812
15,12216,1788548985903533333,950.4163421988488,403.3418462276459,0.8808544874191284
15,12217,1788548985936866666,950.6359412372112,400.7855256050825,0.8816124796867371
15,12218,1788548985970211111,951.0243215113878,396.80716294050217,0.9288790822029114
15,12219,1788548986003555555,951.5316114127636,391.4921460449696,0.8686890602111816
15,12220,1788548986036900000,952.1802838742732,387.4522017240524,0.8412268757820129
15,12221,1788548986070244444,952.744956612587,386.3373230397701,0.7551398277282715
15,12222,1788548986103588888,953.5109410881996,380.4559463560581,0.8339769840240479
15,12223,1788548986136933333,954.8737523555756,379.51807406544685,0.7432937622070312
15,12224,1788548986170266666,954.7598328739404,373.9367425516248,0.8447597622871399
15,12225,1788548986203611111,954.85127325356,371.7431792318821,0.8644023537635803
15,12226,1788548986236955555,955.2148453295232,366.4203165769577,0.893139660358429
15,12227,1788548986270300000,955.1781694889067,366.3089348971844,0.8281761407852173
15,12228,1788548986303644444,955.9629270248116,356.4863255918026,0.842819094657898
15,12229,1788548986336988888,956.4404072165488,353.03912533819675,0.891571581363678
15,12230,1788548986370333333,956.8789675757288,348.31108742952347,0.8559768199920654
15,12231,1788548986403666666,956.9643428437412,344.90396835654974,0.8550758361816406
15,12232,1788548986437011111,957.0574350990356,343.94220296666026,0.8475852608680725
15,12233,1788548986470355555,957.2577245235444,343.22013822197914,0.9063708186149596
15,12234,1788548986503700000,958.0416272245347,337.829657420516,0.8561649918556213
15,12235,1788548986537044444,958.4615912735462,337.26699844002724,0.916744828224182
15,12236,1788548986570388888,959.369319975376,329.75668339431286,0.8152230978012085
15,12237,1788548986603733333,959.7071323394777,329.4616543352604,0.8940286040306091
15,12238,1788548986637066666,960.2706324756144,323.71578627824783,0.8888749480247498
15,12239,1788548986670411111,960.2277571707964,322.30344396829605,0.8190435767173767
15,12240,1788548986703755555,960.2435336411,317.4855976998806,0.8991870284080505
15,12241,1788548986737100000,960.2618344426156,315.83314153552055,0.807894229888916
15,12242,1788548986770444444,960.1063123270868,315.7995899915695,0.8112650513648987
15,12243,1788548986803788888,961.1443329304456,309.1955132782459,0.9162527918815612
15,12244,1788548986837133333,962.2996525764464,306.5282067656517,0.8631399869918823
15,12245,1788548986870466666,962.6282361149788,306.7404673397541,0.8656414151191711
15,12246,1788548986903811111,963.4148800373076,298.9738268442452,0.94210284948349
15,12247,1788548986937155555,964.3398000895976,296.1598813980818,0.8224536180496216
15,12248,1788548986970500000,964.6410319507122,288.62731245160103,0.8697596788406372
15,12249,1788548987003844444,964.7688018083572,288.8482060879469,0.8705660104751587
15,12250,1788548987037188888,965.7098768949508,285.12540079653263,0.92599219083786
15,12251,1788548987070533333,967.0006627828698,283.85610704123974,0.8127928972244263
15,12252,1788548987103866666,967.3500763475896,276.5899676680565,0.8696796894073486
15,12253,1788548987137211111,967.8995136320592,273.0781784877181,0.8105235695838928
15,12254,1788548987170555555,968.3094317913057,270.7994593679905,0.8245961666107178
15,12255,1788548987203900000,969.210866585374,273.8577490448952,0.8655155301094055
15,12256,1788548987237244444,970.0568044558167,279.25392857193947,0.8611814379692078
15,12257,1788548987270588888,970.284811079502,279.81241478025913,0.8861145973205566
15,12258,1788548987303933333,970.7514863461256,286.8175543695688,0.7787902355194092
15,12259,1788548987337266666,970.8032411187888,287.592845082283,0.7695996761322021
15,12260,1788548987370611111,971.2950654625892,288.6001144051552,0.8905032873153687
15,12261,1788548987403955555,971.3679313361644,296.6633669435978,0.9266253709793092
15,12262,1788548987437300000,971.7576192617416,301.1080106124282,0.8649723529815674
15,12263,1788548987470644444,972.1121495440602,304.9929727530107,0.9411689043045044
15,12264,1788548987503988888,972.7329954504968,309.00919350329787,0.8667528629302979
15,12265,1788548987537333333,973.697001248598,313.19633020460606,0.938191056251526
15,12266,1788548987570666666,974.5106749236584,318.64666667580605,0.9334860444068908
15,12267,1788548987604011111,974.9754221718758,325.34862118959427,0.8679879903793335
15,12268,1788548987637355555,974.7139644622804,326.13917188346386,0.9052812457084656
15,12269,1788548987670700000,974.5159099698068,330.07938365638256,0.8707877993583679
15,12270,1788548987704044444,974.1808207631112,331.4029097855091,0.9481208324432372
15,12271,1788548987737388888,974.3498060405254,337.5085985660553,0.8689178228378296
15,12272,1788548987770733333,974.206957295537,338.3945764005184,0.939792275428772
15,12273,1788548987804066666,974.6965712606908,343.72389075160027,0.870853841304779
15,12274,1788548987837411111,975.0694987922908,346.8264508396387,0.9327114820480348
15,12275,1788548987870755555,975.2808159589767,347.7356672883034,0.8979376554489136
15,12276,1788548987904100000,975.6731979250908,350.65584659576416,0.951088011264801
15,12277,1788548987937444444,976.0039427108132,356.1840244233608,0.8440360426902771
15,12278,1788548987970788888,976.0292998068036,359.78330241143703,0.9071767926216124
15,12279,1788548988004133333,975.7621291428804,365.122023537755,0.7700513601303101
15,12280,1788548988037466666,975.151269376278,365.1866079121828,0.7672947645187378
15,12281,1788548988070811111,974.926993623376,365.220207080245,0.7662147879600525
15,12282,1788548988104155555,975.1658251285552,372.4484021663666,0.9204668402671814
15,12283,1788548988137500000,975.0979157611728,373.7189930677414,0.8948331475257874
15,12284,1788548988170844444,974.770365163684,373.30634701251984,0.8973490595817566
15,12285,1788548988204188888,975.378799200058,386.0884880498051,0.9298356771469116
15,12286,1788548988237533333,975.4249234199524,391.68043008446693,0.9518020153045654
15,12287,1788548988270866666,975.7774469852448,394.77997644245625,0.8944796919822693
15,12288,1788548988304211111,975.9340878799558,395.2405363470316,0.9243238568305968
15,12289,1788548988337555555,976.1264068484306,398.0563523359597,0.8539668321609497
15,12290,1788548988370900000,976.7030481398106,399.8703849762678,0.9476810097694396
15,12291,1788548988404244444,977.0619459711016,403.2775639593601,0.8785508275032043
15,12292,1788548988437588888,977.7031831741332,408.89949933439493,0.9174474477767944
15,12293,1788548988470933333,977.838737115264,408.8949368968606,0.9027368426322936
15,12294,1788548988504266666,977.668863594532,408.11436496675014,0.9014732837677002
15,12295,1788548988537611111,977.7409147322178,414.5137421488762,0.9094590544700624
15,12296,1788548988570955555,977.3707799315451,418.2782139480114,0.9439953565597534
15,12297,1788548988604300000,976.9824913553894,422.0971470624209,0.8632376194000244
15,12298,1788548988637644444,977.0662833079696,424.16725665330887,0.9492901563644408
15,12299,1788548988670988888,976.9781544841826,430.1283634305,0.7946174144744873
15,12300,1788548988704333333,977.2678999900818,431.40282821655273,0.8875390291213989
15,12301,1788548988737666666,977.5592522621156,436.8256588727236,0.7973020076751709
15,12302,1788548988771011111,977.6438092589378,441.8976756632328,0.7918030619621277
15,12303,1788548988804355555,977.5101550221444,443.2861075103283,0.7724162936210632
15,12304,1788548988837700000,977.2902237474918,442.7122406065464,0.7707818150520325
15,12305,1788548988871044444,976.82643468678,442.2481184899807,0.7705341577529907
15,12306,1788548988904388888,976.3394787311554,447.3627306222915,0.9170652627944946
15,12307,1788548988937733333,976.1201259493828,453.95172810927033,0.8012145757675171
15,12308,1788548988971066666,976.1790154725312,456.4717762172222,0.8479250073432922
15,12309,1788548989004411111,976.152380079031,466.1350977420807,0.8318256735801697
15,12310,1788548989037755555,976.9535838626324,467.73115265369415,0.8585669994354248
15,12311,1788548989071100000,977.9441925361753,470.7091374397278,0.7355780005455017
15,12312,1788548989104444444,978.202803492546,470.526468873024,0.7038925886154175
15,12313,1788548989137788888,977.6952193975447,483.11130092293024,0.5212692022323608
15,12314,1788548989171133333,977.7132356464864,482.8454514890909,0.5251169204711914
15,12315,1788548989204466666,978.727497369051,470.69040697813034,0.5581239461898804
15,12316,1788548989237811111,978.683543652296,470.26561722159386,0.6626080870628357
15,12317,1788548989271155555,979.292153030634,468.87964580208063,0.7924612760543823
15,12318,1788548989304500000,979.3340516090392,464.6704356968403,0.9254575967788696
15,12319,1788548989337844444,979.6696706414224,462.3266495466232,0.8828468918800354
15,12320,1788548989371188888,979.6832328736782,461.69207805395126,0.891015350818634
15,12321,1788548989404533333,981.1930851191282,450.8888727873564,0.8798282146453857
15,12322,1788548989437866666,981.563037186861,448.56823772192,0.8963816165924072
15,12323,1788548989471211111,981.8925604969264,446.90469881147146,0.8817950487136841
15,12324,1788548989504555555,982.7795233875512,440.2836321592331,0.8794546127319336
15,12325,1788548989537900000,982.4659688472748,439.97630630619824,0.8747259378433228
15,12326,1788548989571244444,982.9242632687092,433.81972655653954,0.8843443989753723
15,12327,1788548989604588888,983.0551863275468,429.387011796236,0.9303157329559326
15,12328,1788548989637933333,983.5232387781144,425.48900493979454,0.8473561406135559
15,12329,1788548989671266666,983.3743275702,425.7855362296104,0.8496944904327393
15,12330,1788548989704611111,983.303001344204,426.22912023961544,0.8516969084739685
15,12331,1788548989737955555,984.2519345581532,419.314577370882,0.8714063167572021
15,12332,1788548989771300000,984.5675320625304,419.1813617348671,0.8767879605293274
15,12333,1788548989804644444,984.9904503216968,419.15962314605713,0.8779792785644531
15,12334,1788548989837988888,986.1400293409824,414.5288482308388,0.9364128112792968
15,12335,1788548989871333333,987.890424117446,407.37032401561737,0.7713789343833923
15,12336,1788548989904666666,989.1015630066396,400.26400074362755,0.9198043346405028
15,12337,1788548989938011111,990.2463314533234,392.97083740495145,0.876937985420227
15,12338,1788548989971355555,990.7623870372772,389.7701347470283,0.8784456849098206
15,12339,1788548990004700000,990.4834294319152,389.5494787096977,0.8698803782463074
15,12340,1788548990038044444,990.9577327109872,387.6313099563122,0.7833597660064697
15,12341,1788548990071388888,991.5947849452496,380.0778268277645,0.7855863571166992
15,12342,1788548990104733333,993.005414138548,380.0805048570037,0.6590894460678101
15,12343,1788548990138066666,994.242577329278,373.5778116285801,0.7181873917579651
15,12344,1788548990171411111,994.6458523273468,373.5506516098976,0.6430990099906921
15,12345,1788548990204755555,995.320254445076,371.1699026674032,0.6532398462295532
15,12346,1788548990238100000,995.1623226553202,369.9844327298924,0.635966956615448
15,12347,1788548990271444444,995.97795865871,362.6153540313244,0.6599457263946533
15,12348,1788548990304788888,995.7668251991272,363.39387506246567,0.6069172024726868
15,12349,1788548990338133333,995.9398726001382,354.8086493909359,0.748257577419281
15,12350,1788548990371466666,995.7301958203316,354.82188162207603,0.7443791031837463
15,12351,1788548990404811111,996.5667645931244,350.53264459967613,0.765720784664154
15,12352,1788548990438155555,996.5849041044712,349.3496403694153,0.6867666244506836
15,12353,1788548990471500000,997.1802209615709,339.9313616603613,0.8637018799781799
15,12354,1788548990504844444,998.0640618950129,334.9864241881296,0.849922776222229
15,12355,1788548990538188888,998.4278945028782,333.6147559285164,0.8386719226837158
15,12356,1788548990571533333,998.550451040268,332.7927748262882,0.8449640870094299
15,12357,1788548990604866666,998.7150820493698,332.0973723605275,0.8477774262428284
15,12358,1788548990638211111,999.0714063346386,328.65765580534935,0.909408152103424
15,12359,1788548990671555555,1000.4927654862404,319.6055041253567,0.8708221316337585
15,12360,1788548990704900000,1000.0893774852156,319.1396514773369,0.8782915472984314
15,12361,1788548990738244444,1000.830679550767,311.0802198499441,0.9552892446517944
15,12362,1788548990771588888,1001.6422970891,303.7402426600456,0.8694112300872803
15,12363,1788548990804933333,1002.2974630594254,297.9268421828747,0.9329214096069336
15,12364,1788548990838266666,1003.157003223896,294.4818265736103,0.8715568780899048
15,12365,1788548990871611111,1003.9530217386782,290.0734501555562,0.8531324863433838
15,12366,1788548990904955555,1004.474770873785,289.6678138077259,0.8574503064155579
15,12367,1788548990938300000,1005.7399216294287,287.7173220217228,0.8899218440055847
15,12368,1788548990971644444,1006.6712083518504,281.6557340323925,0.8546169400215149
15,12369,1788548991004988888,1008.0296462066472,275.53978979587555,0.7973087430000305
15,12370,1788548991038333333,1009.250996887684,272.0274562947452,0.9066375494003296
15,12371,1788548991071666666,1010.4622381925584,269.89492570608854,0.8407838344573975
15,12372,1788548991105011111,1010.9351418986917,270.29449087381363,0.869286298751831
15,12373,1788548991138355555,1011.8482135683298,264.88731810450554,0.8326063752174377
15,12374,1788548991171700000,1012.1928231716156,265.5833638012409,0.8449262976646423
15,12375,1788548991205044444,1013.1355271190404,267.0188423488289,0.8342754244804382
15,12376,1788548991238388888,1013.3508034646512,267.5000951886177,0.8247371315956116
15,12377,1788548991271733333,1013.8723333775996,269.99255590094253,0.9293906688690186
15,12378,1788548991305066666,1014.626144617796,277.7487595677376,0.7829310894012451
15,12379,1788548991338411111,1015.0715854763984,280.50743955373764,0.8676635026931763
15,12380,1788548991371755555,1015.0423630475998,287.1014007627964,0.863291323184967
15,12381,1788548991405100000,1015.5698033869268,294.7602473348379,0.929312825202942
15,12382,1788548991438444444,1015.6016924083232,299.15267369151115,0.8651431798934937
15,12383,1788548991471788888,1015.6481308937072,300.58958315849304,0.9377304315567015
15,12384,1788548991505133333,1016.0595038160682,307.0277246646583,0.8704924583435059
15,12385,1788548991538466666,1015.995202240534,307.066998295486,0.869052529335022
15,12386,1788548991571811111,1015.6012151539326,307.33799013495445,0.8640947937965393
15,12387,1788548991605155555,1014.9538825042546,311.867126211524,0.9372082948684692
15,12388,1788548991638500000,1013.89479906857,315.115809366107,0.8704522848129272
15,12389,1788548991671844444,1013.3866301476957,321.9841067362577,0.9638249278068542
15,12390,1788548991705188888,1013.8331211209296,330.171427115798,0.8550727367401123
15,12391,1788548991738533333,1014.1861457526684,332.12829610705376,0.9305397868156432
15,12392,1788548991771866666,1014.4650697112083,337.40991708636284,0.791705846786499
15,12393,1788548991805211111,1013.8802716881036,337.94562828168273,0.8056508898735046
15,12394,1788548991838555555,1013.264238357544,341.23585541546345,0.6840081810951233
15,12395,1788548991871900000,1012.7993560433388,341.00239176210016,0.6920104026794434
15,12396,1788548991905244444,1013.5652315318584,347.33475238084793,0.648128867149353
15,12397,1788548991938588888,1012.5,343.5,0.5970798003673553
15,12398,1788548991971933333,1013.3333333333334,356.0,1.0
15,12399,1788548992005266666,1013.1801867485046,357.1332065016031,0.9280658960342408
15,12400,1788548992038611111,1013.3039571344852,365.7218873798847,0.8969886898994446
15,12401,1788548992071955555,1014.1046905964612,365.93056005239487,0.9122626185417176
15,12402,1788548992105300000,1014.6146624684334,367.9804142974317,0.8893850445747375
15,12403,1788548992138644444,1014.355773061514,369.07755502313375,0.8921445608139038
15,12404,1788548992171988888,1014.0936696082354,373.2908088564873,0.8931626677513123
15,12405,1788548992205333333,1014.0944394394757,374.80704782903194,0.9013402462005616
15,12406,1788548992238666666,1015.5143972337246,377.4208220243454,0.9010685682296752
15,12407,1788548992272011111,1016.055701509118,378.63631147146225,0.8994181156158447
15,12408,1788548992305355555,1017.0970819666982,380.7925389409065,0.9025936722755432
15,12409,1788548992338700000,1016.0,392.0,1.0
15,12410,1788548992372044444,1016.0113833937794,392.1311514079571,0.9904986023902892
15,12411,1788548992405388888,1015.9361464232206,392.3928872048855,0.9867255687713624
15,12412,1788548992438733333,1015.9511049054564,392.5134093761444,0.9830109477043152
15,12413,1788548992472066666,1015.9522179104388,393.4974662661552,0.8977115750312805
15,12414,1788548992505411111,1018.6666666666666,406.6666666666667,1.0
15,12415,1788548992538755555,1018.5078652203084,420.1553677618504,0.7902589440345764
15,12416,1788548992572100000,1017.0574629344046,425.8148180544376,0.7972769141197205
15,12417,1788548992605444444,1017.9231399819256,428.24537166953087,0.8777996897697449
15,12418,1788548992638788888,1019.5,427.5,0.7737487703561783
15,12419,1788548992672133333,1018.6666666666666,428.0,1.0
15,12420,1788548992705466666,1018.8842281103134,435.74287435412407,0.8929377794265747
15,12421,1788548992738811111,1018.9363537505268,435.6007173061371,0.929710566997528
15,12422,1788548992772155555,1018.7642499953508,438.1994235366583,0.8328821659088135
15,12423,1788548992805500000,1018.7273955345154,442.58040139079094,0.8101699352264404
15,12424,1788548992838844444,1018.7213170230388,445.794179096818,0.942442774772644
15,12425,1788548992872188888,1018.086577102542,451.033771853894,0.8696906566619873
15,12426,1788548992905522222,1017.7489098012448,451.1240255981684,0.8749195337295532
15,12427,1788548992938866666,1017.541017472744,458.08121468126774,0.8814735412597656
15,12428,1788548992972211111,1017.2708137631416,460.42909824848175,0.7880080938339233
15,12429,1788548993005555555,1017.2681573331356,464.70424500107765,0.8370693922042847
15,12430,1788548993038900000,1017.210516899824,464.6326017677784,0.8435717821121216
15,12431,1788548993072244444,1017.0098131317644,467.55284094810486,0.7777054309844971
15,12432,1788548993105588888,1016.8786826878786,469.05033880472183,0.7831085920333862
15,12433,1788548993138922222,1016.5136689543724,472.1214482411742,0.6702701449394226
15,12434,1788548993172266666,1017.0157363787292,476.4963710606098,0.6031665802001953
15,12435,1788548993205611111,1017.0882442593576,474.6827038228512,0.608231246471405
15,12436,1788548993238955555,1018.50583922863,469.8131618052721,0.6478010416030884
15,12437,1788548993272300000,1018.1699898689984,465.227114573121,0.6201441884040833
15,12438,1788548993305644444,1018.3054367005824,461.7504412680864,0.6382829546928406
15,12439,1788548993338988888,1018.2522430419922,460.87735886871815,0.6379262208938599
15,12440,1788548993372322222,1019.5629654228688,456.1837785393,0.6612915396690369
15,12441,1788548993405666666,1021.403300702572,449.0568599998951,0.7015417218208313
15,12442,1788548993439011111,1021.8897855356336,448.1756310760975,0.7038275003433228
15,12443,1788548993472355555,1023.2533937096596,441.5298939049244,0.7511101365089417
15,12444,1788548993505700000,1023.2640665769576,441.4099868237972,0.754356861114502
15,12445,1788548993539044444,1024.4647572040558,435.02183404006064,0.798479437828064
15,12446,1788548993572388888,1024.5667580664158,430.01189895998687,0.7459414005279541
15,12447,1788548993605722222,1024.842026039958,427.8000967055559,0.8728193044662476
15,12448,1788548993639066666,1024.4638463258743,426.2628748714924,0.8610950708389282
15,12449,1788548993672411111,1024.3073934018612,426.21266913414,0.8506219387054443
15,12450,1788548993705755555,1025.7210100889206,417.7884216606617,0.8283398151397705
15,12451,1788548993739100000,1026.7327184975147,411.850412607193,0.7361534833908081
15,12452,1788548993772444444,1027.3176104426384,410.00568286469206,0.7928512692451477
15,12453,1788548993805788888,1027.2863844037056,410.27606347203255,0.7879899144172668
15,12454,1788548993839122222,1027.31908005476,410.7562025785446,0.794575035572052
15,12455,1788548993872466666,1027.125482648611,411.19095373153687,0.7944308519363403
15,12456,1788548993905811111,1026.9585712477565,411.8118930608034,0.7917952537536621
15,12457,1788548993939155555,1028.473744124174,395.75067825615406,0.6125509738922119
15,12458,1788548993972500000,1028.3231980502603,395.8819782733917,0.6130701899528503
15,12459,1788548994005844444,1029.1663161367178,382.5699740052223,0.6833276152610779
15,12460,1788548994039188888,1029.6940937638285,381.3123027086258,0.6650131344795227
15,12461,1788548994072522222,1031.0620759278536,376.5622288584709,0.7171634435653687
15,12462,1788548994105866666,1030.8121550381184,373.2689065039158,0.7116321921348572
15,12463,1788548994139211111,1030.7561236023903,373.49576112627983,0.709646999835968
15,12464,1788548994172555555,1030.7219485640526,373.4775365591049,0.7032953500747681
16,12823,1788549006142633333,886.6666666666666,473.3333333333333,1.0
16,12824,1788549006175977777,887.5334206223488,472.5427905023098,0.987629771232605
16,12825,1788549006209322222,888.5406676232815,475.11123625189066,0.9572833776474
16,12826,1788549006242666666,889.679128319025,477.45322492718697,0.988738775253296
16,12827,1788549006276011111,891.3455169200897,482.5100660920143,0.8630614876747131
16,12828,1788549006309355555,892.7715791612864,486.8594321012497,0.9919111132621764
16,12829,1788549006342700000,893.9344270974398,489.3422105014324,0.9648159742355348
16,12830,1788549006376033333,894.9715069904923,490.99676525453106,0.9947149753570556
16,12831,1788549006409377777,896.0152579369023,492.00637512048706,0.9897932410240172
16,12832,1788549006442722222,896.885346442461,492.53156957030296,0.990417778491974
16,12833,1788549006476066666,897.8752732351422,494.7748874127865,0.9668509364128112
16,12834,1788549006509411111,898.2139956057072,496.1202450469136,0.9927330017089844
16,12835,1788549006542755555,898.3760719895363,498.0056174467318,0.9685755968093872
16,12836,1788549006576100000,898.3125422894955,499.0248452220112,0.9913657307624816
16,12837,1788549006609433333,898.897412031889,501.48539462685585,0.9584339261054992
16,12838,1788549006642777777,899.9218564406037,504.12184266000986,0.980325162410736
16,12839,1788549006676122222,901.0529876835644,507.9413062781095,0.9945482611656188
16,12840,1788549006709466666,901.5022520124912,510.3180193006992,0.9778319001197816
16,12841,1788549006742811111,901.8374964296818,511.92261707782745,0.9925109148025512
16,12842,1788549006776155555,902.711208343506,515.6046253740788,0.9630135297775269
16,12843,1788549006809500000,903.280773550272,517.8526263237,0.9917439222335817
16,12844,1788549006842833333,904.1303113102912,521.1461267322302,0.9673481583595276
16,12845,1788549006876177777,904.7571789175272,523.6484825015068,0.9893726110458374
16,12846,1788549006909522222,905.4375798404216,526.7577050626278,0.9731237888336182
16,12847,1788549006942866666,906.0451399423182,530.5391792356968,0.9875136613845824
16,12848,1788549006976211111,905.6435924470424,530.0714429840446,0.9905767440795898
16,12849,1788549007009555555,905.7547319233418,532.9994165619719,0.9671000838279724
16,12850,1788549007042900000,906.4045432209969,537.7877947986126,0.9712851643562316
16,12851,1788549007076233333,906.4840544760228,539.1554678529501,0.9875149726867676
16,12852,1788549007109577777,906.1280998140574,539.1174611002207,0.9915622472763062
16,12853,1788549007142922222,905.9133534505964,541.9186998158693,0.9731192588806152
16,12854,1788549007176266666,905.5336456894876,544.9692628066987,0.9876381754875184
16,12855,1788549007209611111,904.3101222217084,544.9448621124029,0.9810199737548828
16,12856,1788549007242955555,903.7830874472857,547.093778654933,0.9874327778816224
16,12857,1788549007276300000,903.2853313684464,547.6791638433933,0.9752623438835144
16,12858,1788549007309633333,903.5209906101228,550.3817231953144,0.9661259055137634
16,12859,1788549007342977777,903.2557714283466,550.4246951341629,0.9617191553115844
16,12860,1788549007376322222,903.3235172331332,551.2118988037109,0.9092695116996764
16,12861,1788549007409666666,903.34705594182,551.4432168602943,0.7869404554367065
16,12862,1788549007443011111,902.9527015201749,551.0141947781667,0.7777999639511108
16,12863,1788549007476355555,902.4515785574912,550.0290852803737,0.8695471286773682
16,12864,1788549007509700000,901.6930722296238,548.2443816661835,0.9410465955734252
16,12865,1788549007543033333,901.2798581421376,545.138066187501,0.9762889742851256
16,12866,1788549007576377777,900.864217326045,540.4207217693329,0.9773129224777222
16,12867,1788549007609722222,900.3428529202938,537.2814136445522,0.9867151379585266
16,12868,1788549007643066666,899.8477679342031,533.9344030991197,0.992228627204895
16,12869,1788549007676411111,899.323520898819,532.4856092333794,0.9872157573699952
16,12870,1788549007709755555,899.2822755873203,527.2835638821125,0.9735742807388306
16,12871,1788549007743100000,899.6055741012096,520.645623832941,0.968043863773346
16,12872,1788549007776433333,899.8721236735582,517.7350271642208,0.9898114204406738
16,12873,1788549007809777777,900.0564759410918,515.1329232603312,0.976685643196106
16,12874,1788549007843122222,900.3183521330357,509.7266748547554,0.9874296188354492
16,12875,1788549007876466666,900.2396496385336,506.8893164098263,0.9900640845298768
16,12876,1788549007909811111,900.0072273141704,505.3232750892639,0.9771838784217834
16,12877,1788549007943155555,899.9409718103707,500.70593616366386,0.9879448413848876
16,12878,1788549007976500000,899.7006700634956,499.4026392996311,0.978392481803894
16,12879,1788549008009833333,899.4804667234421,494.9422623813152,0.9872930645942688
16,12880,1788549008043177777,899.2940720021725,492.5793001651764,0.9872995615005492
16,12881,1788549008076522222,899.2930718958378,490.1446572691202,0.9856472611427308
16,12882,1788549008109866666,899.8499593734741,485.2216407060623,0.9893990159034728
16,12883,1788549008143211111,900.4798557460308,480.8900482654571,0.9597591161727904
16,12884,1788549008176555555,901.1497735083104,477.94779793173075,0.9909330606460572
16,12885,1788549008209900000,901.828809633851,474.1771462708712,0.9701804518699646
16,12886,1788549008243233333,902.321866363287,471.7729744464159,0.9875038266181946
16,12887,1788549008276577777,902.674529582262,468.2456253319978,0.9657026529312134
16,12888,1788549008309922222,902.6634299457072,466.24603697657585,0.990020513534546
16,12889,1788549008343266666,902.5262193083764,464.8123925328254,0.9875801205635072
16,12890,1788549008376611111,902.482765763998,463.85898381471634,0.9896366596221924
16,12891,1788549008409955555,902.4756679832936,460.7199467718601,0.9684629440307616
16,12892,1788549008443300000,902.2734704315662,458.4069793522358,0.9892218112945556
16,12893,1788549008476633333,901.9129285141826,455.06461054831743,0.970141053199768
16,12894,1788549008509977777,901.4880227148532,449.4785627424717,0.9615325927734376
16,12895,1788549008543322222,900.9027165770532,446.7916357368231,0.9927759170532228
16,12896,1788549008576666666,900.1078472957015,445.8959931358695,0.9874058365821838
16,12897,1788549008610011111,899.486701220274,440.6142235696316,0.9850655198097228
16,12898,1788549008643355555,898.7469110190868,437.84113970398903,0.9923551678657532
16,12899,1788549008676700000,897.8463019281626,437.8880986571312,0.992325484752655
16,12900,1788549008710033333,897.0186432637274,435.2769841849804,0.9737967848777772
16,12901,1788549008743377777,896.4025546908379,432.9757083840668,0.991424322128296
16,12902,1788549008776722222,895.8662079125643,432.8808751627803,0.9936120510101318
16,12903,1788549008810066666,895.8055683970451,428.2532396316528,0.9220786094665528
16,12904,1788549008843411111,895.8002073764801,423.97424014285207,0.994176149368286
16,12905,1788549008876755555,896.0429759137332,418.41628912091255,0.8815576434135437
16,12906,1788549008910100000,896.4311272501945,413.2839725315571,0.98703134059906
16,12907,1788549008943433333,896.7512674033642,412.6270191669464,0.9900856614112854
16,12908,1788549008976777777,897.3283870220184,407.1160002499819,0.9897393584251404
16,12909,1788549009010122222,897.7660638093948,406.4356239438057,0.9879159927368164
16,12910,1788549009043466666,898.3024747669697,403.7171947956085,0.9895753860473632
16,12911,1788549009076811111,898.7985369116068,403.1043736860156,0.9927706718444824
16,12912,1788549009110155555,899.6392371952534,397.33476305007935,0.9858382344245912
16,12913,1788549009143500000,900.2512486875057,394.4983031153679,0.9739688038825988
16,12914,1788549009176833333,900.5694933533669,391.947428394109,0.9887771010398864
16,12915,1788549009210177777,900.2923822104931,392.30448165535927,0.989614486694336
16,12916,1788549009243522222,899.9991680270177,392.6588326394558,0.9900099635124208
16,12917,1788549009276866666,900.2326280325651,392.70105424523354,0.989009976387024
16,12918,1788549009310211111,901.6747691333294,383.04720298200846,0.9852374196052552
16,12919,1788549009343555555,902.9405792914332,382.901162751019,0.9927694797515868
16,12920,1788549009376900000,904.4645664989948,373.39685398340225,0.9755174517631532
16,12921,1788549009410233333,904.8845993503928,373.4396870136261,0.9853352308273317
16,12922,1788549009443577777,904.8444276452065,371.8918723836541,0.9824819564819336
16,12923,1788549009476922222,904.8530757576228,369.1815782338381,0.9883935451507568
16,12924,1788549009510266666,904.84245274961,367.102696724236,0.9843034744262696
16,12925,1788549009543611111,904.99701834796,367.3522938489914,0.9863579273223876
16,12926,1788549009576955555,905.7621618807316,363.0857181996107,0.982160210609436
16,12927,1788549009610300000,906.3245231509208,360.8803180158138,0.9805226922035216
16,12928,1788549009643633333,906.9232532680036,357.54963132739067,0.9799706935882568
16,12929,1788549009676977777,907.24558827281,357.5811043083668,0.980998694896698
16,12930,1788549009710322222,907.5468845665456,352.9672870077193,0.9773144721984864
16,12931,1788549009743666666,907.5731593072414,351.48860174417496,0.9805209040641784
16,12932,1788549009777011111,907.7057526409626,349.48716005682945,0.9789324998855592
16,12933,1788549009810355555,908.112930200994,344.7939577251673,0.9806705117225648
16,12934,1788549009843700000,908.708878427744,341.990336404182,0.9792428016662598
16,12935,1788549009877033333,909.455211430788,337.9332793056965,0.9758335947990416
16,12936,1788549009910377777,910.125822082162,336.29339984059334,0.976420521736145
16,12937,1788549009943722222,910.6720324754716,336.00972566381097,0.9769399166107178
16,12938,1788549009977066666,911.1061748117208,334.721906632185,0.980185091495514
16,12939,1788549010010411111,911.465717613697,329.9666339121759,0.9788169860839844
16,12940,1788549010043755555,911.2720597088336,326.7115658223629,0.973272979259491
16,12941,1788549010077100000,910.8873952254652,325.09648683667183,0.9815549850463868
16,12942,1788549010110433333,911.0025634644552,320.6103129386902,0.9655916690826416
16,12943,1788549010143777777,911.1929313093424,320.09418162703514,0.9723383784294128
16,12944,1788549010177122222,911.725603491068,319.59719759225845,0.9686053991317748
16,12945,1788549010210466666,912.2981736958028,319.02989118918777,0.9716448187828064
16,12946,1788549010243811111,913.0189779978244,311.9045938178897,0.9590207934379578
16,12947,1788549010277155555,913.4938589632512,309.3286699652672,0.9687568545341492
16,12948,1788549010310500000,914.1077587381004,311.48132422566414,0.9383049607276917
16,12949,1788549010343833333,915.809523448348,318.0291777700186,0.9688207507133484
16,12950,1788549010377177777,916.0154220955446,319.903091609478,0.9731010794639589
16,12951,1788549010410522222,916.5479599833488,323.48889753222466,0.968553066253662
16,12952,1788549010443866666,916.5122700333596,325.1363407820463,0.9754626750946044
16,12953,1788549010477211111,917.1584089249372,328.6526169478893,0.975139319896698
16,12954,1788549010510555555,917.262703627348,328.4934216737747,0.9742329120635986
16,12955,1788549010543900000,918.45933714509,331.77880896627903,0.9765527248382568
16,12956,1788549010577233333,919.060169659555,331.967556592077,0.9792757630348206
16,12957,1788549010610577777,920.199563845992,334.105290196836,0.9061837792396544
16,12958,1788549010643922222,922.299321949482,340.18386529386044,0.9758836030960084
16,12959,1788549010677266666,922.6821594536304,339.85822331905365,0.9774898290634156
16,12960,1788549010710611111,923.6579379737376,344.12300804257393,0.9782618880271912
16,12961,1788549010743955555,923.9025409147145,347.14077258110046,0.9756357073783876
16,12962,1788549010777300000,924.1690732985736,350.3469876945019,0.9802863597869872
16,12963,1788549010810633333,924.0869499891996,351.0743792131543,0.9873126745224
16,12964,1788549010843977777,924.2468199878932,352.53168588876724,0.97999507188797
16,12965,1788549010877322222,925.303413629532,356.85723999142647,0.97983980178833
16,12966,1788549010910666666,925.4749356806278,356.961975261569,0.9792226552963256
16,12967,1788549010944011111,926.4839288890362,361.3975054323673,0.9742913246154784
16,12968,1788549010977355555,926.6513912677764,362.7470507919789,0.984077215194702
16,12969,1788549011010700000,926.6737388074398,364.32530504465103,0.982653260231018
16,12970,1788549011044033333,926.69564178586,366.8310426026583,0.9694836735725404
16,12971,1788549011077377777,927.0384876988828,369.9537938386202,0.9875944256782532
16,12972,1788549011110722222,927.4193733632565,372.5459461212158,0.9553255438804626
16,12973,1788549011144066666,927.9918672842904,375.9853055085987,0.9874448180198668
16,12974,1788549011177411111,929.0636796429752,380.2874006032944,0.9831976294517516
16,12975,1788549011210755555,929.345829576254,380.43522450327873,0.9821036458015442
16,12976,1788549011244100000,930.2613147497176,382.5355336368084,0.9649367928504944
16,12977,1788549011277433333,931.2767736315728,384.7849005907774,0.9860841631889344
16,12978,1788549011310777777,932.1591376662254,386.54223358631134,0.9855592846870422
16,12979,1788549011344122222,932.988847929053,388.32124042510986,0.9742088317871094
16,12980,1788549011377466666,933.6991211473942,390.389853477478,0.9860445857048036
16,12981,1788549011410811111,934.4658885002136,392.8579241037369,0.9659256935119628
16,12982,1788549011444155555,935.5319886803628,396.0904112532735,0.98613840341568
16,12983,1788549011477500000,936.9737410191448,401.4097362458706,0.9869571924209596
16,12984,1788549011510833333,937.9242322295904,404.6384329497814,0.9672646522521972
16,12985,1788549011544177777,938.8678313791752,407.29009968042374,0.9888206720352172
16,12986,1788549011577522222,939.2504806816578,407.4392539858818,0.9882747530937196
16,12987,1788549011610866666,940.1583710610868,409.60222068428993,0.9883328080177308
16,12988,1788549011644211111,941.3045266270638,411.96900316141546,0.9734113216400146
16,12989,1788549011677555555,942.2575286328791,414.204620629549,0.9891014695167542
16,12990,1788549011710900000,943.5887441039084,418.0912568420172,0.9883624911308287
16,12991,1788549011744233333,944.1044354364276,417.94385708868504,0.9912599325180054
16,12992,1788549011777577777,945.5629499554634,422.1230476871133,0.9865217208862304
16,12993,1788549011810922222,946.58289077878,424.42921221256256,0.9743872880935668
16,12994,1788549011844266666,947.3977047801018,425.8332529962063,0.9892023801803588
16,12995,1788549011877611111,947.7678351998328,426.99824366834946,0.9924220442771912
16,12996,1788549011910955555,947.6527728140354,427.8988654240966,0.9915038347244264
16,12997,1788549011944300000,947.559900134802,431.0776504278183,0.9658643007278442
16,12998,1788549011977633333,947.5535821318626,433.9707690831274,0.9853657484054564
16,12999,1788549012010977777,948.0988733768464,437.9839703794569,0.9912054538726808
16,13000,1788549012044322222,948.9392108619212,440.790260002017,0.9709218144416808
16,13001,1788549012077666666,949.893952548504,442.9167367294431,0.9924172163009644
16,13002,1788549012111011111,950.6483361423016,444.720140427351,0.9882233738899232
16,13003,1788549012144355555,950.7842893451452,445.2940121591091,0.984780251979828
16,13004,1788549012177700000,951.3138873577118,449.4923346936703,0.9829328656196594
16,13005,1788549012211033333,951.6024001538754,453.2922015190125,0.9615989923477172
16,13006,1788549012244377777,951.768161058426,456.37711173295975,0.9862180948257446
16,13007,1788549012277722222,951.2718703150748,458.78336519002914,0.9755581617355348
16,13008,1788549012311066666,950.3224904835224,465.4006268382072,0.982631266117096
16,13009,1788549012344411111,948.5570602416992,469.5077521204949,0.9807592630386353
16,13010,1788549012377755555,947.0637967213988,471.34955751895905,0.9830472469329834
16,13011,1788549012411100000,946.9592113904656,475.6928727030754,0.9848456978797911
16,13012,1788549012444433333,947.2145821303128,477.80688767135143,0.968502402305603
16,13013,1788549012477777777,948.6456060409546,483.1359050422907,0.9825446009635924
16,13014,1788549012511122222,949.9555760398508,487.2978062927723,0.97075092792511
16,13015,1788549012544466666,950.8900887444617,491.02551839873195,0.9764192700386048
16,13016,1788549012577811111,951.3640809059144,495.2009217441082,0.9808475971221924
16,13017,1788549012611155555,950.9006428793072,495.3492463827133,0.9848535060882568
16,13018,1788549012644500000,950.9871043041348,497.2194785773754,0.9856837391853333
16,13019,1788549012677833333,951.3964131474496,497.91440426558256,0.982731282711029
16,13020,1788549012711177777,952.0189088862388,497.8772418275475,0.9869686961174012
16,13021,1788549012744522222,953.7817489355804,502.7269156873226,0.9483623504638672
16,13022,1788549012777866666,955.0309176314622,504.70034313201904,0.9829946756362916
16,13023,1788549012811211111,955.7001707553864,503.99419787246734,0.9847218990325928
16,13024,1788549012844555555,957.7267945706844,511.0426644682884,0.9004997611045837
16,13025,1788549012877900000,959.4279382228852,516.7627969682217,0.9610881805419922
16,13026,1788549012911233333,960.188800483942,517.2402378320694,0.9512645602226256
16,13027,1788549012944577777,960.8422439098358,516.8588151335716,0.9457036852836608
16,13028,1788549012977922222,961.7267127633096,517.3180619478226,0.8860306739807129
16,13029,1788549013011266666,962.8660387843848,517.7149720191956,0.7538751363754272
16,13030,1788549013044611111,963.805438041687,517.5741361677647,0.7790432572364807
16,13031,1788549013077955555,964.3355703949928,516.9126908108592,0.8821424245834351
16,13032,1788549013111300000,964.7374582290648,515.7847227156162,0.94258850812912
16,13033,1788549013144633333,965.5998840928078,513.5276544094086,0.965509593486786
16,13034,1788549013177977777,966.4395769834518,512.2362802177668,0.9707683324813844
16,13035,1788549013211322222,967.7465460300446,508.8526795357466,0.9798322916030884
16,13036,1788549013244666666,968.839598223567,506.6891649365425,0.9828428626060486
16,13037,1788549013278011111,969.6365306973456,506.0235914420337,0.983266055583954
16,13038,1788549013311355555,970.28605607152,502.0138692567125,0.9784536957740784
16,13039,1788549013344700000,970.8035144358872,499.1691109985113,0.976307213306427
16,13040,1788549013378033333,971.2839514613152,495.5888767540455,0.9789634346961976
16,13041,1788549013411377777,971.331245392561,496.01974438875914,0.9841652512550354
16,13042,1788549013444722222,971.2470323741436,496.4447031915188,0.981499433517456
16,13043,1788549013478066666,971.056339237839,496.8288754224777,0.9853219389915466
16,13044,1788549013511411111,971.219485744834,490.922477170825,0.9431425333023072
16,13045,1788549013544755555,971.1224779859184,488.6356867253781,0.9824219346046448
16,13046,1788549013578100000,970.9043695107102,486.58370050787926,0.9330284595489502
16,13047,1788549013611433333,971.290423899889,478.1546263247728,0.9803956747055054
16,13048,1788549013644777777,971.4315075874327,473.83392572402954,0.9711373448371888
16,13049,1788549013678122222,971.6963070631028,470.89254646748304,0.98610657453537
16,13050,1788549013711466666,971.984067671001,469.1039696633816,0.9891629219055176
16,13051,1788549013744811111,972.4699706733228,464.8705801218748,0.9799591302871704
16,13052,1788549013778155555,972.9284842535852,459.9775049593299,0.9858885407447816
16,13053,1788549013811500000,972.7903072685004,458.5199176967144,0.9798211455345154
16,13054,1788549013844833333,972.5489980876446,453.82736487686634,0.9838131666183472
16,13055,1788549013878177777,972.0908548682928,452.16148798167706,0.9829410314559937
16,13056,1788549013911522222,972.1487683206796,446.97956762090325,0.9888749718666076
16,13057,1788549013944866666,972.1470070630312,444.9160179644823,0.9906263947486876
16,13058,1788549013978211111,972.4174983501434,442.4560340642929,0.9799965620040894
16,13059,1788549014011555555,972.9208225086333,437.0928940847516,0.9874743819236756
16,13060,1788549014044900000,973.1218973174692,436.2168428748846,0.989861011505127
16,13061,1788549014078233333,973.3295394778252,435.4357371628285,0.9855198264122008
16,13062,1788549014111577777,973.2885618805884,434.9429070353508,0.9894736409187316
16,13063,1788549014144922222,973.530957877636,428.9935753797181,0.8977871537208557
16,13064,1788549014178266666,973.7757454514503,424.9255199506879,0.98834490776062
16,13065,1788549014211611111,973.6280870735644,424.75613878667355,0.986639142036438
16,13066,1788549014244955555,973.46954742074,424.65153896808624,0.983777105808258
16,13067,1788549014278300000,973.1466630250216,424.5647049546242,0.9855206608772278
16,13068,1788549014311633333,973.0058221458456,423.1631800979376,0.974804162979126
16,13069,1788549014344977777,973.6800558269024,410.5110828578472,0.9790596961975098
16,13070,1788549014378322222,973.6662736833096,409.027838550508,0.9823232889175416
16,13071,1788549014411666666,974.126480475068,399.17775298655033,0.9813122153282166
16,13072,1788549014445011111,974.2264259904624,395.50644171237946,0.9651824831962584
16,13073,1788549014478355555,974.393720537424,392.3614913523197,0.9791706204414368
16,13074,1788549014511700000,974.5871604681016,388.8338170051574,0.9671744108200072
16,13075,1788549014545033333,974.943415876478,385.89622213691473,0.9870049357414246
16,13076,1788549014578377777,975.0732761770488,382.75784872472286,0.9744912385940552
16,13077,1788549014611722222,974.9272586330771,380.0801425650716,0.9859343767166138
16,13078,1788549014645066666,974.4325050413609,378.4111452400685,0.9811401963233948
16,13079,1788549014678411111,974.1890300959348,376.855862095952,0.985697865486145
16,13080,1788549014711755555,974.1589157283306,374.0898720473051,0.976768672466278
16,13081,1788549014745100000,974.3829520344734,371.30604273080826,0.9802411198616028
16,13082,1788549014778433333,974.7998947054148,368.1464926749468,0.9703633189201356
16,13083,1788549014811777777,975.5024458765984,364.8441903889179,0.9763557314872742
16,13084,1788549014845122222,976.1744702607392,360.4310193359852,0.9735696911811828
16,13085,1788549014878466666,976.8208714723588,358.1392190307379,0.9784786701202391
16,13086,1788549014911811111,977.3734945952892,355.73573699593544,0.97857928276062
16,13087,1788549014945155555,977.6538274288176,356.12779070436954,0.9823473691940308
16,13088,1788549014978500000,978.0257758572698,356.39136305451393,0.9816917777061462
16,13089,1788549015011833333,978.3369782567024,356.7571932822466,0.9815210103988647
16,13090,1788549015045177777,978.7102005183696,353.37703788280487,0.9370611310005188
16,13091,1788549015078522222,978.929620705545,349.02554209157825,0.9778580069541932
16,13092,1788549015111866666,979.0025702030398,345.0912427008152,0.9098178148269652
16,13093,1788549015145211111,979.3573691248894,339.71812614798546,0.9748486280441284
16,13094,1788549015178555555,979.6636161208152,339.16865135729313,0.9804508686065674
16,13095,1788549015211900000,980.0012219753116,338.09626388549805,0.9794795513153076
16,13096,1788549015245233333,980.3256102204324,333.6915318965912,0.969960868358612
16,13097,1788549015278577777,980.1548825353384,333.42332804203033,0.9761648774147034
16,13098,1788549015311922222,979.9365021288396,328.4613083899021,0.9679070711135864
16,13099,1788549015345266666,979.2944178581238,327.98273177072406,0.9767695069313048
16,13100,1788549015378611111,978.735582858324,323.3707881271839,0.967115581035614
16,13101,1788549015411955555,977.7834712564944,321.96527156978846,0.9758859872817992
16,13102,1788549015445300000,976.60334405303,320.01647094264627,0.9681934118270874
16,13103,1788549015478633333,975.0606500543654,318.8313221037388,0.9675909876823424
16,13104,1788549015511977777,973.940145343542,317.5633328258991,0.9729629158973694
16,13105,1788549015545322222,973.4271126687528,314.6592700481415,0.9636042714118958
16,13106,1788549015578666666,973.550499111414,313.05312399566174,0.974165380001068
16,13107,1788549015612011111,974.2773680388927,309.311969012022,0.9644448757171632
16,13108,1788549015645355555,974.966177739203,308.45259058475494,0.9673029780387878
16,13109,1788549015678700000,975.58240878582,305.06906685233116,0.9622785449028016
16,13110,1788549015712033333,976.1675665527582,302.36179172992706,0.9742581844329834
16,13111,1788549015745377777,976.6347590088844,298.38719725608826,0.9580417275428772
16,13112,1788549015778722222,976.6773703098296,296.3495887219906,0.9719591736793518
16,13113,1788549015812066666,976.6639953255652,292.17389985919,0.957729160785675
16,13114,1788549015845411111,976.9180257841944,291.05453918874264,0.959622323513031
16,13115,1788549015878755555,976.8770510926844,290.88963156193495,0.9644116759300232
16,13116,1788549015912100000,976.9073148667812,291.1600006520748,0.9639142751693726
16,13117,1788549015945433333,977.0515251420438,293.7081950008869,0.965636134147644
16,13118,1788549015978777777,977.4362769126892,298.51400005817413,0.9578117728233336
16,13119,1788549016012122222,976.6919938623904,298.86347211897373,0.9649967551231384
16,13120,1788549016045466666,977.8907637745142,307.3189296722412,0.9500498175621032
16,13121,1788549016078811111,978.021288175136,308.73345386981964,0.9681811332702636
16,13122,1788549016112155555,979.1305899620056,313.6143937110901,0.9691882133483888
16,13123,1788549016145500000,979.3696435689926,316.08217826485634,0.9772269129753112
16,13124,1788549016178833333,979.3340861201286,318.8199519366026,0.9730290174484252
16,13125,1788549016212177777,979.672661691904,324.71705561876297,0.9721056818962096
16,13126,1788549016245522222,979.118355602026,326.1325396746397,0.9753854870796204
16,13127,1788549016278866666,978.6595936715604,326.78080028295517,0.9754670262336732
16,13128,1788549016312211111,978.3815430402756,327.1520041972399,0.9733322262763976
16,13129,1788549016345555555,978.3677799403667,327.32277435064316,0.9720920920372008
16,13130,1788549016378900000,980.4663964509964,337.25824305415154,0.9644888639450072
16,13131,1788549016412233333,980.7361087501048,337.6770076453686,0.9734373688697816
16,13132,1788549016445577777,981.735050022602,341.7051179111004,0.8759049773216248
16,13133,1788549016478922222,983.0254931095988,347.88812685757875,0.9778411984443665
16,13134,1788549016512266666,983.4992778003216,349.0051088957116,0.978955090045929
16,13135,1788549016545611111,984.00336829992,350.3778118789196,0.976876974105835
16,13136,1788549016578955555,984.5404191017152,353.0703712925315,0.9637991189956664
16,13137,1788549016612300000,985.4180556833744,356.1309050321579,0.975761890411377
16,13138,1788549016645633333,985.9523012265564,358.256473749876,0.9750947952270508
16,13139,1788549016678977777,987.0966908410192,362.7536745071411,0.9732959270477296
16,13140,1788549016712322222,987.6498127877712,364.5905582308769,0.9678624868392944
16,13141,1788549016745666666,988.1357122212648,366.45811834931374,0.9543378353118896
16,13142,1788549016779011111,988.5545823276044,368.1758513301611,0.9457373023033142
16,13143,1788549016812355555,988.7718463093042,369.57520148158073,0.9244623780250548
16,13144,1788549016845688888,988.5879621207714,369.3311271667481,0.9219868779182434
16,13145,1788549016879033333,989.2576279640198,373.70387676358223,0.8603893518447876
16,13146,1788549016912377777,989.3983856737614,376.1655970066786,0.8231073617935181
16,13147,1788549016945722222,989.999820036348,378.7731606066227,0.8025113344192505
16,13148,1788549016979066666,989.7671486139296,378.54339987039566,0.8032829761505127
16,13149,1788549017012411111,990.6846290826796,382.23575319349766,0.7724671959877014
16,13150,1788549017045755555,990.8897315040232,382.904531635344,0.762577474117279
16,13151,1788549017079100000,991.1483069509268,383.8988874480128,0.7532537579536438
16,13152,1788549017112433333,992.2228897064924,388.0297277085483,0.7093073725700378
16,13153,1788549017145777777,992.8095240294932,390.0959513634443,0.6852510571479797
16,13154,1788549017179122222,993.5140493512154,392.41659051179886,0.6747414469718933
16,13155,1788549017212466666,993.6760986447334,393.8185154944658,0.6697646975517273
16,13156,1788549017245811111,994.248874232173,395.2170490771532,0.6682680249214172
16,13157,1788549017279155555,994.8516062051058,397.8040088415146,0.6462295055389404
16,13158,1788549017312488888,995.8269551992416,401.33032962679863,0.6446636319160461
16,13159,1788549017345833333,996.7799874693156,405.68410113453865,0.6621948480606079
16,13160,1788549017379177777,996.934568926692,407.00263464287855,0.6657670140266418
16,13161,1788549017412522222,997.7653811872004,410.9996947980544,0.7092141509056091
16,13162,1788549017445866666,997.8177620768548,413.70607244968414,0.7232596278190613
16,13163,1788549017479211111,997.8321849107742,415.12090837210417,0.7438904643058777
16,13164,1788549017512555555,997.9703183695674,418.17283353209496,0.7465366125106812
16,13165,1788549017545888888,998.0966804251076,419.79006157815456,0.7585616111755371
16,13166,1788549017579233333,998.6796343922616,422.9565928913653,0.7550632953643799
16,13167,1788549017612577777,998.993683012668,425.3158294260502,0.7677799463272095
16,13168,1788549017645922222,998.8203966021538,428.1310745775699,0.7734854221343994
16,13169,1788549017679266666,998.2780386805534,431.12848557531834,0.7869939208030701
16,13170,1788549017712611111,998.187927827239,434.8413403481245,0.8477567434310913
16,13171,1788549017745955555,998.3987360298634,438.54879105091095,0.8925643563270569
16,13172,1788549017779288888,998.4989236295224,440.6014630496502,0.9347578287124634
16,13173,1788549017812633333,998.9777146577836,444.11590584367514,0.9381121397018432
16,13174,1788549017845977777,999.4194656610488,446.3064694106579,0.9661986231803894
16,13175,1788549017879322222,1000.0494613684714,449.57385405898094,0.9571806192398072
16,13176,1788549017912666666,1000.7005287706852,452.4502215385437,0.980315089225769
16,13177,1788549017946011111,1001.434364259243,455.02408052422106,0.985483467578888
16,13178,1788549017979355555,1002.5531059503556,459.34938076138496,0.9532380700111388
16,13179,1788549018012688888,1003.4334724843502,462.1916939467192,0.9843542575836182
16,13180,1788549018046033333,1003.9975470309146,464.2904546558857,0.9594106674194336
16,13181,1788549018079377777,1004.7304777503014,468.6444073021412,0.9856075644493104
16,13182,1788549018112722222,1004.9041688740252,470.9739084430039,0.9630066752433776
16,13183,1788549018146066666,1005.5209291279316,475.37351736426353,0.9788832664489746
16,13184,1788549018179411111,1005.9803086798638,479.2290762215853,0.97154700756073
16,13185,1788549018212755555,1006.6738114356996,482.9361150339246,0.9856888055801392
16,13186,1788549018246088888,1006.9273937568069,483.8506430089474,0.9889287948608398
16,13187,1788549018279433333,1007.88427631557,487.9386797845363,0.9722303152084352
16,13188,1788549018312777777,1008.6154854893684,490.03091343678534,0.9883137941360474
16,13189,1788549018346122222,1008.7202171683311,490.726004332304,0.9887349009513856
16,13190,1788549018379466666,1008.9912501154467,493.88091745227575,0.935185968875885
16,13191,1788549018412811111,1009.5772804915904,499.6882664263248,0.981378436088562
16,13192,1788549018446155555,1009.1908922642468,500.2677261829376,0.98641437292099
16,13193,1788549018479488888,1009.5984543263912,503.3372209072113,0.8696749210357666
16,13194,1788549018512833333,1011.1320520341396,511.15777292847633,0.9694015383720398
16,13195,1788549018546177777,1011.592567116022,511.95991726592183,0.9647825956344604
16,13196,1788549018579522222,1012.3028514683248,514.2452023923397,0.9060969948768616
16,13197,1788549018612866666,1012.2784567177296,513.9534488320351,0.910271167755127
16,13198,1788549018646211111,1012.8431340456008,513.7556936740875,0.9105268716812134
16,13199,1788549018679555555,1012.7149371504784,513.7534608989954,0.915372669696808
16,13200,1788549018712888888,1012.3985029459,510.3478074669838,0.950670599937439
16,13201,1788549018746233333,1011.8055086135864,509.87843023985624,0.9606122374534608
16,13202,1788549018779577777,1011.2571213245392,505.54314881563187,0.9537914991378784
16,13203,1788549018812922222,1010.9715436119586,503.5534782111645,0.9518449306488036
16,13204,1788549018846266666,1010.6335483789444,501.3458808660507,0.9456869959831238
16,13205,1788549018879611111,1010.2623752951622,498.8814186826348,0.918820023536682
16,13206,1788549018912955555,1009.8090690821408,494.73262616992,0.9274804592132568
16,13207,1788549018946288888,1009.754391849041,490.1402673870325,0.9211955070495604
16,13208,1788549018979633333,1009.5905319154264,488.5853579044342,0.92267107963562
16,13209,1788549019012977777,1009.9954102239572,485.0819308459759,0.9215287566184998
16,13210,1788549019046322222,1010.6179560124874,484.8620720952749,0.9163969159126282
16,13211,1788549019079666666,1012.0846948102115,483.1120878085494,0.9239834547042848
16,13212,1788549019113011111,1013.902600891888,483.7687677592039,0.924753189086914
16,13213,1788549019146355555,1015.917857311666,484.2037907242775,0.9324045777320862
16,13214,1788549019179688888,1017.9115611240268,485.2526205182075,0.9369829297065736
16,13215,1788549019213033333,1020.1480215638876,483.9161623492837,0.9661549925804138
16,13216,1788549019246377777,1022.2492818236352,482.6435481905937,0.980735182762146
16,13217,1788549019279722222,1024.840111285448,483.75037011504173,0.9882399439811708
16,13218,1788549019313066666,1029.0083152465522,487.1147920340299,0.984481394290924
16,13219,1788549019346411111,1036.7590844482183,492.60603815317154,0.9469860792160034
16,13220,1788549019379755555,1047.3984315991402,500.7059872150421,0.8976200819015503
16,13221,1788549019413088888,1060.122919797897,505.3594396710396,0.9443805813789368
16,13222,1788549019446433333,1072.432272315025,516.0332191959023,0.8293777704238892
16,13223,1788549019479777777,1084.334043711424,523.639393389225,0.8334068655967712
16,13224,1788549019513122222,1092.5885016322136,537.8051398992538,0.7190009951591492
16,13225,1788549019546466666,1095.577101647854,551.0942027047276,0.7109504342079163
16,13226,1788549019579811111,1093.801350697875,567.1769340783358,0.6958683729171753
16,13227,1788549019613155555,1089.1458212584257,577.7110238671303,0.6811201572418213
16,13228,1788549019646488888,1081.3865574896336,593.3667809069157,0.6572086215019226
16,13229,1788549019679833333,1073.3293379843235,603.9021558314562,0.6701775193214417
16,13230,1788549019713177777,1064.628415197134,617.5466347038746,0.6759803891181946
16,13231,1788549019746522222,1056.2458494752643,630.6076112687588,0.6641441583633423
16,13232,1788549019779866666,1049.5927311182022,641.1015873849392,0.6963845491409302
16,13233,1788549019813211111,1043.4673633277416,654.8356369882822,0.7011266350746155
16,13234,1788549019846555555,1038.3326238393784,668.9217694401741,0.7171789407730103
16,13235,1788549019879888888,1034.5742624104023,679.7899137586355,0.7392933368682861
16,13236,1788549019913233333,1030.2192037552595,692.0344151966274,0.8100025653839111
16,13237,1788549019946577777,1025.4880690276625,700.2890053391457,0.926482319831848
16,13238,1788549019979922222,1020.185540035367,709.5016618072987,0.9265847206115724
16,13239,1788549020013266666,1014.3818592727184,720.8031961917877,0.9283286333084106
16,13240,1788549020046611111,1009.401269108057,730.6752762794495,0.922749936580658
16,13241,1788549020079955555,1005.3689999878408,739.0394367128611,0.9300245642662048
17,13598,1788549031983344444,868.0,478.6666666666667,1.0
17,13599,1788549032016688888,868.8520713746548,481.1831843107939,0.9613026976585388
17,13600,1788549032050033333,869.0224768798798,482.2034359574318,0.961054503917694
17,13601,1788549032083377777,869.4114930927753,484.3127076327801,0.899344265460968
17,13602,1788549032116722222,869.5224066376686,484.8411021977663,0.8945242762565613
17,13603,1788549032150066666,869.9539421834052,485.6413784027099,0.8329304456710815
17,13604,1788549032183411111,870.7412550151348,487.3163134455681,0.7915933132171631
17,13605,1788549032216744444,870.9946160130203,487.0249626711011,0.7848926782608032
17,13606,1788549032250088888,871.0694715231657,486.51095592975616,0.7822666168212891
17,13607,1788549032283433333,871.2435838729143,486.1645139008761,0.7851107716560364
17,13608,1788549032316777777,871.3847247958183,485.6557991504669,0.7779216766357422
17,13609,1788549032350122222,873.2051540017128,491.7135748267174,0.7884480953216553
17,13610,1788549032383466666,873.9880684716627,492.55960860848427,0.817485511302948
17,13611,1788549032416811111,875.279550075531,493.8454927802086,0.834373414516449
17,13612,1788549032450144444,876.6861942112446,496.6199168264866,0.7809969186782837
17,13613,1788549032483488888,876.5968126654625,497.0799749046564,0.7776303291320801
17,13614,1788549032516833333,876.7855091094971,502.1856924444437,0.8754968643188477
17,13615,1788549032550177777,876.882784679532,503.908969655633,0.9131412506103516
17,13616,1788549032583522222,877.7843725085258,507.4243724644184,0.8674441576004028
17,13617,1788549032616866666,878.0749497264624,508.8200466185808,0.8435458540916443
17,13618,1788549032650211111,878.8174797296524,510.9881944041699,0.8488630652427673
17,13619,1788549032683544444,879.3475649952888,515.2451403290033,0.7527542114257812
17,13620,1788549032716888888,880.204189941287,515.9164235293865,0.7984594702720642
17,13621,1788549032750233333,880.3189036548138,516.5632489323616,0.7648724317550659
17,13622,1788549032783577777,880.7896089106798,520.749718695879,0.8024671077728271
17,13623,1788549032816922222,880.7895339876413,521.9871614743024,0.789757251739502
17,13624,1788549032850266666,880.6765837073326,522.6539187133312,0.7880359888076782
17,13625,1788549032883611111,880.5083118677139,523.0521424077451,0.7878434658050537
17,13626,1788549032916944444,881.261855006218,525.1754879504442,0.8021817803382874
17,13627,1788549032950288888,882.1372816562653,528.9252258315682,0.7988308072090149
17,13628,1788549032983633333,882.9426208585501,531.0791257843375,0.8008738160133362
17,13629,1788549033016977777,884.0247967261821,534.7265273630619,0.7741435766220093
17,13630,1788549033050322222,884.1014206632972,534.0342565700412,0.7785831093788147
17,13631,1788549033083666666,885.796386808157,535.2890989780426,0.8052512407302856
17,13632,1788549033117011111,886.3545904457569,535.1601265966892,0.8224130868911743
17,13633,1788549033150344444,886.9908476984128,535.2080854177475,0.8318924307823181
17,13634,1788549033183688888,887.4407711923122,536.0697612315416,0.8320443630218506
17,13635,1788549033217033333,887.8019514232874,537.4922786653042,0.801024854183197
17,13636,1788549033250377777,887.9582819566131,538.1996228694916,0.7930046319961548
17,13637,1788549033283722222,888.5083124637604,541.2267629355192,0.8035404682159424
17,13638,1788549033317066666,889.0391633138061,542.2783630788326,0.802987277507782
17,13639,1788549033350411111,889.2667167186737,541.6792598366737,0.805427610874176
17,13640,1788549033383744444,889.7758896797895,542.3278131186962,0.8063441514968872
17,13641,1788549033417088888,890.599139124155,543.4123939573765,0.7988064885139465
17,13642,1788549033450433333,891.5348579883575,545.62586581707,0.770958662033081
17,13643,1788549033483777777,891.8959567397833,546.7709181010723,0.7800285816192627
17,13644,1788549033517122222,891.935247682035,546.2725244760513,0.7671392560005188
17,13645,1788549033550466666,892.0036444549914,546.9047048389912,0.810802698135376
17,13646,1788549033583811111,892.6282258033752,548.4934804439545,0.8700440526008606
17,13647,1788549033617144444,893.557798832655,550.3028855323792,0.8868653774261475
17,13648,1788549033650488888,893.9389259815216,551.3873766362667,0.8867037892341614
17,13649,1788549033683833333,894.4613964557648,552.8223671764135,0.8423569202423096
17,13650,1788549033717177777,895.1534814685583,553.75761680305,0.8573178648948669
17,13651,1788549033750522222,895.9864837350324,555.1697484254837,0.8483281135559082
17,13652,1788549033783866666,897.2760398983955,556.9731856863946,0.8762040138244629
17,13653,1788549033817211111,897.8969971090555,556.6202780604362,0.8616611361503601
17,13654,1788549033850544444,898.2177189141512,556.5091612040997,0.8765772581100464
17,13655,1788549033883888888,898.3676969110966,556.8642281889915,0.8775967955589294
17,13656,1788549033917233333,899.890712685883,559.3516385555267,0.822795033454895
17,13657,1788549033950577777,900.1376019120216,560.7376204133034,0.8217027187347412
17,13658,1788549033983922222,900.6226998567581,561.6681716144085,0.8020678758621216
17,13659,1788549034017266666,900.9598697572948,562.0019257058157,0.8063857555389404
17,13660,1788549034050611111,900.6652696728706,562.3878969550133,0.7402868866920471
17,13661,1788549034083944444,901.2854742705822,562.0795422419906,0.759273111820221
17,13662,1788549034117288888,902.65793171525,561.8731749802828,0.7025310397148132
17,13663,1788549034150633333,902.9282507300376,562.0326013490558,0.7004881501197815
17,13664,1788549034183977777,903.1142362728716,562.0196786355227,0.6918208003044128
17,13665,1788549034217322222,903.5553129017352,561.589923709631,0.7259091734886169
17,13666,1788549034250666666,903.7153794467448,561.1174489855766,0.7688321471214294
17,13667,1788549034284011111,903.8476328104734,560.7265734672546,0.797690749168396
17,13668,1788549034317344444,904.256419301033,559.6572476625443,0.8570770025253296
17,13669,1788549034350688888,904.0121370013804,559.6910827755928,0.8569992184638977
17,13670,1788549034384033333,904.190921023488,558.5975532531738,0.8799654245376587
17,13671,1788549034417377777,904.3778917491436,557.1106771081686,0.8619943261146545
17,13672,1788549034450722222,905.2133098989724,555.6122244298458,0.8675922751426697
17,13673,1788549034484066666,905.4388691484928,555.098110280931,0.8651458024978638
17,13674,1788549034517411111,906.050713505596,552.413262963295,0.8474574089050293
17,13675,1788549034550744444,906.3882769942284,550.5162963569164,0.8503535389900208
17,13676,1788549034584088888,906.209006473422,549.4449263811111,0.8069754242897034
17,13677,1788549034617433333,906.3693623840808,546.6572579145432,0.8447903394699097
17,13678,1788549034650777777,906.1931946873664,546.9431449249387,0.8392452001571655
17,13679,1788549034684122222,906.3166566193104,547.1962668448687,0.8358006477355957
17,13680,1788549034717466666,906.6392070651054,547.4960715472698,0.8382138013839722
17,13681,1788549034750811111,907.61829534173,543.1796501278877,0.8610934019088745
17,13682,1788549034784144444,908.0140078486876,543.0651346221566,0.8483538627624512
17,13683,1788549034817488888,908.0812584757804,543.0854877755046,0.8470768928527832
17,13684,1788549034850833333,908.8680407106876,536.9608191922307,0.7930771112442017
17,13685,1788549034884177777,908.876215994358,536.9361530467868,0.786991536617279
17,13686,1788549034917522222,909.069986090064,533.9677781052887,0.7765104174613953
17,13687,1788549034950866666,909.0743106082082,532.9568615742028,0.7900810241699219
17,13688,1788549034984200000,909.0917137116194,532.2044875472784,0.7591022253036499
17,13689,1788549035017544444,908.884425804019,532.8258504867554,0.755503237247467
17,13690,1788549035050888888,909.0801748037338,530.5121459364891,0.7597528100013733
17,13691,1788549035084233333,909.1520342379808,530.5622725784779,0.7499045133590698
17,13692,1788549035117577777,909.4783800542356,528.6763749420643,0.7727837562561035
17,13693,1788549035150922222,910.0244856979698,525.3020675778389,0.7934312224388123
17,13694,1788549035184266666,910.321139663458,524.6799746453762,0.7829002141952515
17,13695,1788549035217600000,910.5874075889589,524.5473982393742,0.7784973978996277
17,13696,1788549035250944444,910.574411958456,523.0569379739463,0.7648205161094666
17,13697,1788549035284288888,910.7106379270554,521.8934091180563,0.7533501982688904
17,13698,1788549035317633333,910.397300094366,522.6751063466072,0.7466335892677307
17,13699,1788549035350977777,910.1902031004428,523.2275947630405,0.7534887194633484
17,13700,1788549035384322222,911.0006655508768,518.277306586504,0.8122472167015076
17,13701,1788549035417666666,911.4059592485428,514.9228604659438,0.8510217666625977
17,13702,1788549035451000000,912.0970603600144,511.6966163814068,0.9094457626342772
17,13703,1788549035484344444,912.221479266882,510.2820054590702,0.9195398092269896
17,13704,1788549035517688888,912.8945372253656,508.59144458174706,0.900679349899292
17,13705,1788549035551033333,913.0555082708596,507.1031239852309,0.9281656742095948
17,13706,1788549035584377777,913.6425529122351,504.7925815284252,0.8669163584709167
17,13707,1788549035617722222,913.7366695702076,504.8447540998459,0.8670255541801453
17,13708,1788549035651066666,914.2144013047218,499.73166370391846,0.8298803567886353
17,13709,1788549035684400000,914.1812790483236,499.3036839067936,0.8459237813949585
17,13710,1788549035717744444,914.1761036664248,499.7610023319721,0.8246524333953857
17,13711,1788549035751088888,914.4324762225152,496.1583154797554,0.8469631671905518
17,13712,1788549035784433333,914.5093002021312,495.81653493642807,0.8520899415016174
17,13713,1788549035817777777,914.99255388882,492.4349961578846,0.8495336771011353
17,13714,1788549035851122222,915.2935392558576,491.63417026400566,0.8536173701286316
17,13715,1788549035884466666,915.8495764434338,488.7375895678997,0.841067910194397
17,13716,1788549035917800000,916.1602570265532,487.2390107810497,0.8191421031951904
17,13717,1788549035951144444,916.6572514772416,484.85480715334415,0.7601391077041626
17,13718,1788549035984488888,916.7770839035512,484.7937299013138,0.7617082595825195
17,13719,1788549036017833333,917.1953255236148,480.1310962289572,0.7994225025177002
17,13720,1788549036051177777,917.3924434781076,479.98701693024486,0.7962058186531067
17,13721,1788549036084522222,917.6674497425556,479.33203437924385,0.8162194490432739
17,13722,1788549036117866666,917.671855866909,478.9773536864668,0.8277345299720764
17,13723,1788549036151200000,917.6365010738372,477.4152576625347,0.8485317826271057
17,13724,1788549036184544444,917.6363451182842,476.70182582736015,0.8825677037239075
17,13725,1788549036217888888,917.969281513244,474.62609058618546,0.9198295474052428
17,13726,1788549036251233333,918.4289076328278,472.1367885917425,0.9596314430236816
17,13727,1788549036284577777,918.8968755975366,471.7919983714819,0.9603617787361144
17,13728,1788549036317922222,919.3267642855644,469.4187131822109,0.9237162470817566
17,13729,1788549036351266666,920.0555553399026,467.6117289364338,0.9146214723587036
17,13730,1788549036384600000,920.110112413764,467.4407063126564,0.9103267788887024
17,13731,1788549036417944444,920.2424711287022,466.4876364469528,0.9059142470359802
17,13732,1788549036451288888,920.6140012145042,464.4070354998112,0.8815967440605164
17,13733,1788549036484633333,920.9517716430128,460.98425221443176,0.8758810758590698
17,13734,1788549036517977777,920.8513937145472,459.66452446579933,0.8668185472488403
17,13735,1788549036551322222,920.612995058298,458.15173587203026,0.8580251932144165
17,13736,1788549036584666666,920.3352869749068,455.7656654268503,0.8580425381660461
17,13737,1788549036618000000,920.9292397275568,451.8328180909157,0.8531328439712524
17,13738,1788549036651344444,920.895899824798,451.0409959927201,0.8538275957107544
17,13739,1788549036684688888,920.7354532182216,450.1899366080761,0.8550278544425964
17,13740,1788549036718033333,920.7415656447412,449.5748980641365,0.8458473682403564
17,13741,1788549036751377777,920.7305598556997,445.2107150256634,0.8603651523590088
17,13742,1788549036784722222,920.5939128994942,444.17240992188454,0.8468708992004395
17,13743,1788549036818066666,920.14208060503,441.92963868379593,0.8174959421157837
17,13744,1788549036851400000,920.4969052374364,436.9669331237674,0.8102026581764221
17,13745,1788549036884744444,920.2204467952251,436.0676737651229,0.8230596780776978
17,13746,1788549036918088888,919.9855409003794,433.1543877571821,0.8214944005012512
17,13747,1788549036951433333,919.7887030988932,432.1250912249088,0.8287922739982605
17,13748,1788549036984777777,920.1141531988978,429.3170904815197,0.8178150057792664
17,13749,1788549037018122222,920.4009571671486,428.4931253492832,0.815796971321106
17,13750,1788549037051466666,921.1579389870168,426.03670298680663,0.8496913909912109
17,13751,1788549037084800000,921.395173549652,425.3733993470669,0.8585240840911865
17,13752,1788549037118144444,921.7956477701664,423.98862622119486,0.8582784533500671
17,13753,1788549037151488888,922.0897204130888,423.5930936932564,0.8710227012634277
17,13754,1788549037184833333,922.3477504849434,421.8257622718811,0.8719743490219116
17,13755,1788549037218177777,922.3084180653096,419.40960931777954,0.9126181602478028
17,13756,1788549037251522222,922.4183110296726,419.17137621343136,0.900842785835266
17,13757,1788549037284866666,922.4483208358288,416.89212500303984,0.9202668070793152
17,13758,1788549037318200000,922.423330694437,416.28278174996376,0.903310477733612
17,13759,1788549037351544444,922.7039124667645,413.5479282438755,0.9189682602882384
17,13760,1788549037384888888,922.8636011630296,412.70728892087936,0.8987051844596863
17,13761,1788549037418233333,923.105415508151,410.6020827591419,0.9143412113189696
17,13762,1788549037451577777,923.2029801160096,409.1084984242916,0.9111157059669496
17,13763,1788549037484922222,923.7772492170334,406.14402905106544,0.9029319882392884
17,13764,1788549037518266666,923.7827755957842,405.5550999343395,0.9067686796188354
17,13765,1788549037551600000,924.0509625971316,403.3669123351574,0.8927019834518433
17,13766,1788549037584944444,923.917347162962,402.1303360313177,0.909123420715332
17,13767,1788549037618288888,923.676373243332,402.01113640423864,0.9050084948539734
17,13768,1788549037651633333,923.3212670981884,400.1230908036232,0.9072707891464232
17,13769,1788549037684977777,923.223696410656,398.9596292600036,0.8934353590011597
17,13770,1788549037718322222,923.4789199531078,396.3761998713017,0.8666986227035522
17,13771,1788549037751666666,923.7495353221892,396.03954235464334,0.8692941665649414
17,13772,1788549037785000000,924.2082548886538,393.155820697546,0.8619783520698547
17,13773,1788549037818344444,924.551133364439,390.736510515213,0.871832549571991
17,13774,1788549037851688888,924.9592922963202,389.8992813527584,0.8511049747467041
17,13775,1788549037885033333,925.1018279343843,389.80018635094166,0.858613908290863
17,13776,1788549037918377777,925.3827196359634,387.2856228649616,0.872898280620575
17,13777,1788549037951722222,925.4228584766388,387.6279806792736,0.8717175126075745
17,13778,1788549037985066666,925.2234667241572,387.9668108969927,0.8733183741569519
17,13779,1788549038018400000,924.9707080405204,385.6685310304165,0.8863788843154907
17,13780,1788549038051744444,925.0799863412976,384.8836710900068,0.8670313358306885
17,13781,1788549038085088888,924.9102961793542,384.47701290249825,0.8644295930862427
17,13782,1788549038118433333,925.75352306664,378.2721737027168,0.8660296201705933
17,13783,1788549038151777777,925.9490891397,377.6983095705509,0.8674923181533813
17,13784,1788549038185122222,926.3353839218616,373.6300057172775,0.8543938994407654
17,13785,1788549038218466666,926.6190021932124,372.8927866593003,0.8624584674835205
17,13786,1788549038251800000,927.3915092647076,369.9307942837477,0.8307480216026306
17,13787,1788549038285144444,927.6119396984576,369.7136071920395,0.8295320272445679
17,13788,1788549038318488888,927.396126240492,367.991996970959,0.8797487616539001
17,13789,1788549038351833333,927.2814337015152,368.2274160683155,0.8754414319992065
17,13790,1788549038385177777,926.943890079856,364.8249562978745,0.8577805161476135
17,13791,1788549038418522222,927.0620275512338,363.30932849645615,0.8584519028663635
17,13792,1788549038451866666,927.0830015391113,360.9479806832969,0.8543667197227478
17,13793,1788549038485200000,927.6197785139084,357.27059641480446,0.8351724147796631
17,13794,1788549038518544444,927.9648828953505,357.02929884940386,0.8387392163276672
17,13795,1788549038551888888,928.318527817726,356.9427234046161,0.8382754921913147
17,13796,1788549038585233333,929.1866012513638,354.3712958395481,0.8505651950836182
17,13797,1788549038618577777,929.501573652029,354.1425649225712,0.8509547114372253
17,13798,1788549038651922222,930.7357195019722,353.4096978902817,0.858458399772644
17,13799,1788549038685266666,930.7976514995098,353.347202450037,0.8634729385375977
17,13800,1788549038718600000,931.1264087557792,350.598858833313,0.8343304395675659
17,13801,1788549038751944444,930.7841053009032,347.9882624009624,0.8340017199516296
17,13802,1788549038785288888,930.5982746183872,346.3587192296982,0.8044933080673218
17,13803,1788549038818633333,930.2520776093006,344.3196585178375,0.8390921354293823
17,13804,1788549038851977777,930.2382661402224,342.6465258896351,0.819830596446991
17,13805,1788549038885322222,931.4205237329006,344.8016420453787,0.8232516050338745
17,13806,1788549038918666666,931.7697984576224,344.88726814836264,0.8169360756874084
17,13807,1788549038952000000,932.834664106369,346.6528743505478,0.822945773601532
17,13808,1788549038985344444,933.164557531476,346.56630542874336,0.8155547976493835
17,13809,1788549039018688888,934.058447316289,349.0835093036294,0.8279086947441101
17,13810,1788549039052033333,934.538923561573,350.672792494297,0.8829145431518555
17,13811,1788549039085377777,934.8114923536776,352.58627039194107,0.8434898257255554
17,13812,1788549039118722222,934.4687667191027,352.73232409358025,0.8374320864677429
17,13813,1788549039152066666,934.120464719832,352.566085934639,0.8384997248649597
17,13814,1788549039185400000,934.2007484585048,352.36052760481834,0.8308104276657104
17,13815,1788549039218744444,934.4945965707302,352.2252276837826,0.8423078656196594
17,13816,1788549039252088888,936.2699246704578,356.22141371667385,0.8410527110099792
17,13817,1788549039285433333,937.0221651848406,356.71202805638313,0.845289945602417
17,13818,1788549039318777777,939.1640304178,362.29607224464417,0.8268860578536987
17,13819,1788549039352122222,939.5024656951427,363.0421238690614,0.8299986124038696
17,13820,1788549039385466666,940.3688525259496,366.0039206701331,0.8475755453109741
17,13821,1788549039418800000,940.4947624802588,367.3410082757473,0.8824648857116699
17,13822,1788549039452144444,940.5594400465488,368.3386434018612,0.873115599155426
17,13823,1788549039485488888,940.5818635821342,368.69390028715134,0.8867880702018738
17,13824,1788549039518833333,941.7680327743292,372.8964568898082,0.8854535818099976
17,13825,1788549039552177777,941.684465110302,373.10775323212147,0.8804354667663574
17,13826,1788549039585522222,941.7699886113404,373.1231966465712,0.8782167434692383
17,13827,1788549039618866666,941.8237597495316,372.9692440219223,0.8821889758110046
17,13828,1788549039652200000,941.972686039284,372.9054297506809,0.9024660587310792
17,13829,1788549039685544444,943.2833260297776,376.17497096955776,0.869117796421051
17,13830,1788549039718888888,943.7657002806664,376.79904094338417,0.8839967250823975
17,13831,1788549039752233333,945.594601392746,382.3343178033829,0.8559754490852356
17,13832,1788549039785577777,945.6105227470398,382.6803980469704,0.8499524593353271
17,13833,1788549039818922222,945.6599838137628,384.4183168113232,0.9163790345191956
17,13834,1788549039852266666,945.4117707014084,385.7393202781677,0.8790667653083801
17,13835,1788549039885600000,945.2348616272212,386.39732697606087,0.8892840147018433
17,13836,1788549039918944444,945.5228678286076,386.88775163143873,0.9011532664299012
17,13837,1788549039952288888,946.5511610805988,389.3302851319313,0.8768393993377686
17,13838,1788549039985633333,947.3279043734074,390.217155829072,0.896449089050293
17,13839,1788549040018977777,947.958829883486,390.832214564085,0.8686202168464661
17,13840,1788549040052322222,948.7246452867984,391.75343130528927,0.9009363055229188
17,13841,1788549040085666666,949.3118162751198,392.7388547360897,0.8672765493392944
17,13842,1788549040119000000,949.7714186161757,394.1580154597759,0.9174764752388
17,13843,1788549040152344444,950.2619159817696,395.8302313387394,0.9003064632415771
17,13844,1788549040185688888,951.1065286323428,398.2389860898256,0.8868213295936584
17,13845,1788549040219033333,951.2424477338792,398.17482493817806,0.8932905197143555
17,13846,1788549040252377777,951.5776354968548,399.465516358614,0.8920483589172363
17,13847,1788549040285722222,951.5970075130464,399.48932072520256,0.9092036485671996
17,13848,1788549040319066666,952.5521780252456,401.69992288947105,0.8946007490158081
17,13849,1788549040352400000,952.8202169090508,401.7093881964683,0.914179027080536
17,13850,1788549040385744444,954.1276056617498,404.0876329094171,0.9264654517173768
17,13851,1788549040419088888,955.3493535220624,406.2265989780426,0.895668089389801
17,13852,1788549040452433333,955.6184759438038,406.1102487668395,0.906702160835266
17,13853,1788549040485777777,956.2687812447548,407.4233555495739,0.896938681602478
17,13854,1788549040519122222,956.2342908233404,407.2890389859677,0.8964351415634155
17,13855,1788549040552466666,956.778482928872,409.0397615432739,0.9051780104637146
17,13856,1788549040585800000,957.1537776440382,410.28595834970474,0.8813526630401611
17,13857,1788549040619144444,957.0307535901666,410.6030455827713,0.8771806955337524
17,13858,1788549040652488888,956.7237296700478,410.61299657821655,0.8745812773704529
17,13859,1788549040685833333,957.4893089532852,413.8054848462343,0.889697790145874
17,13860,1788549040719177777,958.249013826251,415.8310491144657,0.9098572731018066
17,13861,1788549040752522222,958.9867442529649,416.9572009928525,0.920283019542694
17,13862,1788549040785866666,960.7645703554152,421.9896569503471,0.8443148732185364
17,13863,1788549040819200000,961.0481112971902,422.6705813705921,0.8796452879905701
17,13864,1788549040852544444,961.9846713803709,425.3982933163643,0.8443059325218201
17,13865,1788549040885888888,962.4093809425832,426.2215742468834,0.8652242422103882
17,13866,1788549040919233333,963.3017680048944,429.1143022179603,0.8525124788284302
17,13867,1788549040952577777,963.6489671766758,430.8175773769617,0.8604637980461121
17,13868,1788549040985922222,963.4874736070632,431.0765993446112,0.8500931262969971
17,13869,1788549041019255555,963.9110707119108,433.27578833699226,0.8547062277793884
17,13870,1788549041052600000,964.1432581096888,434.4672372043133,0.8537477850914001
17,13871,1788549041085944444,964.4839492738248,436.41634130477905,0.8176993727684021
17,13872,1788549041119288888,964.3929297327996,436.01834257133305,0.8235260248184204
17,13873,1788549041152633333,965.3027320504189,438.44133934378624,0.8299419283866882
17,13874,1788549041185977777,965.4701030552388,438.7348882853985,0.824072539806366
17,13875,1788549041219322222,966.2288349568844,440.92886486649513,0.8403818607330322
17,13876,1788549041252655555,966.7463253736496,441.9352239072323,0.8448305130004883
17,13877,1788549041286000000,967.6208328008652,444.2747444808483,0.8227798938751221
17,13878,1788549041319344444,967.9355095922948,444.9654607363045,0.8354835510253906
17,13879,1788549041352688888,968.8479862958192,446.94666688516736,0.831261932849884
17,13880,1788549041386033333,968.8409233987333,446.80976527929306,0.8297065496444702
17,13881,1788549041419377777,968.8441196978092,446.804027736187,0.8285174369812012
17,13882,1788549041452722222,968.7810654789208,446.820340231061,0.8272501230239868
17,13883,1788549041486055555,968.608115017414,446.75034537911415,0.8243720531463623
17,13884,1788549041519400000,969.6914374530317,450.2527958750725,0.8319593667984009
17,13885,1788549041552744444,969.9262605085968,451.9185286834836,0.8255531191825867
17,13886,1788549041586088888,971.6110535860062,457.31749391555786,0.8240437507629395
17,13887,1788549041619433333,972.0326185896992,458.92305644601583,0.8291480541229248
17,13888,1788549041652777777,972.1895388364792,459.0250399298966,0.8274615406990051
17,13889,1788549041686122222,972.8919356018304,459.8692757487297,0.868267834186554
17,13890,1788549041719455555,974.2550523877144,462.01917897351086,0.8442603349685669
17,13891,1788549041752800000,974.6515826582907,461.67022663354874,0.839486300945282
17,13892,1788549041786144444,976.2760570645332,465.8255303204059,0.9002777934074402
17,13893,1788549041819488888,976.5861822366714,466.4855824112892,0.8841046690940857
17,13894,1788549041852833333,977.2758575975896,468.69932636618614,0.8216262459754944
17,13895,1788549041886177777,977.1012430489064,468.7942928820849,0.8139333724975586
17,13896,1788549041919522222,977.7909518182278,473.8155539780855,0.801321804523468
17,13897,1788549041952855555,977.5879489481448,474.44471168518066,0.806424617767334
17,13898,1788549041986200000,977.9360277354716,476.0201531592757,0.8017032146453857
17,13899,1788549042019544444,977.8547075092793,476.6770074367523,0.8019058704376221
17,13900,1788549042052888888,978.5254406034946,479.7069772183895,0.814978301525116
17,13901,1788549042086233333,979.1393549591304,482.525348931551,0.7916752099990845
17,13902,1788549042119577777,979.0759170502424,483.0035728192888,0.7909054756164551
17,13903,1788549042152922222,980.0136530669406,485.34436494112015,0.786393940448761
17,13904,1788549042186255555,980.2422488331796,485.8744559437037,0.782027542591095
17,13905,1788549042219600000,981.4670321941376,487.0652676895261,0.7916207313537598
17,13906,1788549042252944444,981.784137547016,487.2468472868204,0.7747951149940491
17,13907,1788549042286288888,982.4282804131508,489.1253654509783,0.8616724610328674
17,13908,1788549042319633333,983.3131037652493,492.9341407492757,0.8984653353691101
17,13909,1788549042352977777,983.6861811876296,493.8426222205162,0.9186673164367676
17,13910,1788549042386322222,984.87436427176,496.8459267616272,0.8936547040939331
17,13911,1788549042419655555,984.9216190204024,496.9026447013021,0.8820720314979553
17,13912,1788549042453000000,986.0621968284248,499.6064911186695,0.8781132102012634
17,13913,1788549042486344444,986.0906435772775,499.7211320400238,0.8702541589736938
17,13914,1788549042519688888,986.979191109538,502.186091825366,0.8586835265159607
17,13915,1788549042553033333,987.2525135576724,502.1736553162336,0.8459742665290833
17,13916,1788549042586377777,987.9386298693717,503.8337968438864,0.8122037649154663
17,13917,1788549042619722222,988.4530637562276,503.5300566852093,0.7931862473487854
17,13918,1788549042653055555,989.1962429136038,506.5171786546707,0.7652059197425842
17,13919,1788549042686400000,989.4902039766312,506.29037129879,0.7599012851715088
17,13920,1788549042719744444,990.7976456433536,508.72699478268623,0.7876799702644348
17,13921,1788549042753088888,991.2840467095376,509.3604658842087,0.8222644925117493
17,13922,1788549042786433333,991.9229057356716,510.48605567216873,0.8201289772987366
17,13923,1788549042819777777,992.3185206949712,511.0203132983297,0.8576192259788513
17,13924,1788549042853122222,993.1217597424984,512.694653570652,0.8627862930297852
17,13925,1788549042886455555,994.1843472272158,515.6086789667606,0.8829542994499207
17,13926,1788549042919800000,994.2071055918932,516.1109264791012,0.8800888657569885
17,13927,1788549042953144444,994.9897971022874,518.6689207553864,0.8869323134422302
17,13928,1788549042986488888,995.3619009554386,520.2047024220228,0.8998554348945618
17,13929,1788549043019833333,996.2831686139108,522.2984332740307,0.8764721155166626
17,13930,1788549043053177777,997.1318816393614,523.5479406714439,0.8992946743965149
17,13931,1788549043086522222,997.8550624251366,525.43275141716,0.8972975611686707
17,13932,1788549043119855555,998.3416015505792,526.3587641119957,0.9128679037094116
17,13933,1788549043153200000,998.8468883782624,527.8942124396563,0.900779128074646
17,13934,1788549043186544444,999.2452076524496,529.599089205265,0.8756779432296753
17,13935,1788549043219888888,999.411874562502,530.5108741819859,0.8646791577339172
17,13936,1788549043253233333,999.6199724078178,533.1980277895927,0.8293206095695496
17,13937,1788549043286577777,999.1842566132544,533.4369018375874,0.8193423748016357
17,13938,1788549043319922222,998.9761738497764,533.4940721988678,0.8202729225158691
17,13939,1788549043353255555,999.2488210648298,533.5413372218609,0.822724461555481
17,13940,1788549043386600000,999.396471053362,533.7380536496639,0.8305660486221313
17,13941,1788549043419944444,1000.517796844244,536.2290260642767,0.7750519514083862
17,13942,1788549043453288888,1000.6943025290966,535.9233563616872,0.7711232304573059
17,13943,1788549043486633333,1001.6578870117664,535.7622661292553,0.7613161206245422
17,13944,1788549043519977777,1002.6002302765846,535.5787638127804,0.7150605320930481
17,13945,1788549043553322222,1003.217558324337,535.2340340316296,0.7410873770713806
17,13946,1788549043586655555,1003.3812007904052,535.128213301301,0.7459155321121216
17,13947,1788549043620000000,1004.2338656336068,534.149203017354,0.7849313020706177
17,13948,1788549043653344444,1004.1191603392364,533.9045594185591,0.781609296798706
17,13949,1788549043686688888,1004.2685554027556,533.3467881977558,0.7978869676589966
17,13950,1788549043720033333,1004.2924870848656,533.2470149546862,0.8080167770385742
17,13951,1788549043753377777,1004.97122736834,530.7973313629627,0.7947111129760742
17,13952,1788549043786722222,1005.082399494946,529.2491069883108,0.8250671029090881
17,13953,1788549043820055555,1005.8232637792826,528.0528795197606,0.8066719770431519
17,13954,1788549043853400000,1005.4930151104928,525.6651510000229,0.7761340737342834
17,13955,1788549043886744444,1005.8421810716392,524.3648823201656,0.747696042060852
17,13956,1788549043920088888,1006.7433860003948,522.0809188261628,0.7933957576751709
17,13957,1788549043953433333,1007.3040624260902,521.1775587797165,0.7700300216674805
17,13958,1788549043986777777,1007.6794445216656,519.6618584692478,0.8137624263763428
17,13959,1788549044020122222,1008.2351650893688,518.2806790173054,0.8635611534118652
17,13960,1788549044053455555,1008.481909185648,516.8015990555286,0.911212146282196
17,13961,1788549044086800000,1008.5079244375228,515.3730865418911,0.9077301621437072
17,13962,1788549044120144444,1008.7807170301676,512.2167231440544,0.905179500579834
17,13963,1788549044153488888,1008.7957732081412,511.91105326265097,0.9079238176345824
17,13964,1788549044186833333,1008.8495787978172,509.1506699025631,0.9116840362548828
17,13965,1788549044220177777,1009.0275198947638,508.9341138973832,0.9085000157356262
17,13966,1788549044253522222,1009.0727718621492,507.3765981197357,0.9085676670074464
17,13967,1788549044286855555,1009.389511436224,505.083240814507,0.9262591004371644
17,13968,1788549044320200000,1009.8479682505132,503.0253385975957,0.9164078831672668
17,13969,1788549044353544444,1010.3092548847198,499.6180277764797,0.898890495300293
17,13970,1788549044386888888,1010.2750940918922,498.89291317760944,0.8983137011528015
17,13971,1788549044420233333,1010.235651358962,497.1707070171833,0.9025855660438538
17,13972,1788549044453577777,1010.3978762626648,493.8513272255659,0.8967708349227905
17,13973,1788549044486922222,1010.3057059645652,492.4426120817662,0.8816496729850769
17,13974,1788549044520255555,1010.0821376666428,491.67738595604897,0.8951828479766846
17,13975,1788549044553600000,1009.890593789518,490.71733924746513,0.8895266652107239
17,13976,1788549044586944444,1009.8458949029446,489.05012906342745,0.9075433611869812
17,13977,1788549044620288888,1009.9231261089444,487.2622036933899,0.8996294140815735
17,13978,1788549044653633333,1010.091130129993,483.4443775713444,0.9178192615509032
17,13979,1788549044686977777,1009.9739753492177,482.971030427143,0.9193047285079956
17,13980,1788549044720322222,1010.1030000448228,478.92346663028,0.9212220907211304
17,13981,1788549044753655555,1009.9782599024476,477.1742217540741,0.8719583749771118
17,13982,1788549044787000000,1010.4076474905014,474.2246772348881,0.784950852394104
17,13983,1788549044820344444,1010.3885260820388,474.2343923896551,0.7833772301673889
17,13984,1788549044853688888,1010.2099334299564,474.6200443804264,0.8016144037246704
17,13985,1788549044887033333,1009.8736239224672,474.4451779127121,0.7959471344947815
17,13986,1788549044920377777,1009.579526990652,474.2388350069523,0.7934045195579529
17,13987,1788549044953722222,1009.300335675478,471.7850335389376,0.7587834596633911
17,13988,1788549044987055555,1009.630172908306,467.980893727392,0.7305878400802612
17,13989,1788549045020400000,1009.9351194873452,465.4292650818825,0.6990731954574585
17,13990,1788549045053744444,1010.998449319508,458.0535805411637,0.7280957698822021
17,13991,1788549045087088888,1011.7577691823244,457.02752150036395,0.7228937745094299
17,13992,1788549045120433333,1012.7926578074694,453.6481854915619,0.7311171293258667
17,13993,1788549045153777777,1013.2123966813087,453.6090339422226,0.7492744326591492
17,13994,1788549045187122222,1013.7997932583094,452.8405601233244,0.7754127979278564
17,13995,1788549045220455555,1013.6712214052676,452.5095976293087,0.7829173803329468
17,13996,1788549045253800000,1013.9138638824224,450.71588242053986,0.8040880560874939
17,13997,1788549045287144444,1013.5142423510551,450.5532341599464,0.796522855758667
17,13998,1788549045320488888,1013.3363635241984,450.7381956279278,0.794726550579071
17,13999,1788549045353833333,1013.4419210851192,450.6843745112419,0.7889994382858276
17,14000,1788549045387177777,1014.7387371957302,446.1254489421845,0.7960012555122375
17,14001,1788549045420522222,1015.0674846842884,443.6606502532959,0.8209238648414612
17,14002,1788549045453855555,1015.1310514509678,443.5676282644272,0.8208189010620117
17,14003,1788549045487200000,1015.9607160463928,441.8444028645754,0.7886019945144653
17,14004,1788549045520544444,1016.1793699860572,439.4059649407864,0.7689050436019897
17,14005,1788549045553888888,1016.3500803411008,439.5407504737377,0.7578904628753662
17,14006,1788549045587233333,1016.2118399888276,438.8368949741125,0.6827094554901123
17,14007,1788549045620577777,1016.1750165820122,438.84446373581886,0.683302640914917
17,14008,1788549045653922222,1017.3529909849168,434.41968098282814,0.6819372177124023
17,14009,1788549045687255555,1017.1385590434074,433.83100597560406,0.7210263609886169
17,14010,1788549045720600000,1016.8905057013036,433.6738897562027,0.7225136160850525
17,14011,1788549045753944444,1015.8532067537308,425.0175500940531,0.7799627184867859
17,14012,1788549045787288888,1016.133819937706,423.7567872107029,0.7905644178390503
17,14013,1788549045820633333,1016.6581806838512,423.15486294031143,0.7986633777618408
17,14014,1788549045853977777,1017.03008479625,422.80713456869125,0.8078858852386475
17,14015,1788549045887322222,1017.3373158574104,422.5315820276737,0.8082146048545837
17,14016,1788549045920655555,1017.5378017127514,422.59259298443794,0.8102707862854004
18,14349,1788549057023833333,825.3333333333334,446.6666666666667,1.0
18,14350,1788549057057177777,825.3852624595165,446.6650424301624,0.9796436429023744
18,14351,1788549057090511111,827.2062156796455,447.5552324652672,0.851919949054718
18,14352,1788549057123855555,827.7905394136906,446.85823352634907,0.8503367304801941
18,14353,1788549057157200000,829.5064876079559,447.4398872256279,0.7431986927986145
18,14354,1788549057190544444,829.9815872050822,447.0582650639117,0.7347480058670044
18,14355,1788549057223888888,831.5801938772202,456.3060560524464,0.7256740927696228
18,14356,1788549057257233333,831.4864953756332,456.95764439180493,0.7354068756103516
18,14357,1788549057290577777,832.3512056469917,459.68091401457787,0.7484946846961975
18,14358,1788549057323911111,832.3088958263397,459.95138873532414,0.7581509351730347
18,14359,1788549057357255555,832.3648968040943,459.91683412343264,0.7550840973854065
18,14360,1788549057390600000,833.4339005947113,460.0782631114125,0.7551871538162231
18,14361,1788549057423944444,834.4261410236359,463.7325283586979,0.7196407318115234
18,14362,1788549057457288888,834.7852941453457,463.5068463981152,0.7219626903533936
18,14363,1788549057490633333,837.5120069682598,463.20775260031223,0.7185817360877991
18,14364,1788549057523977777,837.6762120425701,463.1120350509882,0.6954898834228516
18,14365,1788549057557311111,838.1506809592247,469.3447959721088,0.8517040610313416
18,14366,1788549057590655555,837.670587092638,469.6483231186867,0.8445574045181274
18,14367,1788549057624000000,837.3477229773998,471.4867617189884,0.8267961740493774
18,14368,1788549057657344444,836.7091172039509,473.8018230944872,0.9107670783996582
18,14369,1788549057690688888,837.1498748958111,477.0963235795498,0.8557088375091553
18,14370,1788549057724033333,836.6221522688866,477.3045492470264,0.844661295413971
18,14371,1788549057757377777,837.1456540971994,478.5484800338745,0.8638956546783447
18,14372,1788549057790711111,837.6188576519489,479.3521588742733,0.826358437538147
18,14373,1788549057824055555,838.4403919577599,480.0063435654156,0.8239316940307617
18,14374,1788549057857400000,839.3376862704754,480.8354779779911,0.828289270401001
18,14375,1788549057890744444,840.1213545277715,481.60169863700867,0.8158051371574402
18,14376,1788549057924088888,840.9144164994359,483.0388925001025,0.8323814868927002
18,14377,1788549057957433333,840.9428458064795,484.2630808055401,0.8255487084388733
18,14378,1788549057990777777,841.1241007968783,485.586500287056,0.8407479524612427
18,14379,1788549058024111111,840.9786900561303,486.5304506421089,0.8496565818786621
18,14380,1788549058057455555,841.6191595196724,487.4743481278419,0.848892092704773
18,14381,1788549058090800000,841.7991964817047,488.192177683115,0.8449074625968933
18,14382,1788549058124144444,842.6663204729557,489.367213100195,0.8427891731262207
18,14383,1788549058157488888,843.0975430086255,490.4417411386966,0.8335341811180115
18,14384,1788549058190833333,843.5463703274727,491.29929953813553,0.8141669631004333
18,14385,1788549058224177777,844.1230486929417,492.92398765683174,0.826414942741394
18,14386,1788549058257511111,844.248881816864,494.1257940530777,0.8127354383468628
18,14387,1788549058290855555,844.7348870038986,495.6897383034229,0.8250707387924194
18,14388,1788549058324200000,844.7290440201759,496.6091904640198,0.8094398379325867
18,14389,1788549058357544444,845.0680151358247,498.3339793086052,0.8331005573272705
18,14390,1788549058390888888,845.1574106812477,499.8218670487404,0.8147101998329163
18,14391,1788549058424233333,846.0020658266731,502.3355934917927,0.8016091585159302
18,14392,1788549058457577777,846.0579126216471,502.2759585380554,0.7945519089698792
18,14393,1788549058490911111,847.3627933859825,504.5689377784729,0.7987418174743652
18,14394,1788549058524255555,848.0031550598796,504.17901358008385,0.796258807182312
18,14395,1788549058557600000,849.5950101017952,506.0250148270279,0.796021044254303
18,14396,1788549058590944444,850.4048546552658,506.43786630034447,0.7994308471679688
18,14397,1788549058624288888,850.5159939527512,506.93493443727493,0.7812248468399048
18,14398,1788549058657633333,850.6822683513165,506.857433244586,0.7926641702651978
18,14399,1788549058690977777,852.3669970333576,509.440177321434,0.7919037342071533
18,14400,1788549058724311111,853.694004535675,511.4486212134361,0.7974216341972351
18,14401,1788549058757655555,854.9402091316879,513.0861616656184,0.8266893625259399
18,14402,1788549058791000000,855.3163833320141,513.66997808218,0.8158817291259766
18,14403,1788549058824344444,856.6095622777939,514.8982496410608,0.8266559839248657
18,14404,1788549058857688888,856.7942987680435,515.3413840532303,0.8115314245223999
18,14405,1788549058891033333,857.6229402422905,515.980988226831,0.8186660408973694
18,14406,1788549058924366666,858.1891679465771,516.4486092925072,0.8192182779312134
18,14407,1788549058957711111,859.4293636679649,518.1736360192299,0.8247827291488647
18,14408,1788549058991055555,859.6456549465656,517.5851284563541,0.8195842504501343
18,14409,1788549059024400000,860.6418119072914,518.0144932717085,0.8060311079025269
18,14410,1788549059057744444,861.260422796011,518.1716053038836,0.7667229175567627
18,14411,1788549059091088888,862.0655105859041,518.3877993226051,0.6881502270698547
18,14412,1788549059124433333,862.2770088016987,517.998609463335,0.6817681789398193
18,14413,1788549059157766666,863.1346280127764,517.8128061294556,0.6319708824157715
18,14414,1788549059191111111,863.7743580490351,517.1472561508417,0.6232117414474487
18,14415,1788549059224455555,865.1826171576977,515.86080545187,0.6787490248680115
18,14416,1788549059257800000,865.5131812393665,515.3071719706059,0.6987856030464172
18,14417,1788549059291144444,865.7057456076145,514.5545639097691,0.7517183423042297
18,14418,1788549059324488888,865.6842138171196,514.6976746320724,0.7670224905014038
18,14419,1788549059357833333,865.533873051405,514.0866470038891,0.7368283867835999
18,14420,1788549059391166666,865.3760966658592,514.0029679958243,0.7429123520851135
18,14421,1788549059424511111,865.9697372168303,510.8299706876278,0.7360474467277527
18,14422,1788549059457855555,866.3501980304718,509.3979046344757,0.732205331325531
18,14423,1788549059491200000,866.642043620348,508.7132386267185,0.7320042252540588
18,14424,1788549059524544444,867.0241821501404,505.90857838094234,0.7201187610626221
18,14425,1788549059557888888,867.1179534569383,505.9815749786794,0.727837085723877
18,14426,1788549059591233333,867.1097837015986,504.20670445263386,0.744583785533905
18,14427,1788549059624566666,866.907987266779,501.24713638424873,0.749744176864624
18,14428,1788549059657911111,866.4470359385014,500.3722360730171,0.7154152989387512
18,14429,1788549059691255555,866.1488461792469,498.40194749832153,0.7360616326332092
18,14430,1788549059724600000,865.6892668604851,497.3597040474415,0.7290408611297607
18,14431,1788549059757944444,865.2434162348509,496.2395335137844,0.7132014632225037
18,14432,1788549059791288888,864.848638266325,494.1231067031622,0.7320113182067871
18,14433,1788549059824633333,865.0424990355968,492.4707346260547,0.710578441619873
18,14434,1788549059857966666,864.9456440731883,490.406335502863,0.7423717379570007
18,14435,1788549059891311111,865.2197266072035,488.47677621245384,0.7097272872924805
18,14436,1788549059924655555,865.2486051619053,486.6375909745693,0.750458300113678
18,14437,1788549059958000000,865.42466750741,485.6802608072758,0.725990891456604
18,14438,1788549059991344444,865.4692842364311,484.1352045685053,0.7470691800117493
18,14439,1788549060024688888,865.2238476723433,482.22655043005943,0.7627856731414795
18,14440,1788549060058033333,864.9624739848077,481.0149070592597,0.7385404706001282
18,14441,1788549060091366666,864.7262924313545,481.174205288291,0.738760232925415
18,14442,1788549060124711111,864.6471072435379,481.1746226400137,0.7388501763343811
18,14443,1788549060158055555,864.6909627616405,480.83548337221146,0.7424739599227905
18,14444,1788549060191400000,864.794755846262,476.9204309508205,0.7438653111457825
18,14445,1788549060224744444,864.8743942081928,476.3792319595814,0.7492446303367615
18,14446,1788549060258088888,865.3763250112534,469.821439281106,0.7489729523658752
18,14447,1788549060291433333,865.2751682400703,469.8283679783344,0.7499039173126221
18,14448,1788549060324766666,865.3412461578846,468.2437316477299,0.7568007707595825
18,14449,1788549060358111111,865.2533311545849,465.3843787610531,0.7964356541633606
18,14450,1788549060391455555,864.9893104145303,465.0723919123411,0.8060222268104553
18,14451,1788549060424800000,864.9890577476472,462.35008081793785,0.8773687481880188
18,14452,1788549060458144444,864.6994762122631,459.6199393570423,0.8532252907752991
18,14453,1788549060491488888,864.7578497827053,457.5439429581166,0.8852587938308716
18,14454,1788549060524833333,864.939069531858,455.3767533004284,0.8991788625717163
18,14455,1788549060558166666,865.0580402836204,453.2964870631695,0.8791660666465759
18,14456,1788549060591511111,865.558360606432,451.2585888504982,0.8794273138046265
18,14457,1788549060624855555,865.8813694864511,449.1168825402856,0.8588966727256775
18,14458,1788549060658200000,866.0533796809614,448.5774738788605,0.8540788888931274
18,14459,1788549060691544444,866.6716627776623,445.11585485190153,0.8375781774520874
18,14460,1788549060724888888,866.9522544816136,443.2436450570822,0.8413504362106323
18,14461,1788549060758233333,866.6929115653038,441.5937319099903,0.813966691493988
18,14462,1788549060791566666,866.5434858500957,438.5345690846443,0.813991904258728
18,14463,1788549060824911111,866.3073672652245,437.9566656202078,0.8140878677368164
18,14464,1788549060858255555,866.7220429182053,434.5928390622139,0.8133199214935303
18,14465,1788549060891600000,866.9889787640423,433.7996309250593,0.8124695420265198
18,14466,1788549060924944444,867.8450222164392,430.3617838025093,0.8140552043914795
18,14467,1788549060958288888,868.1452083587646,429.6514985859394,0.8091685771942139
18,14468,1788549060991633333,868.5916480123997,427.51717805862427,0.8172267079353333
18,14469,1788549061024966666,869.0326763279736,426.04651468619704,0.8390766978263855
18,14470,1788549061058311111,869.1625171154737,424.5496144890785,0.8161832094192505
18,14471,1788549061091655555,869.187770113349,424.537575930357,0.8082147836685181
18,14472,1788549061125000000,869.3924742639065,424.4614550769329,0.8025026321411133
18,14473,1788549061158344444,869.6211924254894,422.6419483721256,0.8141810297966003
18,14474,1788549061191688888,869.8127472698689,420.4163719713688,0.802874743938446
18,14475,1788549061225033333,869.9472296014428,418.1483001112938,0.7931904196739197
18,14476,1788549061258366666,870.3176880478859,413.1091613173485,0.7987427711486816
18,14477,1788549061291711111,870.431587845087,412.9231067597866,0.7982498407363892
18,14478,1788549061325055555,871.1732615679502,409.28014343976974,0.8306837677955627
18,14479,1788549061358400000,871.5073488950729,408.69902819395065,0.8254396319389343
18,14480,1788549061391744444,872.0931029319763,405.5839561522007,0.8317909240722656
18,14481,1788549061425088888,872.2383821606636,405.34832045435905,0.8208798766136169
18,14482,1788549061458433333,872.3735974431038,402.3898267447949,0.8256986141204834
18,14483,1788549061491766666,871.8792138323188,402.40340185165405,0.8176431059837341
18,14484,1788549061525111111,871.2877589762211,399.83776897192,0.8145209550857544
18,14485,1788549061558455555,870.994550104253,399.45978823304176,0.8106288909912109
18,14486,1788549061591800000,871.2238189280033,396.6629630327225,0.8238008618354797
18,14487,1788549061625144444,871.2551206350327,396.2582686841488,0.8194365501403809
18,14488,1788549061658488888,871.6976948082447,394.314600110054,0.818385124206543
18,14489,1788549061691833333,871.7493696212769,392.74048694968224,0.8251120448112488
18,14490,1788549061725166666,871.477353155613,390.68081453442574,0.7961928844451904
18,14491,1788549061758511111,871.3998158872128,389.29799899458885,0.8292064666748047
18,14492,1788549061791855555,871.0359490215778,387.05271201208234,0.8112162947654724
18,14493,1788549061825200000,870.591799736023,387.22761414945126,0.8001190423965454
18,14494,1788549061858544444,870.2591762542725,387.2253031730652,0.8141193985939026
18,14495,1788549061891888888,869.7569113820791,387.3711281120777,0.8137591481208801
18,14496,1788549061925233333,869.6837387084961,383.4475073516369,0.7965396046638489
18,14497,1788549061958566666,869.0030892619397,382.75907093286514,0.8054587244987488
18,14498,1788549061991911111,868.572274595499,382.7080273628235,0.8008577823638916
18,14499,1788549062025255555,869.3671451807022,377.1727084070444,0.7515751123428345
18,14500,1788549062058600000,869.3255774974823,376.5035054683686,0.7329098582267761
18,14501,1788549062091944444,869.5560300052166,373.56747755408287,0.7201083302497864
18,14502,1788549062125288888,869.8537088185549,373.0302454587072,0.7124427556991577
18,14503,1788549062158633333,870.0735539495945,369.4791840016842,0.7275353670120239
18,14504,1788549062191966666,870.4154984354973,367.6802949309349,0.726980984210968
18,14505,1788549062225311111,870.3089548945427,365.407202988863,0.7316251397132874
18,14506,1788549062258655555,869.9701838660985,365.6489703655243,0.728247880935669
18,14507,1788549062292000000,869.2705515027046,362.57827097177505,0.7560176253318787
18,14508,1788549062325344444,869.5369458496571,361.2468731403351,0.7777572870254517
18,14509,1788549062358688888,869.9286891072989,358.2328354418278,0.8002994656562805
18,14510,1788549062392033333,870.2258188724518,357.2785045802593,0.7994458079338074
18,14511,1788549062425366666,870.3830735087395,356.10869961977005,0.7956960201263428
18,14512,1788549062458711111,870.568411231041,353.20795714855194,0.8084721565246582
18,14513,1788549062492055555,870.2540802657604,353.1317428946495,0.7929486632347107
18,14514,1788549062525400000,870.1918261051178,350.74331763386726,0.817727267742157
18,14515,1788549062558744444,869.9740548841655,350.4221602976322,0.7896652817726135
18,14516,1788549062592088888,870.0314950197935,349.42361921072006,0.8127566576004028
18,14517,1788549062625433333,869.9035404771566,347.4606949687004,0.791850209236145
18,14518,1788549062658766666,869.4571915864944,344.5783824622631,0.8026682138442993
18,14519,1788549062692111111,869.0350103527308,343.98735544271767,0.7925039529800415
18,14520,1788549062725455555,868.6650314927101,341.15747714042664,0.813625156879425
18,14521,1788549062758800000,868.2361665815115,339.98202396743,0.8102602362632751
18,14522,1788549062792144444,868.5387469828129,338.21843357384205,0.796902060508728
18,14523,1788549062825488888,868.702292829752,336.7693031579256,0.820626437664032
18,14524,1788549062858833333,869.1879360377789,333.86757658421993,0.7981948256492615
18,14525,1788549062892166666,869.7204344272614,332.2482349127531,0.8166161775588989
18,14526,1788549062925511111,869.6886773705482,329.56169551610947,0.7874881029129028
18,14527,1788549062958855555,870.0486137270927,328.2722035944462,0.8120384812355042
18,14528,1788549062992200000,869.9507926553488,325.98215535096824,0.8027242422103882
18,14529,1788549063025544444,869.8737690001726,325.8115066885948,0.794708251953125
18,14530,1788549063058888888,869.7219036519527,325.51636320352554,0.7879740595817566
18,14531,1788549063092233333,869.8967462331057,325.49115723371506,0.7890830636024475
18,14532,1788549063125566666,870.0113835046068,321.9513579495251,0.7969835996627808
18,14533,1788549063158911111,870.1597372442484,320.21335300803185,0.7567614316940308
18,14534,1788549063192255555,870.6604110002518,315.48639938235283,0.7959081530570984
18,14535,1788549063225600000,871.4434279501438,313.17671094834805,0.772866427898407
18,14536,1788549063258944444,872.3122798204422,312.0918167233467,0.8135789632797241
18,14537,1788549063292288888,873.201117798686,309.2511260509491,0.8562583327293396
18,14538,1788549063325633333,873.7557017058134,308.68571814894676,0.870383083820343
18,14539,1788549063358966666,874.1007761284709,306.034919783473,0.8263126611709595
18,14540,1788549063392311111,874.3656254410744,306.41743713617325,0.8287145495414734
18,14541,1788549063425655555,874.3554258644581,306.5196711421013,0.8014368414878845
18,14542,1788549063459000000,874.5898039340973,305.71184182167053,0.82475346326828
18,14543,1788549063492344444,874.9126653671265,302.75290532410145,0.8062650561332703
18,14544,1788549063525688888,874.9593752734363,303.0697713419795,0.8198484182357788
18,14545,1788549063559033333,874.8917404189706,302.67863461375237,0.8362830281257629
18,14546,1788549063592366666,874.8474480211735,300.96067118644714,0.8331877589225769
18,14547,1788549063625711111,874.9594012014568,300.6696395576,0.7967816591262817
18,14548,1788549063659055555,875.0377758480608,300.8636584728956,0.7939450740814209
18,14549,1788549063692400000,875.316802084446,300.8865849226713,0.7943281531333923
18,14550,1788549063725744444,875.6914674043655,297.3689414858818,0.8126643300056458
18,14551,1788549063759088888,876.0342981889844,295.3482542037964,0.7896501421928406
18,14552,1788549063792433333,876.1851492226124,292.06883223354816,0.8085618615150452
18,14553,1788549063825766666,876.2864805161953,289.8679694980383,0.7636961340904236
18,14554,1788549063859111111,876.3703605234623,291.01773121766746,0.7822669148445129
18,14555,1788549063892455555,876.7698190510273,292.3191074728966,0.8032469153404236
18,14556,1788549063925800000,876.8127807974815,293.01289957854897,0.8046047687530518
18,14557,1788549063959144444,877.6686423122883,294.71572148799896,0.7447816133499146
18,14558,1788549063992488888,877.99260817701,294.94310938194394,0.736510157585144
18,14559,1788549064025833333,878.8214214295149,296.28499218821526,0.7059201598167419
18,14560,1788549064059166666,880.7197497189045,298.9222244024277,0.747676432132721
18,14561,1788549064092511111,881.2203440070152,299.74654203653336,0.7566900849342346
18,14562,1788549064125855555,882.1269698888063,301.012591551058,0.7875373959541321
18,14563,1788549064159200000,882.3393734395504,302.02928893081844,0.7813642621040344
18,14564,1788549064192544444,883.2993800640106,303.97760257683694,0.7886637449264526
18,14565,1788549064225888888,884.0776359811425,306.00983544345945,0.8006603717803955
18,14566,1788549064259233333,884.5765811502934,308.26091703772545,0.787529468536377
18,14567,1788549064292566666,884.7084255814552,309.2539542019367,0.799229621887207
18,14568,1788549064325911111,885.2904462814331,311.35879597067833,0.7898179292678833
18,14569,1788549064359255555,885.8299323618412,312.2839677929878,0.792630672454834
18,14570,1788549064392600000,886.8508642315865,314.36428689956665,0.7749205231666565
18,14571,1788549064425944444,887.5611127912998,315.2458638250828,0.7445407509803772
18,14572,1788549064459288888,888.4707991182804,315.84848004579544,0.7265454530715942
18,14573,1788549064492633333,889.234106451273,316.4138188660145,0.7657661437988281
18,14574,1788549064525966666,889.791764497757,316.9931754190475,0.7291250228881836
18,14575,1788549064559311111,891.0333698876202,319.51395532488823,0.7885597944259644
18,14576,1788549064592655555,891.2492901235819,320.1566853970289,0.7678643465042114
18,14577,1788549064626000000,892.2057788074017,322.99288218608126,0.7980088591575623
18,14578,1788549064659344444,892.8135554492474,325.0302397031337,0.7895180583000183
18,14579,1788549064692688888,893.4062983989716,327.2461311072111,0.7966154217720032
18,14580,1788549064726033333,893.4432386159897,328.86044174432755,0.7909149527549744
18,14581,1788549064759366666,893.8131414204836,330.61400815844536,0.7925577759742737
18,14582,1788549064792711111,894.1862132698298,331.8456265926361,0.8151721358299255
18,14583,1788549064826055555,894.1425238251686,331.62899979949,0.8082078695297241
18,14584,1788549064859400000,895.3339193165302,333.2644230425358,0.8066651225090027
18,14585,1788549064892744444,895.5758340358734,333.0560364499688,0.8006097078323364
18,14586,1788549064926088888,895.5225741863251,332.6475563645363,0.7954883575439453
18,14587,1788549064959433333,895.5796161293983,332.51243513822556,0.7944552302360535
18,14588,1788549064992766666,896.3701604902744,335.0969638004899,0.7490837574005127
18,14589,1788549065026111111,897.7514428645372,339.3266285061836,0.7200832962989807
18,14590,1788549065059455555,897.4384351968765,339.2187200188637,0.7177102565765381
18,14591,1788549065092800000,899.0611232742667,343.78614088892937,0.7917706370353699
18,14592,1788549065126144444,898.8319444060326,344.21479846537113,0.7822974920272827
18,14593,1788549065159488888,899.8196448683739,347.09612918645144,0.828851044178009
18,14594,1788549065192833333,899.6026581227779,347.254606962204,0.8253781795501709
18,14595,1788549065226166666,899.7489106059074,347.45719820261,0.8379781246185303
18,14596,1788549065259511111,900.1874977946281,348.1425061672926,0.879427433013916
18,14597,1788549065292855555,902.2732317745686,351.3759394586086,0.8705775737762451
18,14598,1788549065326200000,902.748004257679,351.42814061045647,0.8571536540985107
18,14599,1788549065359544444,903.8247855603696,352.1769555360079,0.8367034196853638
18,14600,1788549065392888888,905.4594209194184,354.84522737562656,0.8341267108917236
18,14601,1788549065426233333,905.6763337850572,355.02304134890437,0.8196032047271729
18,14602,1788549065459566666,906.329656213522,356.33830070495605,0.8475176095962524
18,14603,1788549065492911111,906.7615233957767,358.294495254755,0.8075233697891235
18,14604,1788549065526255555,906.5382022559644,358.33548775315285,0.8001139760017395
18,14605,1788549065559600000,907.6534146368504,360.9141668751836,0.8252304792404175
18,14606,1788549065592944444,907.8710754811764,361.0973857343197,0.8127895593643188
18,14607,1788549065626288888,909.6153375208378,363.6669748723507,0.8166326880455017
18,14608,1788549065659633333,911.328207731247,366.3713744878769,0.816749095916748
18,14609,1788549065692966666,911.8082707971334,366.4670980572701,0.8065629601478577
18,14610,1788549065726311111,912.6888271868228,367.92408296465874,0.8258032202720642
18,14611,1788549065759655555,913.4861500263214,369.80324126780033,0.806450366973877
18,14612,1788549065793000000,914.1273953914642,371.71902644634247,0.8393719792366028
18,14613,1788549065826344444,914.1316060423852,373.8321057111025,0.8035709857940674
18,14614,1788549065859688888,914.3000831007956,375.6542102396488,0.8310510516166687
18,14615,1788549065893033333,915.204735800624,378.8491648584604,0.8459490537643433
18,14616,1788549065926366666,915.2296502739192,380.42561373114586,0.8184823989868164
18,14617,1788549065959711111,914.7107899188996,380.4742543697357,0.8080087304115295
18,14618,1788549065993055555,915.1452293395996,382.0254081841558,0.8125778436660767
18,14619,1788549066026400000,915.0828530862927,382.09663232415915,0.8095361590385437
18,14620,1788549066059744444,916.136615112424,384.2111157923937,0.822451114654541
18,14621,1788549066093088888,916.0595696605742,383.85994189977646,0.8140267133712769
18,14622,1788549066126433333,915.9132554531096,383.2135861068964,0.8090906739234924
18,14623,1788549066159766666,915.614913970232,382.9025919288397,0.8028750419616699
18,14624,1788549066193111111,917.8603595644236,388.35145780444145,0.8901512622833252
18,14625,1788549066226455555,917.1123702004552,388.84845973551273,0.8901174664497375
18,14626,1788549066259800000,918.1949906796216,391.3709538280964,0.8570874929428101
18,14627,1788549066293144444,918.63925203681,394.6879065334797,0.8163533210754395
18,14628,1788549066326488888,919.8825503662227,397.8377352654934,0.8144445419311523
18,14629,1788549066359833333,919.9449139870704,397.56996235251427,0.8028540015220642
18,14630,1788549066393166666,921.1337149888276,399.16834162175655,0.7855591773986816
18,14631,1788549066426511111,922.0133123761044,401.1623111665249,0.7664685249328613
18,14632,1788549066459855555,922.9101775214076,401.21145087480545,0.7092558741569519
18,14633,1788549066493200000,922.9181783497334,400.81354792416096,0.6800438761711121
18,14634,1788549066526544444,923.4179269969464,403.1988895833492,0.7777860760688782
18,14635,1788549066559888888,923.8107753545046,403.4894769191742,0.7673446536064148
18,14636,1788549066593233333,923.645574837923,403.24223214387894,0.7688035368919373
18,14637,1788549066626566666,923.3844400942326,403.1821327358484,0.7710538506507874
18,14638,1788549066659911111,924.4447871148586,406.52241906523705,0.7395069599151611
18,14639,1788549066693255555,924.3590221405028,406.35101732611656,0.729526698589325
18,14640,1788549066726600000,925.979688791558,410.8642670661211,0.7820512056350708
18,14641,1788549066759944444,927.0850109010936,412.1845707595349,0.7943331003189087
18,14642,1788549066793288888,927.718365430832,412.7633402645588,0.8022640943527222
18,14643,1788549066826633333,928.2752424478532,413.07213532179594,0.8066570162773132
18,14644,1788549066859966666,929.328907608986,414.38172420859337,0.8083407878875732
18,14645,1788549066893311111,930.1129977852106,415.8177026361227,0.8043956160545349
18,14646,1788549066926655555,930.98831275478,417.82089422643185,0.8050262928009033
18,14647,1788549066960000000,931.4586428403854,419.5510708093643,0.7786417007446289
18,14648,1788549066993344444,931.6955543458462,423.9455406069755,0.697277843952179
18,14649,1788549067026688888,931.4868821501732,425.0877318531275,0.6944201588630676
18,14650,1788549067060033333,932.4596593677998,427.4004360735416,0.7476164698600769
18,14651,1788549067093366666,933.4546215832232,428.11953388154507,0.7725425362586975
18,14652,1788549067126711111,933.8862726390362,428.6606720983982,0.7967888712882996
18,14653,1788549067160055555,935.3006637394428,429.8577362746,0.8118935823440552
18,14654,1788549067193400000,935.9170892685652,431.0973590686918,0.8018408417701721
18,14655,1788549067226744444,937.045340899378,432.52808967232704,0.8125861883163452
18,14656,1788549067260088888,937.4455522596836,433.6238708794117,0.8013572692871094
18,14657,1788549067293433333,937.768351778388,434.6701231002808,0.8082703351974487
18,14658,1788549067326766666,937.7832847237588,434.55335572361946,0.8115598559379578
18,14659,1788549067360111111,938.6155070960522,437.26696613430977,0.8269510269165039
18,14660,1788549067393455555,939.219922438264,439.2936547100544,0.8439428806304932
18,14661,1788549067426800000,939.327132165432,440.31010165810585,0.8211648464202881
18,14662,1788549067460144444,940.2382318228484,442.043635442853,0.853898823261261
18,14663,1788549067493488888,940.6120691001416,442.925945661962,0.8233610987663269
18,14664,1788549067526833333,941.495706409216,444.06623854488134,0.8476892709732056
18,14665,1788549067560166666,942.1935878396034,444.9080592468381,0.8077532649040222
18,14666,1788549067593511111,943.6964260935785,448.42173689603806,0.7595909237861633
18,14667,1788549067626855555,944.3058033585548,448.2186470478773,0.7659541964530945
18,14668,1788549067660200000,945.2620010972024,449.1970755457878,0.7293480038642883
18,14669,1788549067693544444,945.4091123342514,450.1798199117184,0.7301820516586304
18,14670,1788549067726888888,946.036892838776,453.23512402176857,0.7176831364631653
18,14671,1788549067760233333,945.955008879304,453.439800709486,0.7119797468185425
18,14672,1788549067793566666,946.1895611137152,453.5047592818737,0.7100858092308044
18,14673,1788549067826911111,947.052460551262,455.7191926538944,0.7024670243263245
18,14674,1788549067860255555,949.1949330419302,459.9244723394513,0.757580041885376
18,14675,1788549067893600000,949.6763766407968,460.0106783937663,0.754130482673645
18,14676,1788549067926944444,950.7136247754096,461.11603624373674,0.7529780864715576
18,14677,1788549067960288888,952.7646969258784,465.405277788639,0.786074697971344
18,14678,1788549067993633333,952.7632310539484,466.2480925023556,0.7849158644676208
18,14679,1788549068026966666,953.0805935636164,468.5279591977596,0.7857824563980103
18,14680,1788549068060311111,953.6592563092707,473.1169138327241,0.8674384951591492
18,14681,1788549068093655555,953.5974483788012,474.8120173215866,0.8753121495246887
18,14682,1788549068127000000,953.596401423216,476.5265156328678,0.820494532585144
18,14683,1788549068160344444,953.8694249391556,480.1017296612263,0.7464044690132141
18,14684,1788549068193688888,953.428510516882,482.3362073600292,0.7492993474006653
18,14685,1788549068227033333,953.3960708677768,484.7594329863786,0.7699546813964844
18,14686,1788549068260366666,952.628312766552,486.0400808379054,0.7818106412887573
18,14687,1788549068293711111,952.4596355557442,488.2657707333565,0.7563611268997192
18,14688,1788549068327055555,952.641268402338,490.64943796396255,0.7243704199790955
18,14689,1788549068360400000,952.0443490445614,492.15043982863426,0.6981282830238342
18,14690,1788549068393744444,951.174408942461,494.36551627516747,0.6841396689414978
18,14691,1788549068427088888,949.6020825505256,495.9999288816907,0.6608366370201111
18,14692,1788549068460433333,948.4398944973946,496.8264541774988,0.6666392087936401
18,14693,1788549068493766666,947.5,497.5,0.5670317959785461
18,14694,1788549068527111111,947.2027885466814,498.94803373888135,0.6561899185180664
18,14695,1788549068560455555,946.7004956901072,499.0415878146887,0.7014002799987793
18,14696,1788549068593800000,947.57855245471,498.9047446101904,0.7148141264915466
18,14697,1788549068627144444,948.0613403879106,499.0223765261471,0.7201306819915771
18,14698,1788549068660488888,949.407210469246,499.51968988776207,0.7420359253883362
18,14699,1788549068693833333,950.089517004788,501.2650683820248,0.7346904873847961
18,14700,1788549068727166666,951.0019348408096,500.77475067973137,0.7720355987548828
18,14701,1788549068760511111,951.4031755030156,502.5341275036335,0.7881287932395935
18,14702,1788549068793855555,952.0031662040856,505.1485342830419,0.8057337403297424
18,14703,1788549068827200000,952.5977374911308,509.4069964289665,0.8021665811538696
18,14704,1788549068860544444,954.0380630008876,512.6445352137089,0.8021034598350525
18,14705,1788549068893888888,955.8001477122308,518.4130578935146,0.7940114140510559
18,14706,1788549068927233333,958.0631409212948,526.4052644968033,0.7639325261116028
18,14707,1788549068960566666,959.7654810845852,538.3324020206928,0.7643829584121704
18,14708,1788549068993911111,961.651976764202,553.4979319274426,0.724976658821106
18,14709,1788549069027255555,963.7660446465017,566.7773012965918,0.737572968006134
18,14710,1788549069060600000,965.0668357014656,584.9048035815358,0.7176772952079773
18,14711,1788549069093944444,966.670732408762,601.1388608217239,0.7185947299003601
18,14712,1788549069127288888,967.7921134978532,617.539219558239,0.7245715260505676
18,14713,1788549069160633333,969.586950480938,629.4128869473934,0.7513218522071838
18,14714,1788549069193966666,970.3637762963772,643.1329125612974,0.7404911518096924
18,14715,1788549069227311111,971.724580436945,652.0869218409061,0.7795496582984924
18,14716,1788549069260655555,972.6062278151512,661.2164551764727,0.7840197682380676
18,14717,1788549069294000000,973.8667315244676,667.5059685707092,0.7741371393203735
18,14718,1788549069327344444,974.6164975762368,672.9935121410526,0.7317202091217041
18,14719,1788549069360688888,974.7564587891102,678.8560657650232,0.7341616153717041
18,14720,1788549069394033333,975.0350522696972,682.9523446783423,0.7598497867584229
18,14721,1788549069427366666,975.4345732331276,686.4897259473801,0.7288768887519836
18,14722,1788549069460711111,975.90758574754,689.5002981424332,0.7329930663108826
18,14723,1788549069494055555,978.2633692920208,687.4688290655613,0.7356991767883301
18,14724,1788549069527400000,979.385978192091,687.714998036623,0.726497232913971
18,14725,1788549069560744444,979.9132300242782,687.9269663691521,0.7271609306335449
18,14726,1788549069594088888,981.2650002241136,683.6552078425884,0.7582581639289856
18,14727,1788549069627433333,982.1112775728106,679.0455914847553,0.7625909447669983
18,14728,1788549069660766666,982.0576924309134,676.8882771059871,0.768135130405426
18,14729,1788549069694111111,983.8769374638796,669.3229013681412,0.8094062805175781
18,14730,1788549069727455555,984.6111706793308,665.1022232025862,0.8564913868904114
18,14731,1788549069760800000,985.0310382582248,661.6399275660515,0.8714525103569031
18,14732,1788549069794144444,984.887663051486,659.3843676745892,0.8214564323425293
18,14733,1788549069827488888,986.1035573333502,654.8731615692377,0.7674793601036072
18,14734,1788549069860833333,986.5496252477168,652.647692233324,0.7465353012084961
18,14735,1788549069894166666,986.4912235736848,652.4281140565872,0.7402480244636536
18,14736,1788549069927511111,986.39965736866,651.9515256918967,0.7439693808555603
18,14737,1788549069960855555,987.5775943100452,647.6842687726021,0.7254033088684082
18,14738,1788549069994200000,988.8554603755474,643.3689289987087,0.6793529391288757
18,14739,1788549070027544444,990.014951692894,639.1455087214708,0.6993866562843323
18,14740,1788549070060888888,991.9429782629012,635.3863470554352,0.683805525302887
18,14741,1788549070094233333,992.6555095016956,634.2940055727959,0.6766682267189026
18,14742,1788549070127566666,993.4243379235268,632.9375070109963,0.6762412190437317
18,14743,1788549070160911111,994.1024720817804,628.9522875696421,0.7494897842407227
18,14744,1788549070194255555,995.1541141271592,626.2352160066366,0.7739646434783936
18,14745,1788549070227600000,995.5849545896052,625.1152198389173,0.7741488218307495
18,14746,1788549070260944444,995.8907357156276,623.5009839832783,0.7329022884368896
18,14747,1788549070294288888,996.347540318966,622.1319526433945,0.706726610660553
18,14748,1788549070327622222,997.8267946094276,620.0933313593268,0.6880888342857361
18,14749,1788549070360966666,998.2684301733972,619.8317508399487,0.6768820285797119
18,14750,1788549070394311111,999.929371148348,616.9732352271676,0.6724047064781189
18,14751,1788549070427655555,999.4737193882464,616.150810688734,0.6675038933753967
18,14752,1788549070461000000,1000.8948386088014,615.9979402252939,0.637384295463562
18,14753,1788549070494344444,1001.5441060960292,613.9500435329974,0.6339949369430542
18,14754,1788549070527688888,1002.1811841130256,613.7559209614992,0.6327281594276428
18,14755,1788549070561033333,1003.003550272202,612.3159847557545,0.6306371092796326
18,14756,1788549070594366666,1005.1827853024006,606.8931617364287,0.6203809976577759
18,14757,1788549070627711111,1005.975446620956,605.6069844663143,0.6665844321250916
18,14758,1788549070661055555,1005.9434168674052,605.8910484835505,0.6762368679046631
18,14759,1788549070694400000,1006.2516704797744,605.6353670656681,0.7032861709594727
18,14760,1788549070727744444,1006.517207443714,603.4478953182697,0.7651259899139404
18,14761,1788549070761088888,1007.045748565346,601.9334158152342,0.7602909803390503
18,14762,1788549070794422222,1008.3019221127032,599.9515758343041,0.7653912305831909
18,14763,1788549070827766666,1008.5550088584424,598.1370564848185,0.7265243530273438
18,14764,1788549070861111111,1008.8799078539014,598.0652933493257,0.739280641078949
18,14765,1788549070894455555,1009.1303488761188,598.0715888217092,0.7399533987045288
18,14766,1788549070927800000,1009.254417270422,598.0645624175668,0.7338295578956604
18,14767,1788549070961144444,1009.2582239508628,598.1088785007596,0.7309864163398743
19,15220,1788549086065455555,910.6666666666666,542.6666666666666,1.0
19,15221,1788549086098800000,910.7048088014126,545.6954728662968,0.9900786876678468
19,15222,1788549086132133333,910.548168092966,549.6774390041828,0.98598450422287
19,15223,1788549086165477777,910.1243262961508,550.8664501905441,0.9893208146095276
19,15224,1788549086198822222,909.9044619649648,554.3958755731583,0.9885334968566896
19,15225,1788549086232166666,909.076489277184,555.2490918040276,0.9918384552001952
19,15226,1788549086265511111,907.831096291542,555.0220423303545,0.9910017848014832
19,15227,1788549086298855555,906.7280161380768,555.1278949230909,0.9911605715751648
19,15228,1788549086332200000,906.0141559662296,555.7636492401361,0.9921466708183287
19,15229,1788549086365533333,905.7982089221478,556.8460471332073,0.9912616014480592
19,15230,1788549086398877777,907.1614589244128,568.4598858952522,0.9505944848060608
19,15231,1788549086432222222,908.2621067762376,575.9882825668901,0.8681830763816833
19,15232,1788549086465566666,909.1976180672646,582.0276656094939,0.9879127740859984
19,15233,1788549086498911111,909.3106231093408,583.8844740986824,0.981372892856598
19,15234,1788549086532255555,909.2861848473548,587.0533554032445,0.9874098896980286
19,15235,1788549086565600000,909.2410581111908,589.2612082362175,0.9871965646743774
19,15236,1788549086598933333,909.0486170277,589.5078708231449,0.9857662320137024
19,15237,1788549086632277777,909.5810307860374,595.1731461137533,0.9822595119476318
19,15238,1788549086665622222,909.3956000506878,596.1162973493338,0.9826528429985046
19,15239,1788549086698966666,909.4007598161696,600.4459848105907,0.9791380167007446
19,15240,1788549086732311111,908.9478425197304,600.9604104347527,0.9870256185531616
19,15241,1788549086765655555,909.2272941470146,606.1256938278675,0.9811941981315612
19,15242,1788549086799000000,909.6338640451432,606.6904580295086,0.9810954928398132
19,15243,1788549086832333333,911.1395211219788,611.8765308111906,0.9834731221199036
19,15244,1788549086865677777,912.4142324626446,613.9813353698701,0.9843558073043824
19,15245,1788549086899022222,913.59733787179,615.7934524863958,0.9788142442703248
19,15246,1788549086932366666,914.4031355679036,615.8842350244522,0.9857602715492249
19,15247,1788549086965711111,914.9775821175426,616.9322899654508,0.9818070530891418
19,15248,1788549086999055555,915.6146259903908,619.3165774941444,0.9773663282394408
19,15249,1788549087032400000,916.703220576048,622.5450824797153,0.9797950983047484
19,15250,1788549087065733333,918.1995003670454,627.7762670516968,0.9573074579238892
19,15251,1788549087099077777,919.279559224844,628.4109085798264,0.9597461223602296
19,15252,1788549087132422222,920.8424962460996,631.837874263525,0.8762115836143494
19,15253,1788549087165766666,921.651663094759,632.6613990962505,0.8186898827552795
19,15254,1788549087199111111,922.4724644124508,633.1311607509851,0.743452250957489
19,15255,1788549087232455555,923.1288748681544,633.2177049517632,0.7089335918426514
19,15256,1788549087265800000,923.7654358893632,633.1866219192743,0.6660491228103638
19,15257,1788549087299133333,924.9340582937002,632.3465173840523,0.8691975474357605
19,15258,1788549087332477777,925.3834436833858,631.8315032869577,0.8916126489639282
19,15259,1788549087365822222,926.6322842538356,627.237548738718,0.9576340913772584
19,15260,1788549087399166666,927.3221096098424,623.3701331317425,0.9740807414054872
19,15261,1788549087432511111,927.707684069872,621.6505925655365,0.9772436618804932
19,15262,1788549087465855555,927.994893589057,620.146639496088,0.982582986354828
19,15263,1788549087499200000,928.4424513578416,618.8277346491814,0.9784941673278807
19,15264,1788549087532533333,930.3165906369686,608.8318274468184,0.9712414145469666
19,15265,1788549087565877777,930.6236752569675,607.6470346152782,0.977222979068756
19,15266,1788549087599222222,930.762674063444,606.7523496598005,0.9806188941001892
19,15267,1788549087632566666,932.404040247202,596.0317195355892,0.9693182706832886
19,15268,1788549087665911111,932.8237410783768,592.8947897404432,0.9813719987869264
19,15269,1788549087699255555,932.9707476869226,589.8857740610838,0.9797499775886536
19,15270,1788549087732600000,932.6834758520126,589.5412379205227,0.9772230982780457
19,15271,1788549087765933333,932.9509492628276,586.1545736938715,0.9802943468093872
19,15272,1788549087799277777,933.378125667572,582.2519742548466,0.9750452637672424
19,15273,1788549087832622222,934.1181267872452,577.4116515815258,0.9813788533210754
19,15274,1788549087865966666,934.4945834577084,573.6105981171131,0.9683855175971984
19,15275,1788549087899311111,935.174998536706,568.9118702709675,0.9811995625495912
19,15276,1788549087932655555,936.164879962802,563.7691436856985,0.9783599376678468
19,15277,1788549087966000000,936.6214641332626,562.919604755938,0.979758083820343
19,15278,1788549087999333333,937.9733329880984,557.8720029592514,0.9789718985557556
19,15279,1788549088032677777,938.7845796346664,557.3566710054874,0.9805801510810852
19,15280,1788549088066022222,939.949929844588,552.997624941403,0.9833216667175292
19,15281,1788549088099366666,939.8317818194628,552.493618696928,0.9814666509628296
19,15282,1788549088132711111,939.43735358119,550.0340146310627,0.9820048213005066
19,15283,1788549088166055555,939.3447159230708,545.2217437773943,0.9846326112747192
19,15284,1788549088199400000,939.237548097968,543.9822982717305,0.987814724445343
19,15285,1788549088232733333,939.597448527813,541.2598255872726,0.9812813401222228
19,15286,1788549088266077777,940.655653744936,536.8323304951191,0.984044313430786
19,15287,1788549088299422222,941.9944154336116,531.7489073574543,0.9902143478393556
19,15288,1788549088332766666,942.8145059794188,529.8997499346733,0.9887548089027404
19,15289,1788549088366111111,943.4052607119085,529.2436016350985,0.9841017127037048
19,15290,1788549088399455555,944.6188072562218,523.6665352284908,0.9807212948799132
19,15291,1788549088432800000,945.166879951954,521.521136701107,0.984103798866272
19,15292,1788549088466133333,945.1965978890656,521.1101632267237,0.9887745380401612
19,15293,1788549088499477777,946.5137142241,512.6854021847248,0.9428772926330566
19,15294,1788549088532822222,947.184056147933,509.3927325308323,0.9852226972579956
19,15295,1788549088566166666,948.1637901216744,504.6021921038627,0.986293375492096
19,15296,1788549088599511111,948.7635159492492,501.8947319164872,0.9864459037780762
19,15297,1788549088632855555,949.2042894214392,498.9839174970985,0.9920415282249452
19,15298,1788549088666200000,950.009303082712,493.3361487090587,0.9853867292404176
19,15299,1788549088699533333,950.112610399723,490.74312886595726,0.98605477809906
19,15300,1788549088732877777,950.295219361782,486.8025239408016,0.9885604977607728
19,15301,1788549088766222222,950.4664537012576,483.3127200901508,0.9842624068260192
19,15302,1788549088799566666,950.853943184018,478.3869387805462,0.9798838496208192
19,15303,1788549088832911111,950.4527434706688,478.0265965219587,0.9823195338249208
19,15304,1788549088866255555,950.2863856554033,474.8371939063072,0.9903070330619812
19,15305,1788549088899600000,949.8748226314784,472.8468467146158,0.9866394996643066
19,15306,1788549088932933333,949.5508955419064,470.4005506634712,0.976919651031494
19,15307,1788549088966277777,949.4601999223232,466.780642837286,0.985910952091217
19,15308,1788549088999622222,949.5239183306694,463.6795866191387,0.9774588346481324
19,15309,1788549089032966666,950.0455015860498,458.9266575872898,0.9855568408966064
19,15310,1788549089066311111,950.6177687644958,455.3851407766342,0.9804233312606812
19,15311,1788549089099655555,950.9342809766532,452.8115511983633,0.9901703000068665
19,15312,1788549089133000000,950.6702115535736,450.4908818602562,0.9845781326293944
19,15313,1788549089166333333,950.3181849122049,445.2911048233509,0.9769744873046876
19,15314,1788549089199677777,949.25185161829,443.9738031923771,0.9849284291267396
19,15315,1788549089233022222,948.9540208093822,438.5596428215504,0.9790252447128296
19,15316,1788549089266366666,948.9621347114444,433.14641903340816,0.9785179495811462
19,15317,1788549089299711111,948.592445254326,432.1583231985569,0.981548547744751
19,15318,1788549089333055555,948.5830309093,429.0195252839476,0.973975419998169
19,15319,1788549089366400000,948.6664760112762,428.03914772719145,0.981931746006012
19,15320,1788549089399733333,949.4462366402148,422.6671463251114,0.9719220399856568
19,15321,1788549089433077777,950.2082098126411,417.4606612920761,0.967512547969818
19,15322,1788549089466422222,950.0423947758972,416.87298645079136,0.9757243394851683
19,15323,1788549089499766666,949.5065585672857,416.3700584769249,0.97001713514328
19,15324,1788549089533111111,949.58146327734,412.4358413219452,0.9721948504447936
19,15325,1788549089566455555,949.5781432390212,408.9211413040757,0.9719345569610596
19,15326,1788549089599800000,949.257892459631,408.8319540321827,0.9755674004554749
19,15327,1788549089633133333,949.8643904924392,404.13478684425354,0.9180819392204284
19,15328,1788549089666477777,950.7846666574478,397.4861949086189,0.9707701802253724
19,15329,1788549089699822222,951.9753797519952,391.638397693634,0.9641163349151612
19,15330,1788549089733166666,952.7512153834105,390.025337535888,0.9700868129730223
19,15331,1788549089766511111,953.9512440264224,384.23199251294136,0.9654884338378906
19,15332,1788549089799855555,954.1016646847128,383.5220219790935,0.9682257771492004
19,15333,1788549089833200000,954.1056334525348,380.6481258869171,0.966123104095459
19,15334,1788549089866533333,953.8803975582124,377.6779300570488,0.9839191436767578
19,15335,1788549089899877777,953.854500427842,374.5125536620617,0.959159016609192
19,15336,1788549089933222222,953.788065865636,373.7967654019594,0.9661931991577148
19,15337,1788549089966566666,953.9026560634376,373.0870427638292,0.9695518016815186
19,15338,1788549089999911111,954.7510270923376,367.0149254081771,0.9632731080055236
19,15339,1788549090033255555,955.0666087940336,365.6660641729832,0.9694807529449464
19,15340,1788549090066600000,955.914597555995,365.34894263744354,0.9722588062286376
19,15341,1788549090099933333,956.6621720194815,365.55953109264374,0.969925045967102
19,15342,1788549090133277777,956.9135303795338,368.5085009932518,0.9802059531211852
19,15343,1788549090166622222,957.1714905202388,372.0906260460615,0.9670128226280212
19,15344,1788549090199966666,957.3010479807854,375.4466935992241,0.9646045565605164
19,15345,1788549090233311111,956.9012951999904,376.0884351581335,0.9738944172859192
19,15346,1788549090266655555,957.1460583508016,381.042109105736,0.9686277508735656
19,15347,1788549090299999999,956.88407240808,381.4474421441555,0.9726804494857788
19,15348,1788549090333333333,957.4197615385056,386.6479997932911,0.9603646993637084
19,15349,1788549090366677777,957.317484140396,386.8205096423626,0.9716152548789978
19,15350,1788549090400022222,957.8932101503016,391.1302115917206,0.9706964492797852
19,15351,1788549090433366666,957.9215466454624,391.2588621377945,0.976296365261078
19,15352,1788549090466711111,958.4086535573006,395.58429875969887,0.9637001156806946
19,15353,1788549090500055555,958.6232275664806,398.28761649131775,0.9815667271614076
19,15354,1788549090533400000,958.556579440832,400.92130590230227,0.9699663519859314
19,15355,1788549090566733333,958.10431535542,400.7169310748577,0.9728387594223022
19,15356,1788549090600077777,957.6134616434574,401.127854719758,0.977938175201416
19,15357,1788549090633422222,958.1955496817828,407.47524374723434,0.96872478723526
19,15358,1788549090666766666,957.9092435762286,408.1658169180155,0.9743992686271667
19,15359,1788549090700111111,958.3432994782924,414.6411461830139,0.9067542552947998
19,15360,1788549090733455555,958.757834032178,418.96867751702666,0.9717116355895996
19,15361,1788549090766800000,959.0524694062768,421.7746648490429,0.9849441051483154
19,15362,1788549090800133333,959.136374309659,423.8947568386793,0.9740404486656188
19,15363,1788549090833477777,958.9815171584488,426.6957578063011,0.9872392416000366
19,15364,1788549090866822222,958.4216497242452,428.64473283290863,0.9745204448699952
19,15365,1788549090900166666,958.1210356876254,431.34459072351456,0.9851999282836914
19,15366,1788549090933511111,957.955589324236,433.3320108056069,0.9747923016548156
19,15367,1788549090966855555,958.0034874284174,435.0053670704365,0.988295555114746
19,15368,1788549091000200000,958.2769556939602,436.99721073685214,0.9878416061401368
19,15369,1788549091033533333,958.9297325015068,441.1265241354704,0.9761263728141784
19,15370,1788549091066877777,959.014896484092,442.4072502553463,0.9867601990699768
19,15371,1788549091100222222,959.554454177618,446.9586537517607,0.9751113057136536
19,15372,1788549091133566666,959.3113526403904,448.59720769524574,0.98418390750885
19,15373,1788549091166911111,959.7900706380606,453.07118029147387,0.9797528982162476
19,15374,1788549091200255555,960.122169829905,454.59141740202904,0.987573266029358
19,15375,1788549091233600000,961.1971833109856,458.71034452319145,0.976687490940094
19,15376,1788549091266933333,962.077786564827,460.29249238967896,0.987452745437622
19,15377,1788549091300277777,962.8827113509178,462.1114777624607,0.9899165630340576
19,15378,1788549091333622222,963.8149699121714,465.8298984318971,0.9802917242050172
19,15379,1788549091366966666,963.8864347338676,467.2723215520382,0.9880291819572448
19,15380,1788549091400311111,963.8956132680178,471.81354923546314,0.9804301857948304
19,15381,1788549091433655555,963.3325352966784,474.8049149662256,0.9856622219085692
19,15382,1788549091467000000,962.8561538606882,478.70012149214745,0.9842410683631896
19,15383,1788549091500333333,962.7634036391972,484.0917343571782,0.9820061326026917
19,15384,1788549091533677777,962.6328358352184,486.9600430838764,0.985376000404358
19,15385,1788549091567022222,963.4924881458282,493.2434625774622,0.9781575202941896
19,15386,1788549091600366666,964.4367477297784,497.8723882138729,0.9776349663734436
19,15387,1788549091633711111,964.9982200381346,498.5045834481716,0.9806268215179444
19,15388,1788549091667055555,966.3132110536098,502.934134401381,0.987272560596466
19,15389,1788549091700400000,967.168027356267,504.7568674981594,0.98036789894104
19,15390,1788549091733733333,968.222718641162,507.45559817552567,0.9814950823783876
19,15391,1788549091767077777,969.439329624176,513.9983141347766,0.9758792519569396
19,15392,1788549091800422222,969.7133280038834,516.2474486678839,0.979439914226532
19,15393,1788549091833766666,969.6157381534576,518.1623082906008,0.9775346517562866
19,15394,1788549091867111111,969.3953280746936,520.835884898901,0.9791581630706788
19,15395,1788549091900455555,969.4647033810616,525.0046848300844,0.9738724827766418
19,15396,1788549091933800000,969.3553768992424,527.0896226987243,0.9852103590965272
19,15397,1788549091967133333,969.713997066021,530.5652203857899,0.9697494506835938
19,15398,1788549092000477777,970.2422056794168,535.4223585724831,0.972464680671692
19,15399,1788549092033822222,970.413320928812,535.9352355748415,0.9703156352043152
19,15400,1788549092067166666,970.6309746801852,535.4201719760895,0.9702364802360536
19,15401,1788549092100511111,970.7870375663042,534.8997117504478,0.9740923047065736
19,15402,1788549092133855555,971.3262408077716,537.9416223540902,0.9447320699691772
19,15403,1788549092167200000,971.8962775468826,543.7334583103657,0.9707075357437134
19,15404,1788549092200533333,971.950622972101,549.7855794876814,0.8821424841880798
19,15405,1788549092233877777,972.1441677957772,556.2898508608341,0.9665454626083374
19,15406,1788549092267222222,972.0427968390286,558.6383660137653,0.981296956539154
19,15407,1788549092300566666,972.5357540845872,561.5454283058643,0.9609037637710572
19,15408,1788549092333911111,973.184887304902,563.8884534090757,0.9621933698654176
19,15409,1788549092367255555,973.5507570803164,563.6377609372139,0.9616020321846008
19,15410,1788549092400600000,974.3864014148712,568.1157730743289,0.9606810808181764
19,15411,1788549092433933333,974.7800351828336,570.439144641161,0.9773694276809692
19,15412,1788549092467277777,975.1962884515524,573.3258409202099,0.961083710193634
19,15413,1788549092500622222,975.1221138611436,574.2941800653934,0.9734755754470824
19,15414,1788549092533966666,975.1317061185836,575.65000218153,0.9626647233963012
19,15415,1788549092567311111,975.0374711453916,577.9387144483626,0.9796059131622314
19,15416,1788549092600655555,974.9312604814768,581.2386573851109,0.9657320976257324
19,15417,1788549092634000000,975.1339398920536,587.1799564361572,0.9530776143074036
19,15418,1788549092667333333,974.745961934328,588.0290496516973,0.9651311635971068
19,15419,1788549092700677777,975.1180317178369,592.6781870722771,0.9285292625427246
19,15420,1788549092734022222,975.5400957763196,593.8943694159389,0.8504028916358948
19,15421,1788549092767366666,975.7781542539597,593.8408715724945,0.8540939688682556
19,15422,1788549092800711111,976.0427799373864,593.4459452927113,0.8448169231414795
19,15423,1788549092834055555,977.2748179733752,593.7504303008318,0.5596202611923218
19,15424,1788549092867399999,977.5011751651764,593.8901162073016,0.5652950406074524
19,15425,1788549092900733333,978.451490521431,593.0152204167098,0.882786750793457
19,15426,1788549092934077777,978.219888791442,593.018288442865,0.908504843711853
19,15427,1788549092967422222,978.4682924449444,588.7637244462967,0.9486075639724731
19,15428,1788549093000766666,978.3158324062824,588.0642766878009,0.9602611064910888
19,15429,1788549093034111111,979.0654301047324,582.7558545917273,0.9570050835609436
19,15430,1788549093067455555,979.5008298754692,582.3524166345596,0.9583911299705504
19,15431,1788549093100800000,980.3761225640774,579.5716598927975,0.9537707567214966
19,15432,1788549093134133333,981.2478119283916,576.7154585719109,0.974190354347229
19,15433,1788549093167477777,982.2428076714276,573.8693437278271,0.9640589356422424
19,15434,1788549093200822222,983.1634185761212,571.393190741539,0.9748106002807616
19,15435,1788549093234166666,984.0404653288424,568.5576487183571,0.9637425541877748
19,15436,1788549093267511111,985.098441362381,562.3956688940525,0.957222044467926
19,15437,1788549093300855555,985.004838796798,561.6235962212086,0.9659404158592224
19,15438,1788549093334200000,985.2005795389414,556.8265332430601,0.9608883261680604
19,15439,1788549093367533333,984.4433810710908,556.2323142290115,0.9659320116043092
19,15440,1788549093400877777,984.023071071133,551.3708209693432,0.9619657397270204
19,15441,1788549093434222222,983.1079936474562,550.8792221695185,0.9699013829231262
19,15442,1788549093467566666,982.6797956228256,548.0361202470958,0.9647191762924194
19,15443,1788549093500911111,982.8918819651008,542.3833312392235,0.9618614315986632
19,15444,1788549093534255555,983.2403783947228,539.1882467567921,0.9795982241630554
19,15445,1788549093567599999,983.999999120494,535.335828691721,0.9682689309120178
19,15446,1788549093600933333,984.4297837018968,534.0545784495771,0.9742278456687928
19,15447,1788549093634277777,984.941109277308,532.2214531451464,0.9708398580551147
19,15448,1788549093667622222,985.2315707504748,529.8698510080576,0.9807072877883912
19,15449,1788549093700966666,985.681433171034,526.465901106596,0.9676488041877748
19,15450,1788549093734311111,985.9034617394208,523.5473915338516,0.9623931646347046
19,15451,1788549093767655555,986.5075969398022,518.6439535617828,0.9691383242607116
19,15452,1788549093801000000,986.7730421572924,515.5186751186848,0.9694418907165528
19,15453,1788549093834333333,986.9332670345902,514.9548662789166,0.9776455163955688
19,15454,1788549093867677777,987.6113057136536,510.4553243517876,0.9650930166244508
19,15455,1788549093901022222,987.8988616317512,507.73533871769905,0.9822250604629515
19,15456,1788549093934366666,988.357769459486,503.9497554153204,0.972307562828064
19,15457,1788549093967711111,988.286757349968,503.6247825920582,0.974220335483551
19,15458,1788549094001055555,988.4194790124892,501.05708203464746,0.9731808304786682
19,15459,1788549094034400000,988.644381672144,498.75228621065617,0.9833003282546996
19,15460,1788549094067733333,989.3476016521454,493.3620782494545,0.9798122644424438
19,15461,1788549094101077777,990.0898099020123,489.888181053102,0.974587857723236
19,15462,1788549094134422222,990.6895972788334,488.7480537891388,0.9825438261032104
19,15463,1788549094167766666,991.4689876437188,485.6744057536125,0.9676860570907592
19,15464,1788549094201111111,991.4782120883464,485.3496099710465,0.9698693752288818
19,15465,1788549094234455555,991.4051831960678,483.71950402855873,0.9686377048492432
19,15466,1788549094267799999,991.5863163471222,479.18111599981785,0.9752346873283386
19,15467,1788549094301133333,991.4175634980202,477.2944591343403,0.966985046863556
19,15468,1788549094334477777,991.8153700828552,472.1185317263007,0.9804892539978028
19,15469,1788549094367822222,992.2360313683748,468.2032217532396,0.9834212064743042
19,15470,1788549094401166666,992.9165833219886,463.15818187594414,0.969471514225006
19,15471,1788549094434511111,993.400691241026,460.1054925918579,0.9722429513931274
19,15472,1788549094467855555,993.8210503458976,458.7976892888546,0.9712932109832764
19,15473,1788549094501188888,994.5930985808372,455.0215005353093,0.9794710278511048
19,15474,1788549094534533333,995.4161804020404,453.7132894396782,0.9686644077301024
19,15475,1788549094567877777,996.6999302506448,450.16947607696056,0.9811182618141174
19,15476,1788549094601222222,997.729503929615,448.6845288276672,0.9666135907173156
19,15477,1788549094634566666,998.4404162764548,447.3275502026081,0.9615687131881714
19,15478,1788549094667911111,998.9245183840394,447.5101573765278,0.9652536511421204
19,15479,1788549094701255555,999.0663540586828,447.5267561078072,0.964927852153778
19,15480,1788549094734588888,999.77555128932,441.5583416223526,0.9548818469047546
19,15481,1788549094767933333,1000.3125352263452,438.0291614457965,0.9647513031959534
19,15482,1788549094801277777,1001.2900272905828,431.6337997019291,0.9313627481460572
19,15483,1788549094834622222,1002.0641296431422,427.659422904253,0.962467610836029
19,15484,1788549094867966666,1002.4588353037834,424.6806517839432,0.974974513053894
19,15485,1788549094901311111,1002.4582980573176,423.0238605327904,0.9605732560157776
19,15486,1788549094934655555,1002.2681111097336,421.7287953197956,0.9654908180236816
19,15487,1788549094967988888,1001.7461494505404,421.1049681529403,0.9633769989013672
19,15488,1788549095001333333,1001.3146412372588,418.42969036102295,0.9766075611114502
19,15489,1788549095034677777,1001.0716788768768,416.17013232409954,0.9606853127479552
19,15490,1788549095068022222,1001.1385089457036,411.520093113184,0.952467143535614
19,15491,1788549095101366666,1001.281899690628,408.38205742836,0.9774225950241088
19,15492,1788549095134711111,1001.3918172121048,405.6225019991398,0.955015242099762
19,15493,1788549095168055555,1001.2430457621812,404.88925029337406,0.9608081579208374
19,15494,1788549095201388888,1001.0845527723432,404.1252290904522,0.9606775045394896
19,15495,1788549095234733333,1000.8968303278087,403.3849721252918,0.9609864354133606
19,15496,1788549095268077777,1001.4312616288662,396.934051156044,0.9440817832946776
19,15497,1788549095301422222,1001.3101092278956,396.8819408416748,0.958139717578888
19,15498,1788549095334766666,1001.7250232100488,387.53374513983727,0.9437929391860962
19,15499,1788549095368111111,1001.263297110796,387.3495749533176,0.9526486396789552
19,15500,1788549095401455555,1001.5711379349232,381.90613953769207,0.9450625777244568
19,15501,1788549095434788888,1001.5086845755576,381.1741134226322,0.9513677954673768
19,15502,1788549095468133333,1001.702050626278,378.3242332935333,0.9467523694038392
19,15503,1788549095501477777,1001.855758458376,377.430838227272,0.9521488547325134
19,15504,1788549095534822222,1002.4447346925735,371.8844582512975,0.939327359199524
19,15505,1788549095568166666,1002.5737162828444,370.9073683768511,0.9457127451896667
19,15506,1788549095601511111,1003.0620060414076,365.6347577869892,0.938266932964325
19,15507,1788549095634855555,1003.19089448452,364.42247691750526,0.946610987186432
19,15508,1788549095668188888,1003.2328466176988,363.532210290432,0.9469201564788818
19,15509,1788549095701533333,1003.2096974402666,366.30553129315376,0.9456745982170104
19,15510,1788549095734877777,1002.7565592378378,366.7636041790247,0.9506738781929016
19,15511,1788549095768222222,1003.3943172991276,374.349054813385,0.9452994465827942
19,15512,1788549095801566666,1003.3991696238518,375.9670081846416,0.961395263671875
19,15513,1788549095834911111,1003.5449234843254,377.32417568564415,0.9528141617774964
19,15514,1788549095868255555,1004.5252661108972,381.7577937692404,0.946949303150177
19,15515,1788549095901588888,1004.652416974306,381.47423976659775,0.95024973154068
19,15516,1788549095934933333,1004.9763151407242,382.29180228710175,0.9640334248542786
19,15517,1788549095968277777,1005.1598406285048,383.3350909650326,0.9592300057411194
19,15518,1788549096001622222,1005.9111954569815,388.35813957452774,0.9507894515991212
19,15519,1788549096034966666,1006.2700569033624,391.15608371794224,0.9793702363967896
19,15520,1788549096068311111,1006.4068033099174,393.9384198188782,0.955977499485016
19,15521,1788549096101655555,1006.4365265369416,397.60724487900734,0.9721505641937256
19,15522,1788549096134988888,1006.366054534912,400.778240904212,0.9575226306915284
19,15523,1788549096168333333,1006.632246017456,403.5525611639023,0.973189651966095
19,15524,1788549096201677777,1006.9977969925384,405.8847589865327,0.9613863825798036
19,15525,1788549096235022222,1007.5420830249786,407.58310547471046,0.9543871879577636
19,15526,1788549096268366666,1008.224384739995,408.2110558152199,0.9764451384544371
19,15527,1788549096301711111,1009.4285297095776,413.0374889858067,0.9571552872657776
19,15528,1788549096335055555,1010.260831862688,416.0330690070987,0.978161871433258
19,15529,1788549096368388888,1010.966919247061,419.13526453077793,0.9781530499458312
19,15530,1788549096401733333,1011.5220051109792,423.375714212656,0.956452488899231
19,15531,1788549096435077777,1011.9800801929086,426.9639045484364,0.979187786579132
19,15532,1788549096468422222,1012.0083881011232,428.8676730543375,0.9615859985351562
19,15533,1788549096501766666,1011.837995648384,430.591816842556,0.9643383622169496
19,15534,1788549096535111111,1011.7305717468262,432.637761503458,0.9680731892585754
19,15535,1788549096568455555,1012.1585854887962,436.6794871389866,0.920991599559784
19,15536,1788549096601788888,1012.112574763596,436.5182754695415,0.9251026511192322
19,15537,1788549096635133333,1012.2919129133224,436.10454546660185,0.9257118701934814
19,15538,1788549096668477777,1012.5081017911434,435.61970669031143,0.9219631552696228
19,15539,1788549096701822222,1013.5537468791008,441.09359200298786,0.8338976502418518
19,15540,1788549096735166666,1014.1576639860868,443.90902967751026,0.8083245158195496
19,15541,1788549096768511111,1015.7691055238248,451.1810473203659,0.7405868768692017
19,15542,1788549096801855555,1016.4713942706584,453.87545920163393,0.7416399717330933
19,15543,1788549096835188888,1016.2510161101818,454.0705836638808,0.7498159408569336
19,15544,1788549096868533333,1016.759278357029,455.9327068477869,0.736769437789917
19,15545,1788549096901877777,1016.7773397117852,456.9140333458781,0.7458493709564209
19,15546,1788549096935222222,1017.532611131668,460.91205763816833,0.7029861211776733
19,15547,1788549096968566666,1017.0784496068954,460.89676985144615,0.7036651968955994
19,15548,1788549097001911111,1016.7403462827206,460.6213244199753,0.7028029561042786
19,15549,1788549097035255555,1016.2648620307446,460.03241764754057,0.704956591129303
19,15550,1788549097068588888,1015.9939618869683,459.65988555550575,0.7052880525588989
19,15551,1788549097101933333,1015.5097019374372,459.3961244821549,0.7027897238731384
19,15552,1788549097135277777,1015.382441818714,459.0574592128396,0.7058632969856262
19,15553,1788549097168622222,1015.2164825946091,458.8405162096024,0.7049239873886108
19,15554,1788549097201966666,1015.1234221458436,459.0146713331342,0.7055750489234924
19,15555,1788549097235311111,1014.8820414841176,459.3676036298275,0.703770637512207
19,15556,1788549097268655555,1014.730326116085,459.8683257550001,0.7039107084274292
19,15557,1788549097301988888,1014.608706921339,460.1500904858112,0.7028914093971252
19,15558,1788549097335333333,1014.3538270294666,460.2645928263664,0.7031652331352234
19,15559,1788549097368677777,1014.2356663644314,460.48331728577614,0.7015231251716614
19,15560,1788549097402022222,1014.6666666666666,470.6666666666667,1.0
19,15561,1788549097435366666,1018.6666666666666,501.3333333333333,1.0
19,15562,1788549097468711111,1018.5703389644624,504.72394263744354,0.8077152371406555
19,15563,1788549097502055555,1019.000238012668,511.52538534998894,0.7873151302337646
19,15564,1788549097535388888,1019.2057142704724,513.1551893800497,0.7729273438453674
19,15565,1788549097568733333,1019.973065232858,518.8444119542837,0.7528107762336731
19,15566,1788549097602077777,1020.2769017517568,520.2235563099384,0.7505490183830261
19,15567,1788549097635422222,1021.0762472078204,525.5390217900276,0.7330642938613892
19,15568,1788549097668766666,1021.8840665370226,531.9686705172062,0.7297077178955078
19,15569,1788549097702111111,1021.7223102748394,533.362389922142,0.7328316569328308
19,15570,1788549097735455555,1022.0278996899724,539.058935854584,0.7218376398086548
19,15571,1788549097768788888,1024.0,535.0,0.7838486820459366
19,15572,1788549097802133333,1021.7532363384962,543.1017941087484,0.7359031438827515
19,15573,1788549097835477777,1023.0,535.0,0.7820506900548935
19,15574,1788549097868822222,1022.7827605158092,547.3891830444336,0.7231712341308594
19,15575,1788549097902166666,1024.0,545.0,0.787449032664299
19,15576,1788549097935511111,1024.5,545.5,0.787121239900589
19,15577,1788549097968855555,1026.0,550.0,0.7909644109010696
19,15578,1788549098002188888,1026.0,550.0,0.7897291839122772
19,15579,1788549098035533333,1026.0,552.0,0.7908033174276352
19,15580,1788549098068877777,1027.0,554.0,0.7913889187574387
19,15581,1788549098102222222,1027.0,561.0,0.7909835296869278
19,15582,1788549098135566666,1027.0,563.0,0.7902175390720367
19,15583,1788549098168911111,1026.0,565.0,0.78952690243721
19,15584,1788549098202255555,1026.0,567.0,0.7919461369514466
19,15585,1788549098235588888,1026.5,570.5,0.7924195039272308
19,15586,1788549098268933333,1027.0,575.0,0.7880324506759644
19,15587,1788549098302277777,1027.0,574.0,0.7843016320466996
19,15588,1788549098335622222,1028.0,577.0,0.7811462062597274
19,15589,1788549098368966666,1028.0,578.0,0.7807104867696762
19,15590,1788549098402311111,1028.0,579.0,0.784724959731102
19,15591,1788549098435655555,1028.0,579.0,0.7838795435428619
19,15592,1788549098468988888,1028.0,579.0,0.7745709961652756
19,15593,1788549098502333333,1028.0,577.0,0.7733161193132401
19,15594,1788549098535677777,1028.0,576.0,0.7671556806564331
19,15595,1788549098569022222,1028.5,572.5,0.7659987580776214
19,15596,1788549098602366666,1029.0,570.0,0.7591788983345031
19,15597,1788549098635711111,1029.4067785143852,572.54846778512,0.7739377617835999
19,15598,1788549098669055555,1030.6666666666667,564.0,1.0
19,15599,1788549098702388888,1030.961995627731,563.2823352515697,0.9946923851966858
19,15600,1788549098735733333,1031.0454757623374,562.8123146593571,0.9944106936454772
19,15601,1788549098769077777,1031.0016169145238,562.3253689408302,0.9927282929420472
19,15602,1788549098802422222,1031.42590790987,553.4081654846668,0.9689385294914246
19,15603,1788549098835766666,1031.2005520164969,552.8778123259544,0.9799871444702148
19,15604,1788549098869111111,1031.4371397793293,546.6458405256271,0.8633816838264465
19,15605,1788549098902455555,1031.866235002875,542.5155791342258,0.9608004689216614
19,15606,1788549098935788888,1031.933703392744,540.1675987392664,0.9633209705352784
19,15607,1788549098969133333,1032.2030756920576,537.3536678552628,0.9428691267967224
19,15608,1788549099002477777,1032.7346752285955,534.2736882865429,0.9747564196586608
19,15609,1788549099035822222,1032.9756120033562,533.6875827014446,0.9776790738105774
19,15610,1788549099069166666,1034.042472127825,527.9466425776482,0.98082172870636
19,15611,1788549099102511111,1034.54955637455,526.7380824685097,0.9781381487846376
19,15612,1788549099135855555,1035.4476017653942,520.7237187922001,0.973158597946167
19,15613,1788549099169188888,1035.8294498473406,519.391998320818,0.9755772948265076
19,15614,1788549099202533333,1036.9910757327452,511.10097862780094,0.9353412985801696
19,15615,1788549099235877777,1037.41875526309,509.37482047080994,0.9231358170509338
19,15616,1788549099269222222,1037.5192512869835,508.13832661509514,0.8872458338737488
19,15617,1788549099302566666,1037.1979948431251,508.447168469429,0.8883078694343567
19,15618,1788549099335911111,1037.0578205510974,508.5993522703648,0.8903574347496033
19,15619,1788549099369255555,1037.7193973362446,500.9949360182509,0.6936587691307068
19,15620,1788549099402588888,1037.8726665377617,500.38068732619286,0.6910176277160645
19,15621,1788549099435933333,1038.0595206841826,498.1424918025732,0.6186618208885193
19,15622,1788549099469277777,1039.0,490.0,0.6328237277269363
19,15623,1788549099502622222,1039.0,488.0,0.6423976957798004
19,15624,1788549099535966666,1038.8943896368146,481.4395434260368,0.6682032346725464
19,15625,1788549099569311111,1038.0052719712255,480.5524770915508,0.6794511079788208
19,15626,1788549099602655555,1037.6639607846737,478.4655876457691,0.6486229300498962
19,15627,1788549099635988888,1037.5183399915695,477.7144937813282,0.6516678929328918
19,15628,1788549099669333333,1037.9374710917473,476.01623285748065,0.628547191619873
19,15629,1788549099702677777,1038.921326354146,469.10857832431793,0.8281222581863403
19,15630,1788549099736022222,1038.9694105386734,468.5789704024792,0.8403155207633972
19,15631,1788549099769366666,1038.63789370656,466.7636245191097,0.8714076280593872
19,15632,1788549099802711111,1038.8301163762808,461.5925264358521,0.8520294427871704
19,15633,1788549099836055555,1038.650215417147,460.6826095879078,0.8496476411819458
19,15634,1788549099869388888,1038.7221452593803,459.8319499194622,0.8521117568016052
19,15635,1788549099902733333,1039.0847020298245,459.02296661026776,0.8600236177444458
19,15636,1788549099936077777,1039.6172214746475,458.400405973196,0.8558050394058228
19,15637,1788549099969422222,1040.2588191628456,458.3258652687073,0.8447728157043457
20,16054,1788549113873388888,892.0,524.0,1.0
20,16055,1788549113906733333,892.1567976027727,525.5958539545536,0.9926491975784302
20,16056,1788549113940077777,892.1546454429626,524.164998114109,0.9963855147361756
20,16057,1788549113973422222,893.1615438014269,525.5405279695988,0.9899463057518004
20,16058,1788549114006766666,894.1577451229095,525.7409931719303,0.9896136522293092
20,16059,1788549114040100000,895.3015846610069,525.7006348073483,0.9915584921836852
20,16060,1788549114073444444,896.4456461668015,526.462623745203,0.9860016703605652
20,16061,1788549114106788888,897.064181253314,524.9475083015859,0.9933598041534424
20,16062,1788549114140133333,898.024535510689,522.7226478755474,0.9928730130195618
20,16063,1788549114173477777,899.2592324912548,519.705599963665,0.9904480576515198
20,16064,1788549114206822222,901.9315009340644,519.7921053916216,0.9929993748664856
20,16065,1788549114240166666,903.7007404863834,515.727581769228,0.9910706877708436
20,16066,1788549114273500000,905.0253714863212,512.6337583363056,0.9905800223350524
20,16067,1788549114306844444,907.450244873762,515.7375490963459,0.9884955883026124
20,16068,1788549114340188888,908.6476364433764,514.8581446558237,0.9878969788551332
20,16069,1788549114373533333,909.5577287077904,514.1674824506044,0.9904260039329528
20,16070,1788549114406877777,909.7670594006776,513.9441396184266,0.9946466088294984
20,16071,1788549114440222222,909.4118084609509,514.9790657628328,0.9904369711875916
20,16072,1788549114473566666,908.5774236619473,517.7996538281441,0.9725167155265808
20,16073,1788549114506899999,906.877809599042,521.7512897998095,0.9924341440200806
20,16074,1788549114540244444,904.8090453147888,525.5223723351955,0.9780304431915284
20,16075,1788549114573588888,903.0462745018305,529.5418337285519,0.9891150593757628
20,16076,1788549114606933333,902.1828672587872,534.5177158415318,0.9878314733505248
20,16077,1788549114640277777,900.3923256099224,535.5883232951164,0.9878024458885192
20,16078,1788549114673622222,900.0184455141425,538.4352860748768,0.9888164401054382
20,16079,1788549114706966666,899.3852903842926,538.1705214977264,0.990853190422058
20,16080,1788549114740300000,900.1048868149519,540.9035903662443,0.991014301776886
20,16081,1788549114773644444,900.3438119292259,540.9858645498753,0.9901399612426758
20,16082,1788549114806988888,900.5834168195724,539.6539304554462,0.9881568551063538
20,16083,1788549114840333333,900.896810606122,538.0631983354688,0.9910786151885986
20,16084,1788549114873677777,901.2236431837082,535.3083201050758,0.9884716272354126
20,16085,1788549114907022222,903.3100180625916,533.2765591740608,0.9865397214889526
20,16086,1788549114940366666,906.8882295936346,530.1178388223052,0.9911218285560608
20,16087,1788549114973700000,912.7819000333548,531.9637590236962,0.99139404296875
20,16088,1788549115007044444,918.2445946633816,533.5759889483452,0.9846541285514832
20,16089,1788549115040388888,923.106293566525,535.7911118716002,0.992226541042328
20,16090,1788549115073733333,927.1741582155228,538.6520952284336,0.9821358919143676
20,16091,1788549115107077777,930.6592610180378,542.546308785677,0.9783015251159668
20,16092,1788549115140422222,932.6276935338974,544.2283507734537,0.9859243631362916
20,16093,1788549115173766666,933.7838648855686,547.3062829971313,0.9816858768463136
20,16094,1788549115207099999,933.1313038319348,548.3103946149349,0.9860213994979858
20,16095,1788549115240444444,931.986654500477,551.1489785760641,0.9858030676841736
20,16096,1788549115273788888,930.3044949769974,552.9796573426574,0.9873199462890624
20,16097,1788549115307133333,929.242964297533,557.1234412863851,0.984524667263031
20,16098,1788549115340477777,927.7828594744204,558.7374146282673,0.9861271381378174
20,16099,1788549115373822222,927.1410290449858,562.7396569252014,0.984027862548828
20,16100,1788549115407166666,926.3927387297152,565.4319151341915,0.976779043674469
20,16101,1788549115440500000,925.9538110010326,566.7975665181875,0.984075963497162
20,16102,1788549115473844444,926.0185106396676,566.7941112965345,0.9829563498497008
20,16103,1788549115507188888,927.2890512645243,567.0956307947636,0.984291970729828
20,16104,1788549115540533333,928.3275018930436,565.335108846426,0.9806905388832092
20,16105,1788549115573877777,929.1582100242376,565.5424408018589,0.978687584400177
20,16106,1788549115607222222,929.7317706048487,566.014348205179,0.9823071360588074
20,16107,1788549115640566666,930.8302799910308,568.1363908201456,0.9808389544487
20,16108,1788549115673900000,931.8481426537036,568.5080128014088,0.9801881313323976
20,16109,1788549115707244444,934.0415001660584,570.1571870297194,0.9829028844833374
20,16110,1788549115740588888,937.0232423730196,572.6067935824394,0.977824866771698
20,16111,1788549115773933333,939.590096026659,574.1963164955378,0.9728773832321168
20,16112,1788549115807277777,941.395918160677,576.7180152237415,0.9642967581748962
20,16113,1788549115840622222,942.1000864878296,577.9926356566139,0.9435228705406188
20,16114,1788549115873966666,942.2764082551004,578.3121586740017,0.9107714891433716
20,16115,1788549115907299999,941.9024909511209,577.3640831708908,0.8946340680122375
20,16116,1788549115940644444,941.8293147087096,576.1746692210436,0.7937477231025696
20,16117,1788549115973988888,941.425699442625,573.7275707125664,0.7787717580795288
20,16118,1788549116007333333,941.3160709142684,571.0256544481963,0.6878141164779663
20,16119,1788549116040677777,941.166929975152,568.0224740933627,0.7933284640312195
20,16120,1788549116074022222,940.9581604115664,565.7008371949196,0.8273905515670776
20,16121,1788549116107366666,941.0559064410628,563.5168978273869,0.898373544216156
20,16122,1788549116140700000,940.798800587654,562.3787813782692,0.920641303062439
20,16123,1788549116174044444,940.5178920030594,562.2645344734192,0.920035183429718
20,16124,1788549116207388888,940.9604826495053,560.0491966456175,0.95918071269989
20,16125,1788549116240733333,941.158363416791,559.2652680277824,0.9685285687446594
20,16126,1788549116274077777,940.8202112168074,559.5401817858219,0.966098427772522
20,16127,1788549116307422222,940.7961802631615,556.1069888398051,0.968566358089447
20,16128,1788549116340766666,940.3155130445956,553.898649290204,0.9730863571166992
20,16129,1788549116374100000,939.852776259184,551.5312041342258,0.9760252833366394
20,16130,1788549116407444444,939.7911497801542,548.891012892127,0.9774238467216492
20,16131,1788549116440788888,939.7580615580082,548.055847465992,0.977558135986328
20,16132,1788549116474133333,940.123901553452,546.2683098316193,0.9793079495429992
20,16133,1788549116507477777,940.5681129693984,545.4430250823498,0.9707503914833068
20,16134,1788549116540822222,941.0528028830886,543.5183618366718,0.9758493900299072
20,16135,1788549116574166666,941.59654840827,542.2309786230326,0.9748767018318176
20,16136,1788549116607499999,942.1529067456722,540.2447434961796,0.9805266857147216
20,16137,1788549116640844444,942.4417723417282,539.4236463308334,0.9739083647727966
20,16138,1788549116674188888,942.2115000486374,539.6076082289219,0.9770944118499756
20,16139,1788549116707533333,941.8486382514238,539.7097282707691,0.980294108390808
20,16140,1788549116740877777,941.3735429644584,539.3763180077076,0.9768699407577516
20,16141,1788549116774222222,941.678838968277,533.8239652365446,0.9742374420166016
20,16142,1788549116807566666,941.198907971382,533.6920982003212,0.978770911693573
20,16143,1788549116840900000,941.6758730709552,529.9970185824204,0.963459014892578
20,16144,1788549116874244444,942.5092569291592,527.075335636735,0.976109743118286
20,16145,1788549116907588888,943.144041582942,525.019149646163,0.9831907749176024
20,16146,1788549116940933333,943.648827880621,523.6299176514149,0.9793824553489684
20,16147,1788549116974277777,943.7523013204336,522.4344227612019,0.9802083373069764
20,16148,1788549117007622222,943.4527658820152,521.5708631873131,0.9778547286987304
20,16149,1788549117040966666,942.7947635054588,519.5943326056004,0.9815722703933716
20,16150,1788549117074300000,942.084622271359,516.0398604385555,0.9851645827293396
20,16151,1788549117107644444,940.9393880292772,513.876265540719,0.9880282282829284
20,16152,1788549117140988888,939.5635724067688,512.9446131959558,0.983327329158783
20,16153,1788549117174333333,938.966231431812,508.3229562044144,0.9832767248153688
20,16154,1788549117207677777,938.222513884306,507.0935809612274,0.9855976700782776
20,16155,1788549117241022222,938.0290421843528,503.6538847088814,0.9800825715065002
20,16156,1788549117274366666,937.6208499670028,502.1721937507391,0.9829835891723632
20,16157,1788549117307699999,937.3042984306812,499.4124991595745,0.9809085130691528
20,16158,1788549117341044444,937.2186441719532,497.65509155392647,0.9837559461593628
20,16159,1788549117374388888,937.0555380955338,496.66735577583313,0.9856666326522828
20,16160,1788549117407733333,937.0044654700904,495.6467625796795,0.9852861762046814
20,16161,1788549117441077777,937.3315965533257,492.2502276301384,0.9822947978973388
20,16162,1788549117474422222,937.2167222052811,490.0455831624567,0.9854770302772522
20,16163,1788549117507766666,937.0535544492304,487.7394100427627,0.9874488115310668
20,16164,1788549117541100000,936.6129914224148,485.4356143772602,0.9799900650978088
20,16165,1788549117574444444,935.8857455700636,482.8772313967347,0.9878348708152772
20,16166,1788549117607788888,934.6095784604548,481.15442426502705,0.986407458782196
20,16167,1788549117641133333,932.9109827950596,479.41375866532326,0.9869979023933412
20,16168,1788549117674477777,931.5382052361964,476.644784539938,0.9735295176506042
20,16169,1788549117707822222,930.3644794225692,473.83161985874176,0.9867565631866456
20,16170,1788549117741166666,929.5624348223208,472.85674756765366,0.9873514771461488
20,16171,1788549117774500000,929.163864120841,471.9399841539562,0.9901997447013856
20,16172,1788549117807844444,929.362190067768,468.6399306356907,0.984653890132904
20,16173,1788549117841188888,929.3000607788564,467.8801579102874,0.9904056191444396
20,16174,1788549117874533333,929.906607888639,464.3545546233654,0.9856852889060974
20,16175,1788549117907877777,930.3147982060908,462.35069596767426,0.9832063913345336
20,16176,1788549117941222222,930.6179966330528,460.95614824444056,0.9879136681556702
20,16177,1788549117974566666,930.6837586462498,460.3902944326401,0.9839234948158264
20,16178,1788549118007900000,930.9275310486556,459.5005220770836,0.9863021969795228
20,16179,1788549118041244444,931.3386460244656,458.9822099581361,0.9874606132507324
20,16180,1788549118074588888,932.0100276386364,458.292273581028,0.9861657023429872
20,16181,1788549118107933333,932.9567767493428,457.26916989684105,0.988319456577301
20,16182,1788549118141277777,933.531809180975,458.21455283463,0.983284056186676
20,16183,1788549118174622222,934.3540886938572,455.9741146247834,0.9846291542053224
20,16184,1788549118207955555,934.7482694089412,456.5959587395191,0.9855226278305054
20,16185,1788549118241300000,935.4624959230424,454.50974348187447,0.9803770184516908
20,16186,1788549118274644444,935.6329203248024,454.78351441025734,0.9893803596496582
20,16187,1788549118307988888,936.1776304394008,451.69635277986526,0.9850786924362184
20,16188,1788549118341333333,936.1799330711364,450.3417389988899,0.9864596724510192
20,16189,1788549118374677777,936.019476722926,448.9402574896813,0.9911727905273438
20,16190,1788549118408022222,935.999171014526,446.1398651897907,0.98892742395401
20,16191,1788549118441366666,935.6174835264684,445.9400672875345,0.9883917570114136
20,16192,1788549118474700000,935.5127916932106,444.50323152542114,0.9814112186431884
20,16193,1788549118508044444,935.7108362317084,442.59432196617126,0.9843688011169434
20,16194,1788549118541388888,936.320563197136,440.165374815464,0.985844075679779
20,16195,1788549118574733333,937.2523378431796,438.21615010499954,0.9841576814651488
20,16196,1788549118608077777,938.3566925525664,435.66841623187065,0.981443464756012
20,16197,1788549118641422222,939.2565056681632,434.1641962528229,0.9854217171669006
20,16198,1788549118674755555,939.9700768329204,432.0912071838975,0.984386146068573
20,16199,1788549118708100000,940.4990782141684,430.6851713359356,0.9776425957679749
20,16200,1788549118741444444,940.6442318558692,429.4658413231373,0.9812026023864746
20,16201,1788549118774788888,940.598632246256,428.0006175262388,0.9847889542579652
20,16202,1788549118808133333,940.7009710669518,426.8576731234789,0.9875035285949708
20,16203,1788549118841477777,941.4483065903188,424.76958344876766,0.9829370379447936
20,16204,1788549118874822222,942.3391800522804,423.7469172179699,0.9857948422431946
20,16205,1788549118908155555,943.541145980358,421.9664045460522,0.983470857143402
20,16206,1788549118941500000,944.7456004321576,420.4823725819588,0.9803627729415894
20,16207,1788549118974844444,945.916775457561,418.7500941455364,0.9862510561943054
20,16208,1788549119008188888,947.1567032635212,416.3221091926098,0.9821041822433472
20,16209,1788549119041533333,948.105885475874,415.11562901735306,0.9869730472564696
20,16210,1788549119074877777,949.2505609095095,413.154056891799,0.9826241731643676
20,16211,1788549119108222222,950.3480822443962,410.63889560103416,0.979583740234375
20,16212,1788549119141555555,950.797675192356,410.55655840039253,0.9826922416687012
20,16213,1788549119174900000,950.9903758903964,409.8849967569113,0.9842811226844788
20,16214,1788549119208244444,950.8756316378712,410.2987372279167,0.9867497086524964
20,16215,1788549119241588888,951.1807337403296,408.1370235681534,0.98391455411911
20,16216,1788549119274933333,951.4915686547756,406.9337878152728,0.984268069267273
20,16217,1788549119308277777,952.0905375927688,404.728271484375,0.9831815361976624
20,16218,1788549119341622222,952.92436568439,401.9161874502897,0.9859108924865724
20,16219,1788549119374955555,953.615175306797,399.9479182064533,0.986952543258667
20,16220,1788549119408300000,954.1632100641727,397.5029562413693,0.9779574871063232
20,16221,1788549119441644444,954.4304290115832,396.7951292097569,0.9799485206604004
20,16222,1788549119474988888,954.7522131502628,396.05739783868194,0.9844313263893129
20,16223,1788549119508333333,954.7183677256108,396.6734026670456,0.9817529320716858
20,16224,1788549119541677777,954.145398736,397.5861300230026,0.9814218878746032
20,16225,1788549119575022222,953.4912411272526,398.20459519326687,0.9804269671440125
20,16226,1788549119608355555,953.9144029095768,394.3357462286949,0.97967129945755
20,16227,1788549119641700000,954.4419155716896,393.4266511797905,0.9734137058258056
20,16228,1788549119675044444,955.7007800638676,388.82100500166416,0.976902425289154
20,16229,1788549119708388888,956.66792973876,387.79513014853,0.9793767929077148
20,16230,1788549119741733333,957.615352511406,385.8557022958994,0.980442762374878
20,16231,1788549119775077777,958.1942551583052,385.63905411958694,0.9799017906188964
20,16232,1788549119808422222,958.7078501582146,385.58350801467896,0.9788705110549928
20,16233,1788549119841755555,959.1574076861144,384.30148220062256,0.9763718843460084
20,16234,1788549119875099999,959.2877795994282,382.8369950503111,0.9773151278495787
20,16235,1788549119908444444,959.1018003076316,382.9019925445318,0.979254186153412
20,16236,1788549119941788888,958.8045128285884,382.19367307424545,0.9778326153755188
20,16237,1788549119975133333,958.615065574646,382.3535511791706,0.9747533798217772
20,16238,1788549120008477777,958.9005884155632,380.7859741896391,0.9769126176834106
20,16239,1788549120041822222,959.3772387504578,379.8723407834768,0.9779748320579528
20,16240,1788549120075155555,959.899304330349,377.7705896347761,0.9705609679222108
20,16241,1788549120108500000,960.0276516005396,377.1356989443302,0.976355254650116
20,16242,1788549120141844444,960.1146933585404,374.72250163555145,0.9690099954605104
20,16243,1788549120175188888,959.5416295528412,373.36079770326614,0.9718986749649048
20,16244,1788549120208533333,958.8443334549664,370.8359149545431,0.970669150352478
20,16245,1788549120241877777,958.4841971993446,370.194149941206,0.9706060886383056
20,16246,1788549120275222222,959.4234864413738,366.09775614738464,0.9745106101036072
20,16247,1788549120308555555,960.5875643491744,363.074991479516,0.9744349718093872
20,16248,1788549120341900000,961.5012871921062,360.26290887594223,0.9675111174583436
20,16249,1788549120375244444,961.862740278244,359.2279857248068,0.9792040586471558
20,16250,1788549120408588888,962.4404013752936,356.4488765001297,0.9655365347862244
20,16251,1788549120441933333,962.5890681743622,355.6762011051178,0.9715132117271424
20,16252,1788549120475277777,962.860473781824,354.19308929145336,0.969810664653778
20,16253,1788549120508622222,962.8004070669411,353.39626625180244,0.9740968346595764
20,16254,1788549120541955555,962.7994700670242,350.7940501868725,0.9664238095283508
20,16255,1788549120575299999,962.5588845014572,348.444748878479,0.9686488509178162
20,16256,1788549120608644444,961.8936441615224,347.0619310326874,0.9719631671905518
20,16257,1788549120641988888,961.7932521402836,344.53440794348717,0.9717329144477844
20,16258,1788549120675333333,961.4635561406612,342.8547334820032,0.9661270380020142
20,16259,1788549120708677777,960.8333507180214,342.1534711420536,0.968557059764862
20,16260,1788549120742022222,960.196504548192,341.74714204669,0.97343510389328
20,16261,1788549120775355555,960.6867093741894,343.4268162250519,0.9681138396263124
20,16262,1788549120808700000,961.395594149828,344.35246726870537,0.9645509123802184
20,16263,1788549120842044444,961.7395129203796,343.13513757288456,0.9690913558006288
20,16264,1788549120875388888,961.7285907566549,342.00686816032976,0.968743622303009
20,16265,1788549120908733333,961.7991531640292,343.11601204425097,0.9753732085227966
20,16266,1788549120942077777,960.96852061525,342.92326171696186,0.9713137149810792
20,16267,1788549120975422222,960.046794962138,341.73018804192543,0.9704803824424744
20,16268,1788549121008755555,960.931132502854,344.6787780225277,0.9710190296173096
20,16269,1788549121042100000,961.70264929533,345.88244081288576,0.9706611037254332
20,16270,1788549121075444444,962.8030718714,347.30611032247543,0.9769585728645324
20,16271,1788549121108788888,963.5005704760551,347.9904717421159,0.9714427590370178
20,16272,1788549121142133333,964.054373357445,348.8171710520983,0.9726616144180298
20,16273,1788549121175477777,964.0729150995612,348.8179649859667,0.9729760885238647
20,16274,1788549121208822222,964.1464626044036,350.279173374176,0.9778506755828856
20,16275,1788549121242155555,964.8273112028836,353.3584433197975,0.9674115180969238
20,16276,1788549121275499999,964.6762643158436,353.33998316526413,0.9690089821815492
20,16277,1788549121308844444,965.581025570631,357.36328864097595,0.962836980819702
20,16278,1788549121342188888,965.977511011064,359.328805655241,0.9709585309028624
20,16279,1788549121375533333,966.6076813340188,361.19661766290665,0.9738669395446776
20,16280,1788549121408877777,966.802990436554,361.82881408929825,0.975877583026886
20,16281,1788549121442222222,966.8812627792358,362.3613797426224,0.9734366536140442
20,16282,1788549121475555555,966.6066826581956,361.8794581666589,0.974853813648224
20,16283,1788549121508900000,967.201191842556,363.6712445020676,0.9776700735092164
20,16284,1788549121542244444,967.4906198978424,364.0660393089056,0.9749822616577148
20,16285,1788549121575588888,968.532841682434,366.4650035202503,0.9737091660499572
20,16286,1788549121608933333,969.1518943309784,368.6608165502548,0.980543851852417
20,16287,1788549121642277777,969.525831580162,371.3008249402046,0.9724867939949036
20,16288,1788549121675622222,969.7644715756178,373.94799713790417,0.9801928997039796
20,16289,1788549121708955555,969.6907808184624,374.6678633093834,0.973789393901825
20,16290,1788549121742300000,970.4762020111084,377.1180770546198,0.9756807684898376
20,16291,1788549121775644444,971.0428294464946,378.30674639344215,0.9798471331596376
20,16292,1788549121808988888,971.6617797017096,380.0020977954846,0.9772830009460448
20,16293,1788549121842333333,971.8574653863908,380.69831988215446,0.9802350401878356
20,16294,1788549121875677777,972.1718950420618,382.6001064181328,0.9733749032020568
20,16295,1788549121909022222,972.2330306917428,383.40658554434776,0.9777525067329408
20,16296,1788549121942355555,972.3584365844728,384.78677536547184,0.974286675453186
20,16297,1788549121975699999,972.6186938881874,386.0078715523705,0.9800201058387756
20,16298,1788549122009044444,972.9657755531372,388.01617014966905,0.979377806186676
20,16299,1788549122042388888,973.163465216756,390.3608714938164,0.975807249546051
20,16300,1788549122075733333,972.6778532862664,390.82492186129093,0.9772942662239076
20,16301,1788549122109077777,972.8601772487164,393.4507783651352,0.9754675030708312
20,16302,1788549122142422222,972.7569001168011,394.0656294450164,0.9814785718917848
20,16303,1788549122175755555,973.0129102226348,394.5723055303097,0.9760321378707886
20,16304,1788549122209100000,973.5886693298816,395.07693552970886,0.978454291820526
20,16305,1788549122242444444,974.7155520915984,396.4327661395073,0.9722155928611756
20,16306,1788549122275788888,975.8875109255314,399.0147035252303,0.9760093092918396
20,16307,1788549122309133333,976.3902634680272,399.9174691438675,0.9764805436134338
20,16308,1788549122342477777,976.680982708931,401.2992472052574,0.9739787578582764
20,16309,1788549122375822222,976.2988580465316,401.88298124819994,0.9771274328231812
20,16310,1788549122409155555,975.7130934298038,402.6864804029465,0.9746354818344116
20,16311,1788549122442500000,975.7099755704404,405.58811008930206,0.95632666349411
20,16312,1788549122475844444,976.457275480032,409.7718534618616,0.9728600382804872
20,16313,1788549122509188888,976.2748103439808,410.5059134066105,0.972464680671692
20,16314,1788549122542533333,976.951938893646,413.7602836340666,0.9530385136604308
20,16315,1788549122575877777,978.0798990279436,418.2208596765995,0.974765121936798
20,16316,1788549122609222222,978.958200249821,421.99312773766,0.976283848285675
20,16317,1788549122642555555,978.6545625329018,423.070715278387,0.9771443605422974
20,16318,1788549122675899999,978.158100143075,425.2773617208004,0.9766631126403807
20,16319,1788549122709244444,977.243336647749,426.6322843134403,0.976206600666046
20,16320,1788549122742588888,977.3303558826448,431.0615399815142,0.974303901195526
20,16321,1788549122775933333,976.5093113780022,432.7063716053962,0.9737516045570374
20,16322,1788549122809277777,976.2388518303632,436.88491248339415,0.977812886238098
20,16323,1788549122842622222,976.0467576943338,440.9520701989531,0.9771414399147034
20,16324,1788549122875955555,975.2407579421996,442.3166789114475,0.9737765192985536
20,16325,1788549122909300000,975.652263522148,446.43955370783806,0.9686490297317504
20,16326,1788549122942644444,975.7143248021604,447.7821952104569,0.973613739013672
20,16327,1788549122975988888,976.0401288606226,448.8974789381027,0.9757462739944458
20,16328,1788549123009333333,976.1432302743196,449.16741205751896,0.974224090576172
20,16329,1788549123042677777,976.9203921556472,452.7630567401648,0.96892249584198
20,16330,1788549123076022222,976.9973773895764,455.36630007624626,0.9697070717811584
20,16331,1788549123109355555,976.7614052146672,458.1837761849165,0.965543568134308
20,16332,1788549123142700000,977.0062323343008,461.91856557130814,0.9604740142822266
20,16333,1788549123176044444,976.655223429203,463.1175519749522,0.9626876711845398
20,16334,1788549123209388888,976.5015040040016,464.114400498569,0.9571027159690856
20,16335,1788549123242733333,976.7863853424788,465.4241456389427,0.9622218012809752
20,16336,1788549123276077777,977.0157392229884,466.8375740945339,0.961699903011322
20,16337,1788549123309422222,977.5074966549872,468.13252721726894,0.9599582552909852
20,16338,1788549123342755555,977.7525559663771,469.6917342543602,0.9536153674125672
20,16339,1788549123376100000,977.1769109219312,469.5900540053845,0.9567121267318726
20,16340,1788549123409444444,975.8009380251168,469.6087033748626,0.9592545628547668
20,16341,1788549123442788888,974.9941789745352,473.0467979237437,0.9550466537475586
20,16342,1788549123476133333,973.427377551794,473.4113570153713,0.9554002285003662
20,16343,1788549123509477777,973.8214812129736,479.1434558033943,0.9534295201301576
20,16344,1788549123542822222,973.1798143088818,479.59036180377007,0.9558873772621156
20,16345,1788549123576155555,973.6093736588956,482.4071139395237,0.9498714804649352
20,16346,1788549123609500000,973.5085247159004,483.5178945660591,0.9522127509117126
20,16347,1788549123642844444,973.3112417757512,484.20074523985386,0.9579882025718688
20,16348,1788549123676188888,973.278409808874,486.076863899827,0.9608379006385804
20,16349,1788549123709533333,973.3221502304076,487.9471605755389,0.959718942642212
20,16350,1788549123742877777,973.509268462658,489.9341941997409,0.9661340713500975
20,16351,1788549123776222222,973.2755227088928,491.6985084116459,0.9661391973495485
20,16352,1788549123809555555,973.0186941437424,492.618759483099,0.9696483612060548
20,16353,1788549123842900000,972.7258968949318,493.7362606525421,0.9712631106376648
20,16354,1788549123876244444,973.2580717206,496.67978021502495,0.9702164530754088
20,16355,1788549123909588888,973.988631996326,498.4516990482807,0.9739896655082704
20,16356,1788549123942933333,974.8904303386807,499.5732274353504,0.9744304418563844
20,16357,1788549123976277777,975.8604759275912,501.1675967872143,0.9780825972557068
20,16358,1788549124009622222,976.7609204500914,503.4685856699943,0.9731687903404236
20,16359,1788549124042955555,976.4172285795212,504.38434794545174,0.974523901939392
20,16360,1788549124076300000,976.0268161445856,506.92242524027824,0.9833744764328004
20,16361,1788549124109644444,975.6500307619572,508.54170975089073,0.9745579957962036
20,16362,1788549124142988888,975.7235694229604,511.0050591882318,0.9810802936553956
20,16363,1788549124176333333,975.9172860234976,512.8700970560312,0.9811195731163024
20,16364,1788549124209677777,975.7621442824602,513.6868224143982,0.979402244091034
20,16365,1788549124243022222,975.6962971687316,514.8468540459871,0.9796014428138732
20,16366,1788549124276355555,976.4059979319572,519.0003850081994,0.9612245559692384
20,16367,1788549124309700000,977.186576217413,522.0569322444499,0.978736400604248
20,16368,1788549124343044444,977.5782451331615,523.7840524613857,0.9697396159172058
20,16369,1788549124376388888,979.2187114208936,529.2266072481871,0.971727192401886
20,16370,1788549124409733333,979.6678211390972,529.7098978459835,0.9774025678634644
20,16371,1788549124443077777,980.6283232569696,532.1411300897598,0.974218249320984
20,16372,1788549124476422222,980.646282017231,532.5138210654259,0.9751846194267272
20,16373,1788549124509755555,981.0191213078796,535.0920588970184,0.9765982031822203
20,16374,1788549124543100000,980.8825496062636,535.5115143656731,0.9758586883544922
20,16375,1788549124576444444,981.4629748761654,537.7919882237911,0.9731947779655457
20,16376,1788549124609788888,982.1979802250862,539.2128299623728,0.9774492383003236
20,16377,1788549124643133333,983.2130080461502,540.5781289339066,0.9780527949333192
20,16378,1788549124676477777,984.9131025373936,543.5381944775581,0.9747329354286194
20,16379,1788549124709822222,986.3311864435672,545.3066657185555,0.9778326749801636
20,16380,1788549124743155555,988.0838728696108,549.2382200956345,0.9768934845924376
20,16381,1788549124776500000,988.8836924955248,551.4855596721172,0.9765887260437012
20,16382,1788549124809844444,989.8240331560372,554.9134385213256,0.977352738380432
20,16383,1788549124843188888,989.8000064343214,556.559766203165,0.9766985774040222
20,16384,1788549124876533333,989.125859349966,558.198706433177,0.9798176288604736
20,16385,1788549124909877777,988.7071090042592,561.5931900143623,0.9726130366325378
20,16386,1788549124943222222,987.9035041853786,562.7439139783382,0.9793449640274048
20,16387,1788549124976555555,988.414432257414,566.1438594758511,0.9748008251190186
20,16388,1788549125009900000,989.3880034983158,569.5887003540993,0.9746522903442384
20,16389,1788549125043244444,990.9262694865464,573.7726826816797,0.9795488715171814
20,16390,1788549125076588888,991.5737550854684,575.7691421657801,0.9781414270401
20,16391,1788549125109933333,992.1457644253968,577.5783572494984,0.9783496260643004
20,16392,1788549125143277777,992.7024628520012,580.9618573002517,0.967159628868103
20,16393,1788549125176622222,993.9900539126248,586.3783816695213,0.958185076713562
20,16394,1788549125209955555,994.3799424469472,588.1591766774654,0.9597013592720032
20,16395,1788549125243299999,995.0855467095972,589.7704065293074,0.9496392607688904
20,16396,1788549125276644444,996.7968566864728,592.9199083894491,0.7871807217597961
20,16397,1788549125309988888,997.4229609072208,593.4171667695045,0.733582079410553
20,16398,1788549125343333333,997.625854551792,593.1610829085112,0.7289835214614868
20,16399,1788549125376677777,998.3933122456074,592.545545488596,0.7710848450660706
20,16400,1788549125410022222,998.7725456506014,592.438409537077,0.7894176840782166
20,16401,1788549125443355555,999.929962784052,592.6793010532856,0.8725228309631348
20,16402,1788549125476700000,1001.1130400151014,593.1355840861797,0.8927235007286072
20,16403,1788549125510044444,1002.5123408734798,593.7362228035927,0.8985198140144348
20,16404,1788549125543388888,1003.7106726765631,594.2369823604822,0.9016912579536438
20,16405,1788549125576733333,1005.3782450854778,590.5088803172112,0.9553730487823486
20,16406,1788549125610077777,1005.809921219945,589.8255832791328,0.9735702276229858
20,16407,1788549125643422222,1005.7982696890832,588.5720574259758,0.9690070748329164
20,16408,1788549125676755555,1005.8683705329896,584.2281713336706,0.9795446991920472
20,16409,1788549125710100000,1004.974046062678,582.5173548161983,0.980198621749878
20,16410,1788549125743444444,1004.502648860216,578.7802094370127,0.9789999723434448
20,16411,1788549125776788888,1004.1340238898993,574.1865646988153,0.9752089977264404
20,16412,1788549125810133333,1004.3708819150924,567.569531083107,0.9781574606895448
20,16413,1788549125843477777,1004.4758934676648,560.9457397609949,0.9748581647872924
20,16414,1788549125876822222,1004.3143545389177,555.7822392880917,0.9839868545532228
20,16415,1788549125910155555,1004.0136167425662,551.2242680191994,0.9795461297035216
20,16416,1788549125943499999,1003.8286554962395,545.1041789725423,0.9817532896995544
20,16417,1788549125976844444,1003.020579783246,541.346538990736,0.9814173579216005
20,16418,1788549126010188888,1002.5278980731964,535.2023128718138,0.9699134230613708
20,16419,1788549126043533333,1002.3346365690232,530.3098007440567,0.9768880605697632
20,16420,1788549126076877777,1002.5178193449974,527.3661876320839,0.9755024909973145
20,16421,1788549126110222222,1003.9533393718302,521.7403163909912,0.9589300751686096
20,16422,1788549126143555555,1005.315996915102,518.8733133375645,0.9761404991149902
20,16423,1788549126176900000,1006.02402699925,518.3350312113762,0.9767908453941344
20,16424,1788549126210244444,1006.1253750175238,517.5486427545547,0.975087583065033
20,16425,1788549126243588888,1005.7139089405536,515.231975659728,0.9753592610359192
20,16426,1788549126276933333,1005.2995179593564,509.22094160318375,0.9747937321662904
20,16427,1788549126310277777,1003.8923438116908,508.2282181233168,0.9810281991958618
20,16428,1788549126343622222,1002.736440896988,504.5744948983192,0.9631550312042236
20,16429,1788549126376955555,1001.2846406698228,502.7317887842655,0.9745137691497804
20,16430,1788549126410300000,999.801614165306,501.2791938185692,0.9741083979606628
20,16431,1788549126443644444,998.3464547991751,502.3314225971699,0.973569631576538
20,16432,1788549126476988888,997.1520300507544,502.3556617796421,0.9750058054924012
20,16433,1788549126510333333,995.4610722362996,502.9990225501824,0.9753093123435974
20,16434,1788549126543677777,994.2207957804204,500.28512331843376,0.9660267233848572
20,16435,1788549126577022222,993.0375847443938,500.3088999390602,0.9705881476402284
20,16436,1788549126610355555,992.7391812205316,498.36196848750114,0.9554421305656432
20,16437,1788549126643699999,992.8316892981528,498.46703481674194,0.956798791885376
20,16438,1788549126677044444,993.6220982670784,495.82199247181416,0.9441521167755128
20,16439,1788549126710388888,994.0620919167995,496.354679107666,0.9413887858390808
20,16440,1788549126743733333,994.5120580792428,495.2602086663246,0.9294533133506776
20,16441,1788549126777077777,994.521284788847,494.9108989983797,0.908930778503418
20,16442,1788549126810422222,994.6216062903404,492.8756490945816,0.8256291151046753
20,16443,1788549126843755555,994.4637413620948,493.7312818169594,0.8167276978492737
20,16444,1788549126877100000,994.794017419219,491.16875974833965,0.7679013013839722
20,16445,1788549126910444444,995.0575522333384,490.1505151093006,0.7520397305488586
20,16446,1788549126943788888,995.4451003074646,489.13667736947536,0.7321979999542236
20,16447,1788549126977133333,995.8916888311504,488.2554264962673,0.7222069501876831
20,16448,1788549127010477777,996.4346560239792,486.99846753966995,0.7066489458084106
20,16449,1788549127043822222,998.0364040918648,481.86164236068726,0.6933712959289551
20,16450,1788549127077155555,998.7875411361456,481.83662953972816,0.6938048601150513
20,16451,1788549127110500000,999.5243575274944,480.59201258420944,0.6871513724327087
20,16452,1788549127143844444,1000.0326883122324,479.24837550520897,0.6891123652458191
20,16453,1788549127177188888,1000.3118136525154,475.2504072487354,0.7018048167228699
20,16454,1788549127210533333,999.8614885210992,473.1699906438589,0.7063811421394348
20,16455,1788549127243877777,999.407687097788,471.0300518423319,0.7168852686882019
20,16456,1788549127277222222,999.286396831274,468.4051539003849,0.6984763741493225
20,16457,1788549127310555555,999.2915911376476,467.5598323047161,0.6910187005996704
20,16458,1788549127343899999,999.6042114198208,466.8535597026348,0.6816301941871643
20,16459,1788549127377244444,999.8966732248664,465.6908127069473,0.6655944585800171
20,16460,1788549127410588888,999.843350932002,464.56785410642624,0.6389021277427673
20,16461,1788549127443933333,999.3559842705728,464.29441472887993,0.6205088496208191
20,16462,1788549127477277777,1000.2129419595004,457.7476869523525,0.7944700121879578
20,16463,1788549127510622222,998.9111954197288,456.7651633322239,0.8544210195541382
20,16464,1788549127543955555,997.5153921246527,455.3306207656861,0.880943775177002
20,16465,1788549127577300000,996.1641854941844,453.4290330708027,0.898321270942688
20,16466,1788549127610644444,995.3137301802636,450.7591831833124,0.9001660346984863
20,16467,1788549127643988888,994.7289193272592,447.1129244416952,0.8884786367416382
20,16468,1788549127677333333,994.194730490446,443.8737903833389,0.8977418541908264
20,16469,1788549127710677777,993.5876449942588,440.2410905212164,0.8942436575889587
20,16470,1788549127744022222,992.2574810683728,436.96842861175537,0.8930323123931885
20,16471,1788549127777355555,990.854453533888,434.46499916911125,0.8883958458900452
20,16472,1788549127810700000,989.043420381844,432.25483962893486,0.8814105987548828
21,16799,1788549138713811111,889.3333333333334,509.3333333333333,1.0
21,16800,1788549138747155555,885.9843932287768,511.34603264927864,0.9781191945075988
21,16801,1788549138780500000,885.7699725180864,516.1065657362342,0.969873309135437
21,16802,1788549138813844444,886.7400192022324,518.1919764876366,0.971408486366272
21,16803,1788549138847188888,888.5518874228001,521.6694760322571,0.9580243825912476
21,16804,1788549138880533333,889.3415227234364,521.6183097958565,0.971526026725769
21,16805,1788549138913866666,889.6829984486103,523.3040823638439,0.978161633014679
21,16806,1788549138947211111,888.5190213024616,524.9956916063093,0.9781620502471924
21,16807,1788549138980555555,886.9637316837907,529.237180352211,0.9803285598754884
21,16808,1788549139013900000,884.7621500492096,530.2677342891693,0.9651598930358888
21,16809,1788549139047244444,882.4975402653217,529.8139613568783,0.9755739569664
21,16810,1788549139080588888,881.3322903513908,531.6777456998825,0.9632274508476256
21,16811,1788549139113933333,880.7176933288574,534.2809448540211,0.976649522781372
21,16812,1788549139147266666,879.5309947431087,534.238630309701,0.9572875499725342
21,16813,1788549139180611111,879.4596098661423,538.1787143051624,0.9701473116874696
21,16814,1788549139213955555,879.1343378722668,539.8576608747244,0.9723086953163148
21,16815,1788549139247300000,878.9470458291471,540.6437070965767,0.9579278230667114
21,16816,1788549139280644444,879.0418157353997,541.2606871426105,0.974394917488098
21,16817,1788549139313988888,879.6621761322021,543.1140931099653,0.9577838778495787
21,16818,1788549139347333333,879.9427541866899,546.5577130913734,0.9465758800506592
21,16819,1788549139380666666,878.9904542881995,547.0264824163169,0.8988797068595886
21,16820,1788549139414011111,877.9369710534811,547.143854945898,0.8737052083015442
21,16821,1788549139447355555,877.5442629754543,547.6561313867569,0.768478512763977
21,16822,1788549139480700000,877.8849815800786,547.9843778647482,0.7632988095283508
21,16823,1788549139514044444,877.9249068424106,549.1971011161804,0.7588922381401062
21,16824,1788549139547388888,877.8028900027275,547.5331357717514,0.915108859539032
21,16825,1788549139580733333,877.2876368761063,545.4139869809151,0.9654515385627748
21,16826,1788549139614066666,875.9837330970913,541.2482524216175,0.9518570303916932
21,16827,1788549139647411111,874.2916244566441,539.0052463929169,0.9694647192955016
21,16828,1788549139680755555,872.7063584625721,534.1467508673668,0.9512047171592712
21,16829,1788549139714100000,870.9959475281648,531.5329951941967,0.9583045840263368
21,16830,1788549139747444444,869.1320866048336,529.3198291361332,0.9718809127807616
21,16831,1788549139780788888,867.2102226018906,525.2538897097111,0.9532501697540284
21,16832,1788549139814133333,866.0977955907583,522.796434789896,0.9700098633766174
21,16833,1788549139847466666,865.7916875183582,517.460624307394,0.9564961194992064
21,16834,1788549139880811111,865.7108063697815,511.9557278640568,0.9749221205711364
21,16835,1788549139914155555,865.527822136879,509.56510043144226,0.9547030329704284
21,16836,1788549139947500000,865.2107631266117,507.20336481928825,0.9687790870666504
21,16837,1788549139980844444,864.7995173335075,503.9030324146151,0.9738168120384216
21,16838,1788549140014188888,864.2778289318085,498.8459042608738,0.96212238073349
21,16839,1788549140047533333,864.2723952233791,496.0186040420085,0.9660911560058594
21,16840,1788549140080866666,864.1586635708809,489.6324051916599,0.9615490436553956
21,16841,1788549140114211111,864.0214096624404,487.6580937206745,0.981638491153717
21,16842,1788549140147555555,863.229856222868,483.00528176128864,0.9611521363258362
21,16843,1788549140180900000,862.4934457540512,478.42313036322594,0.970004677772522
21,16844,1788549140214244444,861.7510392069817,475.3154616057873,0.965684413909912
21,16845,1788549140247588888,861.4451230764389,470.4364262521267,0.9644977450370787
21,16846,1788549140280933333,861.2321660220623,466.5096622407437,0.9786967039108276
21,16847,1788549140314266666,860.8486631214619,463.6314061582089,0.9664993286132812
21,16848,1788549140347611111,860.3978967964649,461.87531112879515,0.979988932609558
21,16849,1788549140380955555,859.7255726158619,455.6018051505089,0.9658000469207764
21,16850,1788549140414300000,860.0860068723559,450.55518996715546,0.9746814370155334
21,16851,1788549140447644444,861.5118725001812,446.7331338226795,0.96542227268219
21,16852,1788549140480988888,862.6530230343342,442.28979644179344,0.9720086455345154
21,16853,1788549140514333333,863.2627321183681,439.66363140940666,0.9674962759017944
21,16854,1788549140547666666,863.2957542836666,436.51088416576385,0.9710698127746582
21,16855,1788549140581011111,862.8726870268583,434.6425351202488,0.9624235033988952
21,16856,1788549140614355555,862.3274814486504,433.2734818458557,0.9755725860595704
21,16857,1788549140647700000,862.0178021714091,431.50633466243744,0.9689726829528807
21,16858,1788549140681044444,862.0736058950424,427.21805569529533,0.95225191116333
21,16859,1788549140714388888,862.6924586594105,423.29298079013824,0.9759414792060852
21,16860,1788549140747733333,863.5487831532955,420.11633441597223,0.9541341066360474
21,16861,1788549140781066666,864.2487190067768,416.50419890880585,0.9722702503204346
21,16862,1788549140814411111,864.7106939256191,411.62280797958374,0.9550689458847046
21,16863,1788549140847755555,865.3084909021854,411.0729251950979,0.9419503808021544
21,16864,1788549140881100000,865.9443343169987,412.4518858194351,0.9454280138015748
21,16865,1788549140914444444,866.2630113065243,408.6422506868839,0.9357520937919616
21,16866,1788549140947788888,867.0076459953561,409.764431014657,0.9454641938209534
21,16867,1788549140981133333,867.4063228070736,404.8061525672674,0.9354263544082642
21,16868,1788549141014466666,867.657311797142,401.8669613003731,0.9734681248664856
21,16869,1788549141047811111,867.4870700240135,398.655411362648,0.9369291067123412
21,16870,1788549141081155555,867.3347048461437,398.64376217126846,0.9405867457389832
21,16871,1788549141114500000,866.922767393291,391.2245683372021,0.927739679813385
21,16872,1788549141147844444,866.1726355403662,390.44070026278496,0.934694230556488
21,16873,1788549141181188888,865.5985852777958,389.86459700763226,0.9311128854751588
21,16874,1788549141214533333,865.0632858425379,376.8663825392723,0.9234859943389891
21,16875,1788549141247866666,864.8482365757227,373.07829198241234,0.9694780111312866
21,16876,1788549141281211111,864.4925303161144,369.34886276721954,0.9250194430351256
21,16877,1788549141314555555,864.259488940239,368.5417545437813,0.9442359209060668
21,16878,1788549141347900000,864.3068582415581,367.32544308900833,0.9249069690704346
21,16879,1788549141381244444,864.9849620694295,366.202030479908,0.9566805362701416
21,16880,1788549141414588888,866.5434557795525,364.53448325395584,0.9247242212295532
21,16881,1788549141447933333,869.7056147456169,361.2167750149966,0.916512370109558
21,16882,1788549141481266666,873.3188063502312,362.2419037371874,0.9252630472183228
21,16883,1788549141514611111,877.5242580473423,365.9622702561319,0.937063217163086
21,16884,1788549141547955555,881.955326359719,373.267173320055,0.9452853202819824
21,16885,1788549141581300000,885.3597157895565,376.800520375371,0.9233970642089844
21,16886,1788549141614644444,887.7179940342903,375.02110782824457,0.9322843551635742
21,16887,1788549141647988888,890.4438991546631,379.8997916132212,0.9265122413635254
21,16888,1788549141681333333,891.4322217106819,382.55930757522583,0.9580442905426024
21,16889,1788549141714666666,891.3044546544552,385.5446852147579,0.9302747249603271
21,16890,1788549141748011111,889.9092705398798,386.65626564621925,0.96282958984375
21,16891,1788549141781355555,887.9496619813144,388.6214746534824,0.94224214553833
21,16892,1788549141814700000,886.5397564172745,391.3212227523327,0.9663435816764832
21,16893,1788549141848044444,885.7821308076382,394.4295843541622,0.9425146579742432
21,16894,1788549141881388888,886.1926353573799,397.1632052510977,0.9593535661697388
21,16895,1788549141914733333,888.0666873902082,401.216658949852,0.9566331505775452
21,16896,1788549141948066666,891.2152337133884,407.5098280310631,0.9424753189086914
21,16897,1788549141981411111,894.2777113318443,410.2707917392254,0.9635413289070128
21,16898,1788549142014755555,897.3395857810974,413.028774747625,0.9529879689216614
21,16899,1788549142048100000,900.6233601272106,418.1218167319894,0.9350346922874452
21,16900,1788549142081444444,903.1818889975548,423.323684245348,0.9542123675346376
21,16901,1788549142114788888,904.9511448889972,428.8524731248617,0.9508775472640992
21,16902,1788549142148133333,906.045397054404,436.01072786189616,0.9524457454681396
21,16903,1788549142181466666,908.0457312911748,448.1685010045767,0.9604983925819396
21,16904,1788549142214811111,908.7544973641634,451.68030524253845,0.9771786332130432
21,16905,1788549142248155555,909.7872229516506,456.86697421967983,0.961585283279419
21,16906,1788549142281500000,910.5228768587112,461.3430745005608,0.9618076086044312
21,16907,1788549142314844444,911.7834807634354,469.46029353141785,0.9574059844017028
21,16908,1788549142348188888,912.5848369598388,473.6729768514633,0.9626495838165284
21,16909,1788549142381533333,914.3907304108144,482.9299030452966,0.9610152244567872
21,16910,1788549142414866666,916.1018997132778,489.5329747200012,0.9543249607086182
21,16911,1788549142448211111,917.1307556927204,490.7945300489664,0.9745574593544006
21,16912,1788549142481555555,918.1495972722768,493.4621378183365,0.9558308720588684
21,16913,1788549142514900000,918.487062484026,493.6529214680195,0.9560253024101256
21,16914,1788549142548244444,919.5903564989568,497.98350968398154,0.9615694284439088
21,16915,1788549142581588888,920.9757489860058,502.92626098543406,0.9604368209838868
21,16916,1788549142614933333,922.6083914935588,508.4346863627434,0.9440215229988098
21,16917,1788549142648266666,923.5753787755966,509.9643781408667,0.968460977077484
21,16918,1788549142681611111,924.9556906744838,514.590341001749,0.9534674882888794
21,16919,1788549142714955555,926.2369977086782,517.4464851021767,0.9717167615890504
21,16920,1788549142748300000,927.9191122725606,524.3667017817497,0.9577249884605408
21,16921,1788549142781644444,929.3172567784786,528.1530845761299,0.9518743753433228
21,16922,1788549142814988888,931.0092183807864,534.1345000863075,0.9614359736442566
21,16923,1788549142848333333,932.5217427909374,538.1446137726307,0.958682656288147
21,16924,1788549142881666666,933.511181563139,540.5441029071808,0.9360814690589904
21,16925,1788549142915011111,933.8862391859292,542.6757335662842,0.963363766670227
21,16926,1788549142948355555,934.2490653693676,547.4489934742451,0.9320727586746216
21,16927,1788549142981700000,934.3778877556324,552.9757323749363,0.957952916622162
21,16928,1788549143015044444,934.3727990686892,555.4270845353603,0.9327872395515442
21,16929,1788549143048388888,934.4788253307344,558.3507996201515,0.9520127177238464
21,16930,1788549143081733333,935.1084654927254,564.9459032714367,0.953187108039856
21,16931,1788549143115066666,935.1744982600212,567.2064502686262,0.9255688786506652
21,16932,1788549143148411111,934.8055371046066,566.4752623736858,0.926310658454895
21,16933,1788549143181755555,934.289090514183,566.6141357421875,0.9277532696723938
21,16934,1788549143215100000,934.391543418169,570.1798457354307,0.8632127642631531
21,16935,1788549143248444444,935.5552988350393,581.3440737724304,0.9107571840286256
21,16936,1788549143281788888,935.0863770470024,582.2050107121468,0.92167466878891
21,16937,1788549143315133333,935.0761695578694,585.4773257374763,0.8242642283439636
21,16938,1788549143348466666,936.6828449070454,597.5066184699535,0.8886340260505676
21,16939,1788549143381811111,937.5553309619428,602.0037193212193,0.7442929148674011
21,16940,1788549143415155555,937.8229851722716,602.9528099820018,0.6847082376480103
21,16941,1788549143448500000,937.9965779003688,603.3761576116085,0.5910646319389343
21,16942,1788549143481844444,937.737245351076,603.6140261292458,0.5903123617172241
21,16943,1788549143515188888,938.0404860414563,602.8148797303438,0.8281362056732178
21,16944,1788549143548533333,938.0809689611197,602.6454483270645,0.8519758582115173
21,16945,1788549143581866666,938.3735659718512,597.4416501224041,0.9001712799072266
21,16946,1788549143615211111,938.5068276822568,592.9800414908677,0.9496856927871704
21,16947,1788549143648555555,938.3058572113514,588.0621683001518,0.9106237888336182
21,16948,1788549143681900000,937.758846759796,584.0264466758817,0.9098348021507264
21,16949,1788549143715244444,937.1105772778392,583.364166021347,0.9180318117141724
21,16950,1788549143748588888,936.8426745980978,576.8489837795496,0.9172435998916626
21,16951,1788549143781933333,937.0186844114214,572.3969476521015,0.9563863277435304
21,16952,1788549143815266666,937.5052192509174,566.7448325455189,0.9169158935546876
21,16953,1788549143848611111,938.1150987669826,563.2283014506102,0.960289716720581
21,16954,1788549143881955555,938.842187717557,557.4703541696072,0.9213064312934875
21,16955,1788549143915300000,939.4110468924046,554.5647016167641,0.9611132740974426
21,16956,1788549143948644444,940.0804156810044,549.3222534954548,0.9253634214401244
21,16957,1788549143981988888,940.3018431663512,548.7040188908577,0.9285879731178284
21,16958,1788549144015333333,940.5816952288152,548.1050937399268,0.930815041065216
21,16959,1788549144048666666,940.6037099659444,544.9412601478398,0.9272873997688292
21,16960,1788549144082011111,940.7321016192436,535.611131042242,0.9312241077423096
21,16961,1788549144115355555,940.6327255368232,534.7979713827372,0.9365665316581726
21,16962,1788549144148700000,941.3403502106668,522.1732218116522,0.8950031995773315
21,16963,1788549144182044444,941.735992193222,518.7458801269531,0.9459615349769592
21,16964,1788549144215388888,942.2380535006524,512.918793939054,0.9737145900726318
21,16965,1788549144248733333,942.678790897131,509.38045504689217,0.9449746012687684
21,16966,1788549144282066666,943.1913622766732,503.7677571475506,0.97178715467453
21,16967,1788549144315411111,943.4864273071288,499.33546632528305,0.9636266231536864
21,16968,1788549144348755555,943.33720266819,495.41790196299553,0.946802258491516
21,16969,1788549144382100000,943.22752417624,492.06738625466824,0.972348928451538
21,16970,1788549144415444444,943.2143906652929,484.3961091041565,0.9444419741630554
21,16971,1788549144448788888,943.08594263345,479.4581154882908,0.9744444489479064
21,16972,1788549144482133333,942.9756578207016,476.49070140719414,0.9480116367340088
21,16973,1788549144515466666,942.9623819217086,471.7207909524441,0.9727919697761536
21,16974,1788549144548811111,942.9081372469664,467.83438351750374,0.9575189352035522
21,16975,1788549144582155555,942.8180714696646,464.81846445798874,0.94775652885437
21,16976,1788549144615500000,942.8277440369128,462.6445931494236,0.971483826637268
21,16977,1788549144648844444,942.9091689288616,455.8988729417324,0.941066324710846
21,16978,1788549144682188888,943.0797611549496,453.6279613375664,0.9685969352722168
21,16979,1788549144715533333,943.3650759756564,445.775215446949,0.9525933265686036
21,16980,1788549144748866666,943.5489432811736,440.2175568193197,0.9390031695365906
21,16981,1788549144782211111,943.362772077322,439.3631050586701,0.9587060213088988
21,16982,1788549144815555555,943.1751419603823,433.175479888916,0.9346337914466858
21,16983,1788549144848900000,942.968240853399,432.51293885707855,0.9449514150619508
21,16984,1788549144882244444,942.8453598320484,428.89099660515785,0.9380587339401244
21,16985,1788549144915588888,943.0341302901506,424.6222466230393,0.9705629348754884
21,16986,1788549144948933333,943.1865497678518,420.0314782075584,0.945203185081482
21,16987,1788549144982266666,943.7392884492874,413.2057159394026,0.9276688694953918
21,16988,1788549145015611111,944.2562435269356,412.35707023739815,0.9370020627975464
21,16989,1788549145048955555,944.5610689222812,408.7987789362669,0.9292514324188232
21,16990,1788549145082300000,944.757157087326,408.6345660686493,0.9344571232795716
21,16991,1788549145115644444,945.1900045871736,404.1624365150929,0.9499656558036804
21,16992,1788549145148988888,945.4150547385216,399.3787912726402,0.9241204857826232
21,16993,1788549145182333333,945.4946816563606,399.2615743875503,0.9285642504692078
21,16994,1788549145215666666,946.1915110498668,387.36611834168434,0.9135214686393738
21,16995,1788549145249011111,946.432539731264,386.70785889029503,0.9250355362892152
21,16996,1788549145282355555,947.0877818763256,379.5930694043636,0.9166454076766968
21,16997,1788549145315700000,947.7262381911278,376.5585802793503,0.9466298818588256
21,16998,1788549145349044444,948.2065298706292,373.89378160238266,0.9232858419418336
21,16999,1788549145382388888,948.585857629776,373.20559471845627,0.9259014129638672
21,17000,1788549145415733333,949.140479400754,366.65673846006393,0.9109078049659728
21,17001,1788549145449066666,949.7351957261562,363.9484725557268,0.94197416305542
21,17002,1788549145482411111,950.1752698272468,361.70753982663155,0.9118051528930664
21,17003,1788549145515755555,950.9358169287444,364.804166123271,0.9568891525268556
21,17004,1788549145549100000,951.5101776123048,368.93564239889383,0.9155057072639464
21,17005,1788549145582444444,951.949165251106,372.6151764690876,0.919536292552948
21,17006,1788549145615788888,953.3681230843068,379.3885014653206,0.9222992658615112
21,17007,1788549145649133333,953.4610851705074,380.2683924436569,0.927069902420044
21,17008,1788549145682466666,954.8973083868624,387.3198208510876,0.9252554774284364
21,17009,1788549145715811111,955.2500093877316,388.3024624288082,0.9363147020339966
21,17010,1788549145749155555,956.4526107907296,394.2070307135582,0.9275747537612916
21,17011,1788549145782500000,956.732310771942,395.0206067431718,0.9412304162979126
21,17012,1788549145815844444,957.571003228426,399.26041573286057,0.9261637330055236
21,17013,1788549145849188888,957.9939295710064,403.60226461291313,0.9591867327690125
21,17014,1788549145882533333,958.5168861150742,407.6382266283035,0.9244940876960754
21,17015,1788549145915866666,959.0753684863448,412.0356573872268,0.957677960395813
21,17016,1788549145949211111,959.7834744006396,419.9130517169833,0.9655137658119202
21,17017,1788549145982555555,959.8049285560846,423.5388926267624,0.935315728187561
21,17018,1788549146015900000,959.746251285076,425.7052344679833,0.9585870504379272
21,17019,1788549146049244444,959.850660160184,427.3705852031708,0.9322938919067384
21,17020,1788549146082588888,960.7055732309818,431.41708490252495,0.9521536231040956
21,17021,1788549146115933333,962.3275852203368,439.0652299448848,0.9517184495925904
21,17022,1788549146149266666,963.2489770799876,442.8341679573059,0.9380074739456176
21,17023,1788549146182611111,963.5227163434027,444.6924615204334,0.95595782995224
21,17024,1788549146215955555,964.20452439785,450.8041704297066,0.9359875917434692
21,17025,1788549146249300000,964.0222403742372,452.70965245366096,0.9669073224067688
21,17026,1788549146282644444,964.7050277590752,458.4557274878025,0.9321869611740112
21,17027,1788549146315988888,964.6626026332378,461.8385104984045,0.9679782390594482
21,17028,1788549146349333333,964.5177959501744,464.1205579638481,0.9383106231689452
21,17029,1788549146382666666,964.5027618706226,468.91182742267847,0.9643248915672302
21,17030,1788549146416011111,964.32673946023,474.2340852767229,0.966980516910553
21,17031,1788549146449355555,964.6611810922624,479.5321553647518,0.9348368644714355
21,17032,1788549146482700000,964.6989325284958,480.5099983513355,0.9561076164245604
21,17033,1788549146516044444,965.3668111562728,483.2658194601536,0.9392241835594176
21,17034,1788549146549388888,966.386778652668,487.87507078796625,0.955325961112976
21,17035,1788549146582733333,967.5382977724076,492.6525039076805,0.9546501636505128
21,17036,1788549146616066666,968.773530498147,497.8172436207533,0.9366950988769532
21,17037,1788549146649411111,969.3308372795582,500.2076242864132,0.9622832536697388
21,17038,1788549146682755555,970.2178696244956,505.4520186781883,0.9339326620101928
21,17039,1788549146716100000,970.5553024113178,508.3118581175804,0.9461278915405272
21,17040,1788549146749444444,970.7900837808849,511.96896125376225,0.9573706388473512
21,17041,1788549146782788888,971.632336884737,517.3100255131721,0.930041491985321
21,17042,1788549146816133333,971.6846081614494,519.9312576875091,0.9559924006462096
21,17043,1788549146849466666,972.5258577167988,524.9513723775744,0.924903690814972
21,17044,1788549146882811111,972.9237851947546,527.1071530506015,0.96012282371521
21,17045,1788549146916155555,973.9289851337672,531.5573594868183,0.9241065979003906
21,17046,1788549146949500000,975.4229847788812,537.4564988911152,0.938140332698822
21,17047,1788549146982844444,976.4115144908428,539.1565884202719,0.9248864054679872
21,17048,1788549147016188888,977.7530038058758,544.5955435633659,0.9396331310272216
21,17049,1788549147049533333,978.2570644021034,546.5363811254501,0.9199848771095276
21,17050,1788549147082866666,978.8312217146158,550.1797431409359,0.9304159283638
21,17051,1788549147116211111,979.1719973683356,554.5928629338741,0.94585782289505
21,17052,1788549147149555555,979.699674487114,560.0964470282197,0.914358615875244
21,17053,1788549147182900000,979.8483785837888,563.9326629564166,0.9457453489303588
21,17054,1788549147216244444,980.9412598833442,568.9765159226954,0.9168311357498168
21,17055,1788549147249588888,981.5019097626208,572.2430604249239,0.9444815516471864
21,17056,1788549147282933333,982.480664163828,576.8052779138088,0.9110883474349976
21,17057,1788549147316266666,982.6873318254948,576.7160043716431,0.91449636220932
21,17058,1788549147349611111,982.8128993809224,576.6574235856533,0.9177887439727784
21,17059,1788549147382955555,983.383689582348,580.9562630578876,0.8927023410797119
21,17060,1788549147416300000,984.41250744462,586.3640261888504,0.8688368201255798
21,17061,1788549147449644444,984.7136684656144,586.7653002589941,0.8580721020698547
21,17062,1788549147482988888,985.1505077034236,587.37225446105,0.8140586614608765
21,17063,1788549147516333333,984.5870988965034,587.1760528236628,0.8127163648605347
21,17064,1788549147549666666,984.1647708266972,582.0555454492569,0.9022658467292786
21,17065,1788549147583011111,983.8021307587624,578.3915823400021,0.9524537920951844
21,17066,1788549147616355555,983.9019333273172,574.0510893501341,0.91914701461792
21,17067,1788549147649700000,983.6517694592476,572.2872635126114,0.9403904676437378
21,17068,1788549147683044444,983.3099455535412,569.7713305652142,0.9184685349464417
21,17069,1788549147716388888,983.3780349195004,562.0970182418823,0.9129480123519896
21,17070,1788549147749722222,983.3378873169422,560.5368374586105,0.91914165019989
21,17071,1788549147783066666,983.7634190917016,552.9074666202068,0.9197954535484314
21,17072,1788549147816411111,984.1939563006164,548.6095580756664,0.9612714052200316
21,17073,1788549147849755555,984.839761480689,543.2324256896973,0.9236597418785096
21,17074,1788549147883100000,985.2053556144238,541.793497428298,0.9467825889587402
21,17075,1788549147916444444,985.6181885302068,539.1662095785141,0.9226502776145936
21,17076,1788549147949788888,985.8933831900358,533.0451371334493,0.9340028166770936
21,17077,1788549147983122222,986.0727328509092,531.5764868557453,0.9272354245185852
21,17078,1788549148016466666,986.5444699823856,525.2417660653591,0.941865622997284
21,17079,1788549148049811111,986.6836476624012,523.2949202954769,0.9337305426597596
21,17080,1788549148083155555,986.7144165933132,517.123378738761,0.9479917883872986
21,17081,1788549148116500000,986.823862284422,515.2324994206429,0.9346681833267212
21,17082,1788549148149844444,986.9684439301492,509.4377336204052,0.9506810903549194
21,17083,1788549148183188888,987.320495724678,505.73221001029015,0.9468532800674438
21,17084,1788549148216522222,987.5587913095952,501.6260089874267,0.9226840734481812
21,17085,1788549148249866666,987.7885043919086,500.7021192908287,0.9288390278816224
21,17086,1788549148283211111,988.01135459356,499.7933154255152,0.9318372011184692
21,17087,1788549148316555555,989.1828665137292,490.4955112338066,0.9116905331611632
21,17088,1788549148349900000,989.6326268911362,486.8586400449276,0.9255583882331848
21,17089,1788549148383244444,989.94989477098,484.4394797682762,0.9237838983535768
21,17090,1788549148416588888,990.2979218661784,471.6472288072109,0.9065293669700624
21,17091,1788549148449922222,990.4073625206948,469.3970777988434,0.9379599690437316
21,17092,1788549148483266666,990.5676247775556,463.41639629006386,0.8991913199424744
21,17093,1788549148516611111,990.7115719020368,461.2995667755604,0.9314160943031312
21,17094,1788549148549955555,991.0311662051828,455.1205028370023,0.8995262980461121
21,17095,1788549148583300000,991.5402790904044,452.30006036162376,0.9137905836105348
21,17096,1788549148616644444,991.9908060040324,450.8758870512247,0.8962441086769104
21,17097,1788549148649988888,992.5537904798985,446.3161461949349,0.9324526190757751
21,17098,1788549148683322222,992.6587733924388,442.0020474307239,0.9201300144195556
21,17099,1788549148716666666,992.7707000076772,435.80993120372295,0.910110890865326
21,17100,1788549148750011111,992.9198664352298,435.60500064492226,0.9173323512077332
21,17101,1788549148783355555,993.3087798953056,430.5865303874016,0.9502256512641908
21,17102,1788549148816700000,993.9063282459974,425.18230935931206,0.9339616894721984
21,17103,1788549148850044444,994.3300999701024,422.93991324305534,0.939594268798828
21,17104,1788549148883388888,994.8391913771628,416.4975534975529,0.913691520690918
21,17105,1788549148916722222,995.2747866809368,415.3349136412144,0.9388483762741088
21,17106,1788549148950066666,995.725162357092,408.2858135998249,0.9151273965835572
21,17107,1788549148983411111,995.8578736186028,407.9897799314931,0.9265443086624146
21,17108,1788549149016755555,996.0403526909648,404.7192356288433,0.963452696800232
21,17109,1788549149050100000,995.9302238598466,401.9803156964481,0.923744022846222
21,17110,1788549149083444444,995.4108356237411,398.06329783052206,0.9564440250396729
21,17111,1788549149116788888,994.794537767768,393.93778593838215,0.924162745475769
21,17112,1788549149150122222,994.2730625271796,389.6609927415848,0.9587863087654114
21,17113,1788549149183466666,994.01135350205,384.88472812622786,0.9254544973373412
21,17114,1788549149216811111,994.1750445216894,380.48274755477905,0.958189845085144
21,17115,1788549149250155555,994.4421471655368,376.08913307636976,0.9147537350654602
21,17116,1788549149283500000,994.6990326344968,375.63866275548935,0.9219289422035216
21,17117,1788549149316844444,994.9729301612824,371.6166461110115,0.9502704739570618
21,17118,1788549149350188888,995.1944565474988,367.2683754861355,0.9136748313903807
21,17119,1788549149383522222,995.0185492113231,367.7630267590284,0.9180664420127868
21,17120,1788549149416866666,995.301437973976,355.4068406522274,0.8952571153640747
21,17121,1788549149450211111,995.1440001279116,355.12413062155247,0.9119503498077391
21,17122,1788549149483555555,995.3176215589046,357.1635395884514,0.938379168510437
21,17123,1788549149516900000,995.395214945078,360.45792001485825,0.910754919052124
21,17124,1788549149550244444,995.7076793015004,367.534384816885,0.9156747460365297
21,17125,1788549149583588888,995.788101285696,370.5761251747608,0.9404019117355348
21,17126,1788549149616922222,996.3146195411682,373.1824309527874,0.916391134262085
21,17127,1788549149650266666,996.7559269964696,373.7752302885055,0.9245550632476808
21,17128,1788549149683611111,998.4321550130844,380.4829407632351,0.9109278917312622
21,17129,1788549149716955555,999.0556018874048,381.5057700872421,0.9273542165756226
21,17130,1788549149750300000,1000.9909059870988,392.0232444871217,0.9142434000968932
21,17131,1788549149783644444,1001.3323491513728,393.08680525422096,0.930368959903717
21,17132,1788549149816988888,1002.01524197869,397.0482937842607,0.921756386756897
21,17133,1788549149850322222,1002.6394979059696,401.6233977973461,0.9458228349685668
21,17134,1788549149883666666,1002.9079895019532,405.7113091647625,0.9200464487075806
21,17135,1788549149917011111,1003.1646156907082,409.7325770258903,0.953437566757202
21,17136,1788549149950355555,1003.3200310766696,414.4445772767067,0.9404285550117492
21,17137,1788549149983700000,1004.0945221409202,420.3081679344177,0.9173779487609864
21,17138,1788549150017044444,1004.2152605354786,421.99930399039295,0.9381471276283264
21,17139,1788549150050388888,1004.3320240080355,422.5911923348904,0.9144935011863708
21,17140,1788549150083722222,1004.6563918888568,422.72745642066,0.9307150840759276
21,17141,1788549150117066666,1005.8139867931604,428.6183803677559,0.8677875399589539
21,17142,1788549150150411111,1006.6893748342992,431.8684084713459,0.845697283744812
21,17143,1788549150183755555,1007.9919346589596,435.7791476249695,0.8124982118606567
21,17144,1788549150217100000,1008.584221959114,440.2710791230202,0.8073278069496155
21,17145,1788549150250444444,1009.5747940838336,448.0202291235328,0.8106943368911743
21,17146,1788549150283788888,1009.0248761251568,452.38850942254066,0.8144492506980896
21,17147,1788549150317122222,1009.8097360879184,460.9483626745641,0.8060960173606873
21,17148,1788549150350466666,1009.5397910475732,466.3248380422592,0.7859023809432983
21,17149,1788549150383811111,1011.1684274673462,473.9456053972244,0.7950220704078674
21,17150,1788549150417155555,1012.3414731919764,477.15212032198906,0.7941595911979675
21,17151,1788549150450500000,1012.7828536480664,478.92356915026903,0.7755401730537415
21,17152,1788549150483844444,1014.1167259588838,487.35387405753136,0.7753793597221375
21,17153,1788549150517188888,1014.3402888178824,490.79283221066,0.7711928486824036
21,17154,1788549150550522222,1014.5922822654248,492.8290046453476,0.7690306901931763
21,17155,1788549150583866666,1015.3612581789494,500.40276512503624,0.8081017732620239
21,17156,1788549150617211111,1015.3385304510592,501.76596088707447,0.8263112902641296
21,17157,1788549150650555555,1015.8434232473372,507.82877227663994,0.8356940746307373
21,17158,1788549150683900000,1015.3272885382175,508.6915562450886,0.8446141481399536
21,17159,1788549150717244444,1015.6103408932686,514.4674614369869,0.8599345684051514
21,17160,1788549150750588888,1015.1516806781292,518.0071041272022,0.8604397177696228
21,17161,1788549150783922222,1015.7702476382256,520.2479817271233,0.8712992072105408
21,17162,1788549150817266666,1015.8301917016506,518.3401013612747,0.8737062811851501
21,17163,1788549150850611111,1016.310328245163,516.4177268147469,0.8736812472343445
21,17164,1788549150883955555,1017.0255199093372,520.8533009290695,0.8524606227874756
21,17165,1788549150917300000,1018.5748493075372,526.8806476220489,0.9229817390441896
21,17166,1788549150950644444,1019.0053204083816,527.0533746443689,0.9294650554656982
21,17167,1788549150983988888,1021.0513223409652,540.8801758438349,0.9222424626350404
21,17168,1788549151017322222,1021.0659444183112,542.5570805370808,0.931283175945282
21,17169,1788549151050666666,1021.6887173354626,549.5148401856422,0.9403167963027954
21,17170,1788549151084011111,1021.5260912775992,550.7779829800129,0.9372828602790833
21,17171,1788549151117355555,1022.3592134714128,554.6974861621857,0.9373886585235596
21,17172,1788549151150700000,1022.7214216887952,555.4023682773113,0.939251184463501
21,17173,1788549151184044444,1023.8376498222352,562.3950026631355,0.9327815175056458
21,17174,1788549151217388888,1025.175796508789,570.6508731245995,0.9293985962867736
21,17175,1788549151250722222,1025.3685824275017,571.5470961630344,0.933628261089325
21,17176,1788549151284066666,1025.9389465078712,574.1326201409101,0.9664487838745116
21,17177,1788549151317411111,1026.7082782685757,577.4199616611004,0.9389672875404358
21,17178,1788549151350755555,1027.7145453989506,583.6615616083145,0.925333857536316
21,17179,1788549151384100000,1028.1931241452694,586.486305296421,0.9130926728248596
21,17180,1788549151417444444,1028.240675866604,590.9893478285521,0.7958558797836304
21,17181,1788549151450788888,1028.0226545892656,591.3918231725693,0.7810879349708557
21,17182,1788549151484122222,1027.822869926691,591.9888450922444,0.7619499564170837
21,17183,1788549151517466666,1028.0015976415016,585.3972765803337,0.856147289276123
21,17184,1788549151550811111,1028.407642543316,581.268703520298,0.9138408899307252
21,17185,1788549151584155555,1028.4592383801937,576.8777555078268,0.8814926147460938
21,17186,1788549151617500000,1028.90726390481,575.9812724795192,0.8935683965682983
21,17187,1788549151650844444,1029.2226936519146,575.3658134937286,0.8817043900489807
21,17188,1788549151684188888,1029.655423849821,574.8459501117468,0.8804945945739746
21,17189,1788549151717522222,1030.9849770944566,569.8588421493769,0.8204302787780762
21,17190,1788549151750866666,1030.481054455042,562.6466431319714,0.8546333909034729
21,17191,1788549151784211111,1031.6949082314968,559.016405094415,0.7870887517929077
21,17192,1788549151817555555,1031.6910072267056,548.1574970781803,0.8676732182502747
21,17193,1788549151850900000,1031.903202228248,545.2644926309586,0.9242064952850342
21,17194,1788549151884244444,1031.9584079273045,540.7796623110771,0.9214813113212584
21,17195,1788549151917588888,1031.9186660721898,538.9163012579083,0.956921637058258
21,17196,1788549151950922222,1031.974397180602,535.908399015665,0.928982675075531
21,17197,1788549151984266666,1032.2333503067491,532.7419477105141,0.96145498752594
21,17198,1788549152017611111,1032.6591995358467,527.7686749249697,0.9219045639038086
21,17199,1788549152050955555,1032.9461896643045,525.015267197974,0.9420864582061768
21,17200,1788549152084300000,1033.3481927514076,520.0848851129413,0.8802807331085205
21,17201,1788549152117644444,1033.5837699472904,518.1333096474409,0.8583734035491943
21,17202,1788549152150988888,1034.1195959746838,511.4083853960037,0.7765289545059204
21,17203,1788549152184322222,1034.1283735483885,510.57462337613106,0.7643287181854248
21,17204,1788549152217666666,1034.541357785463,503.4409507215023,0.7357615828514099
21,17205,1788549152251011111,1034.3178652524948,497.7142466008663,0.7232847213745117
21,17206,1788549152284355555,1034.391809642315,495.43680170178413,0.7290282845497131
21,17207,1788549152317700000,1034.0211129952222,491.8637465685606,0.7199100255966187
21,17208,1788549152351044444,1033.245902478695,490.1930223107338,0.6659660935401917
21,17209,1788549152384388888,1034.5190730392933,478.393800675869,0.8752841353416443
21,17210,1788549152417722222,1034.727426469326,477.11476301401854,0.8892010450363159
21,17211,1788549152451066666,1035.1263835132122,474.1145753264427,0.8689718842506409
21,17212,1788549152484411111,1035.9636710435152,473.23909199237823,0.8710938692092896
21,17213,1788549152517755555,1036.7131668627262,472.422786295414,0.8684967756271362
21,17214,1788549152551100000,1036.990773902275,471.81416215002537,0.872078537940979
21,17215,1788549152584444444,1037.162269473076,471.4584916234016,0.8625534176826477
21,17216,1788549152617788888,1036.7518254220486,471.1740183234215,0.8685988783836365
22,17576,1788549164621211111,848.0,553.3333333333334,1.0
22,17577,1788549164654555555,850.9551556557417,553.8473686128855,0.9934325218200684
22,17578,1788549164687900000,854.0447382740676,555.5764271020889,0.9921361804008484
22,17579,1788549164721233333,857.097426854074,559.4332638382912,0.9889761209487915
22,17580,1788549164754577777,859.9277207553387,568.1965010017157,0.8783458471298218
22,17581,1788549164787922222,862.0097467582673,580.3195604979992,0.9491462707519531
22,17582,1788549164821266666,862.0386764891446,591.259618461132,0.9485058784484863
22,17583,1788549164854611111,862.1424712836742,605.5252252817154,0.8470486998558044
22,17584,1788549164887955555,861.711762547493,615.9054080471396,0.9767763018608093
22,17585,1788549164921300000,860.6464877128601,624.4306612610817,0.9501723051071167
22,17586,1788549164954633333,860.2074709683657,631.3019350171089,0.9878806471824646
22,17587,1788549164987977777,860.2021392285824,635.1794895380735,0.9876291155815125
22,17588,1788549165021322222,860.1735940873623,634.585456520319,0.9868702292442322
22,17589,1788549165054666666,861.5596117079258,633.5445140898228,0.981541633605957
22,17590,1788549165088011111,862.3145269751549,628.1319544315338,0.9885523915290833
22,17591,1788549165121355555,862.7857210338116,620.6932002007961,0.9751161336898804
22,17592,1788549165154700000,862.0296455975622,611.9834347572178,0.9902966618537903
22,17593,1788549165188033333,859.3277193009853,602.0233702007681,0.943342924118042
22,17594,1788549165221377777,854.2035149782896,589.443762421608,0.9360581040382385
22,17595,1788549165254722222,847.9095683321357,576.1786093264818,0.8918761014938354
22,17596,1788549165288066666,841.139970317483,563.2860942780972,0.9337213039398193
22,17597,1788549165321411111,835.623134970665,554.3320948779583,0.9781000018119812
22,17598,1788549165354755555,833.9811372719705,554.3323841691017,0.9901412725448608
22,17599,1788549165388100000,832.0166052673012,554.7997686564922,0.9906880259513855
22,17600,1788549165421433333,833.044720903039,562.8887274935842,0.989159107208252
22,17601,1788549165454777777,831.5515158772469,567.7881401479244,0.9851223826408386
22,17602,1788549165488122222,829.3824512660503,573.6852484345436,0.9676983952522278
22,17603,1788549165521466666,826.177563175559,578.486025005579,0.9834465980529785
22,17604,1788549165554811111,822.6895440220833,581.3914213478565,0.9814100861549377
22,17605,1788549165588155555,819.1511015892029,581.8791811093688,0.9872778058052063
22,17606,1788549165621500000,817.5092687606812,582.93424962461,0.9850308895111084
22,17607,1788549165654833333,816.3425435125828,580.5340307950974,0.9817922115325928
22,17608,1788549165688177777,815.9793062768877,576.8459691107273,0.9906928539276123
22,17609,1788549165721522222,817.2640390396118,574.0492509640753,0.9859175682067871
22,17610,1788549165754866666,818.3024590313435,568.5139028131962,0.9821398258209229
22,17611,1788549165788211111,820.5779904127121,563.8433135002851,0.9856705069541931
22,17612,1788549165821555555,823.5057043135166,559.8274320363998,0.9839975833892822
22,17613,1788549165854900000,826.9979847855866,558.1251779049635,0.9857707023620605
22,17614,1788549165888233333,828.7497380077839,555.714064270258,0.9843194484710693
22,17615,1788549165921577777,831.1984702795744,556.8415098041296,0.9834202527999878
22,17616,1788549165954922222,832.7545778304338,558.7832366526127,0.9800664186477661
22,17617,1788549165988266666,832.225486561656,558.9064730778337,0.9843069911003113
22,17618,1788549166021611111,832.4076477885246,561.820185571909,0.9793796539306641
22,17619,1788549166054955555,831.7191881239414,563.6052781045437,0.9841607213020325
22,17620,1788549166088300000,831.1843630969524,564.8425605893135,0.9835466742515564
22,17621,1788549166121633333,830.6499931514263,564.3642216026783,0.9818564653396606
22,17622,1788549166154977777,831.3735445439816,564.774630934,0.9801569581031799
22,17623,1788549166188322222,831.8276824504137,564.3271139264107,0.9860063791275024
22,17624,1788549166221666666,831.9000276476145,563.7665712684393,0.9821951985359192
22,17625,1788549166255011111,831.4701693952084,562.8150170296431,0.9831672310829163
22,17626,1788549166288355555,832.8494793176651,564.5375986099243,0.9768181443214417
22,17627,1788549166321700000,834.4180671572685,565.2891788184643,0.9836919903755188
22,17628,1788549166355033333,836.2367409616709,565.2817517220974,0.9778878092765808
22,17629,1788549166388377777,838.2523971796036,564.99188487418,0.9828086495399475
22,17630,1788549166421722222,839.9478954188526,563.9671627730131,0.9691576957702637
22,17631,1788549166455066666,841.304936170578,563.0389437004924,0.9594786167144775
22,17632,1788549166488411111,842.2631638050079,562.2213305234909,0.9342407584190369
22,17633,1788549166521755555,842.5088149011135,561.8069413900375,0.887958288192749
22,17634,1788549166555100000,841.8776005655527,561.1682184040546,0.8845540881156921
22,17635,1788549166588433333,842.3702912032604,562.0605015195906,0.7026680111885071
22,17636,1788549166621777777,841.9895261190832,562.7578058689833,0.6960124969482422
22,17637,1788549166655122222,842.2476243674755,563.5183911621571,0.6174725294113159
22,17638,1788549166688466666,842.8427830785513,564.8242961913347,0.6878736019134521
22,17639,1788549166721811111,843.1027779206634,564.5835828781128,0.7418802976608276
22,17640,1788549166755155555,843.0018383874558,564.7492544949055,0.748956024646759
22,17641,1788549166788500000,842.892595410347,564.8693512827158,0.7470698356628418
22,17642,1788549166821833333,842.7692878246307,563.2852635979652,0.8938132524490356
22,17643,1788549166855177777,842.6878353655338,562.5402936339378,0.934001088142395
22,17644,1788549166888522222,842.3411272764206,562.5365472733974,0.9516794681549072
22,17645,1788549166921866666,841.9114914536476,558.0677948147058,0.9661982655525208
22,17646,1788549166955211111,842.0253426730633,558.0302505120635,0.9740473031997681
22,17647,1788549166988555555,842.2399866133928,555.6149532496929,0.9688693284988403
22,17648,1788549167021900000,842.7935805916786,555.6648060083389,0.9731646180152893
22,17649,1788549167055233333,843.3552867174149,554.5365852713585,0.969480574131012
22,17650,1788549167088577777,843.7755161970854,553.0349255613983,0.9790672063827515
22,17651,1788549167121922222,844.1940044313669,552.8061001896858,0.9763129353523254
22,17652,1788549167155266666,844.7005622982979,553.3837082386017,0.9730489253997803
22,17653,1788549167188611111,845.0266400221735,554.3139591217041,0.9749376773834229
22,17654,1788549167221955555,844.91248973459,554.6002964377403,0.9714793562889099
22,17655,1788549167255300000,844.4876362383366,554.3521293401718,0.9732875227928162
22,17656,1788549167288633333,843.9589747041464,553.7913546413183,0.9770187735557556
22,17657,1788549167321977777,843.3607291281223,552.5167011618614,0.9772201180458069
22,17658,1788549167355322222,842.7243464589119,550.8126405477524,0.9763806462287903
22,17659,1788549167388666666,842.043134059757,547.469366133213,0.9692766070365906
22,17660,1788549167422011111,841.6393789052963,546.5319915115833,0.9717181921005249
22,17661,1788549167455355555,841.2927082479,543.083091892302,0.9731971025466919
22,17662,1788549167488700000,841.27932035923,542.1123592853546,0.9778979420661926
22,17663,1788549167522033333,841.2174011915922,541.8150165975094,0.9777123332023621
22,17664,1788549167555377777,840.7536365240812,540.8288694173098,0.984484851360321
22,17665,1788549167588722222,840.1959176063538,539.50735065341,0.9766669869422913
22,17666,1788549167622066666,839.6528326570988,538.3579137921333,0.9821234345436096
22,17667,1788549167655411111,839.1409596502781,537.1537398546934,0.9803265929222107
22,17668,1788549167688755555,838.6098164319992,535.0765414088964,0.9771561622619629
22,17669,1788549167722100000,838.0548732616007,535.0369942598045,0.984975278377533
22,17670,1788549167755433333,837.121505998075,534.9013276025653,0.9843207001686096
22,17671,1788549167788777777,836.095091946423,534.1570693105459,0.9873911142349243
22,17672,1788549167822122222,835.0945647805929,533.2184257805347,0.9836206436157227
22,17673,1788549167855466666,834.5086788833141,531.0983572229743,0.9780955910682678
22,17674,1788549167888811111,834.4971802532673,531.2899957597256,0.9778358936309814
22,17675,1788549167922155555,834.7531363666058,531.6771332323551,0.9821160435676575
22,17676,1788549167955500000,835.1103295087814,532.814644291997,0.984022319316864
22,17677,1788549167988833333,835.0937506631017,533.8569937646389,0.9836170673370361
22,17678,1788549168022177777,834.6874083280563,534.1908249408007,0.9806471467018127
22,17679,1788549168055522222,834.0926623493433,528.647348433733,0.9794698357582092
22,17680,1788549168088866666,833.8480390608311,528.1769873946905,0.9850143194198608
22,17681,1788549168122211111,833.764825746417,522.2079830318689,0.9812573194503784
22,17682,1788549168155555555,834.1932254433632,521.3935730457306,0.9836587905883789
22,17683,1788549168188900000,834.6631524860859,521.0617074258626,0.9845854043960571
22,17684,1788549168222233333,835.034001942724,520.5903655290604,0.9829620718955994
22,17685,1788549168255577777,835.0049020852894,516.7488088011742,0.9829249978065491
22,17686,1788549168288922222,834.9035418257117,516.116263486445,0.9874297380447388
22,17687,1788549168322266666,834.6693387329578,513.349357843399,0.9624142646789551
22,17688,1788549168355611111,834.3246143460274,510.035424169153,0.9861730933189392
22,17689,1788549168388955555,834.2819255292416,507.2328941076994,0.984094500541687
22,17690,1788549168422300000,834.4769241809845,507.04636197537184,0.9854128956794739
22,17691,1788549168455633333,834.6753968596458,505.7059565484524,0.9871217012405396
22,17692,1788549168488977777,834.8790670484304,503.83120384812355,0.9883028268814087
22,17693,1788549168522322222,835.07907461375,503.0538120083511,0.9886765480041504
22,17694,1788549168555666666,835.1981045007706,502.20386658608913,0.9864339232444763
22,17695,1788549168589011111,835.4071258306503,502.4464297890663,0.9812326431274414
22,17696,1788549168622355555,835.3944398164749,501.1194670498371,0.9807350039482117
22,17697,1788549168655700000,835.2174498736858,498.75242164731026,0.9861017465591431
22,17698,1788549168689033333,834.9955990654416,498.86204048991203,0.9891856908798218
22,17699,1788549168722377777,834.5140318572521,493.4790312945843,0.9755995869636536
22,17700,1788549168755722222,834.2119942605495,492.8096882402897,0.985913097858429
22,17701,1788549168789066666,833.9739140160382,489.98664285987616,0.9859992861747742
22,17702,1788549168822411111,834.0797565504909,488.80217845737934,0.9869382977485657
22,17703,1788549168855755555,834.2998829483986,487.4755540192127,0.9812095761299133
22,17704,1788549168889100000,834.7929384559393,486.0048354254104,0.9889637231826782
22,17705,1788549168922433333,835.0902471542358,482.5124887228012,0.9845115542411804
22,17706,1788549168955777777,835.344662964344,480.2485692501068,0.9850953817367554
22,17707,1788549168989122222,835.6419903934002,480.15790320932865,0.9871050715446472
22,17708,1788549169022466666,835.6649870574474,477.631470143795,0.982594907283783
22,17709,1788549169055811111,835.7578234821558,477.41650998592377,0.9850141406059265
22,17710,1788549169089155555,835.6617838144302,476.24062782526016,0.9845502376556396
22,17711,1788549169122500000,835.6102658510208,476.5429788529873,0.9825178384780884
22,17712,1788549169155833333,835.5043456852436,472.56104761362076,0.9779424071311951
22,17713,1788549169189177777,835.7261183857918,471.9150281101465,0.9864599108695984
22,17714,1788549169222522222,835.9761953726411,472.1710020452738,0.9886447191238403
22,17715,1788549169255866666,836.030861005187,469.39717772603035,0.9823625683784485
22,17716,1788549169289211111,836.0851701796055,466.15235766768456,0.9834161400794983
22,17717,1788549169322555555,836.2648869752884,465.9522435888648,0.9827783703804016
22,17718,1788549169355900000,836.4997580349445,464.8325535207987,0.9770948886871338
22,17719,1788549169389233333,836.848103761673,464.2615405023098,0.9822373390197754
22,17720,1788549169422577777,837.2174572348595,463.28353011608124,0.980354368686676
22,17721,1788549169455922222,837.5935701429844,464.17900508642197,0.982745885848999
22,17722,1788549169489266666,837.6981588900089,462.43261817097664,0.9803693890571594
22,17723,1788549169522611111,837.614181727171,462.6472273170948,0.9816336035728455
22,17724,1788549169555955555,837.3403050303459,460.649831533432,0.980282723903656
22,17725,1788549169589300000,837.0627992972732,460.07622347027063,0.9824651479721069
22,17726,1788549169622633333,837.154007434845,459.8592943996191,0.9830245971679688
22,17727,1788549169655977777,837.621760904789,457.27634301781654,0.9796113967895508
22,17728,1788549169689322222,838.1554836332798,454.1586095392704,0.9723056554794312
22,17729,1788549169722666666,838.6558445096016,449.93214125931263,0.973613977432251
22,17730,1788549169756011111,838.9010099843144,449.11362075805664,0.9831114411354065
22,17731,1788549169789355555,838.9005499705672,447.51583060622215,0.9745995402336121
22,17732,1788549169822700000,838.5790273845196,448.2458675354719,0.9770749807357788
22,17733,1788549169856033333,838.0601817071438,446.4450010359287,0.9788460731506348
22,17734,1788549169889377777,837.8006077408791,445.95723001658916,0.9817671179771423
22,17735,1788549169922722222,837.5835474133492,443.91663037240505,0.9804818630218506
22,17736,1788549169956066666,837.6009398698807,442.91860523819923,0.9777873158454895
22,17737,1788549169989411111,837.690358042717,441.7718309611082,0.9772112965583801
22,17738,1788549170022755555,837.8796233609319,439.4441484808922,0.9778931140899658
22,17739,1788549170056100000,838.3348824679852,438.5434849858284,0.9730480909347534
22,17740,1788549170089433333,838.5949425697327,437.6393730044365,0.9714727997779846
22,17741,1788549170122777777,838.5399117469788,436.64547964930534,0.9762135744094849
22,17742,1788549170156122222,838.138551518321,434.4374342560768,0.9704980254173279
22,17743,1788549170189466666,837.6707795262337,433.66547709703445,0.9773529767990112
22,17744,1788549170222811111,837.2488564997911,431.3068806231022,0.9682415127754211
22,17745,1788549170256155555,836.9269409552217,431.4662192761898,0.970697820186615
22,17746,1788549170289500000,836.951721817255,431.64884054660797,0.9708245396614075
22,17747,1788549170322833333,837.0024266068358,431.6691946685314,0.9719463586807251
22,17748,1788549170356177777,837.0034447042271,427.1780047863722,0.9722456932067871
22,17749,1788549170389522222,836.9963860083371,424.43377470970154,0.9647951722145081
22,17750,1788549170422866666,837.2007027417421,423.87536050379276,0.9697312712669373
22,17751,1788549170456211111,837.1795266568661,419.6061613857746,0.9722955822944641
22,17752,1788549170489555555,836.9858483429998,417.52448230981827,0.9637116193771362
22,17753,1788549170522900000,836.4004974961281,415.8230549097061,0.9714373350143433
22,17754,1788549170556233333,835.7938860952854,415.1956945210695,0.9666608572006226
22,17755,1788549170589577777,835.4821796417236,414.21634255349636,0.9640162587165833
22,17756,1788549170622922222,835.648933172226,413.8381997644901,0.964832067489624
22,17757,1788549170656266666,835.918743930757,412.06486228853464,0.9685654640197754
22,17758,1788549170689611111,836.2220931202173,410.3610685169697,0.9658552408218384
22,17759,1788549170722955555,836.2672240436077,407.46586844325066,0.9502812027931213
22,17760,1788549170756300000,836.410541921854,405.9227750748396,0.9566899538040161
22,17761,1788549170789633333,836.5244326293468,405.3147410750389,0.9556537866592407
22,17762,1788549170822977777,836.5141193568707,405.4850010275841,0.953584611415863
22,17763,1788549170856322222,836.5173563957214,405.6737101972103,0.9551039338111877
22,17764,1788549170889666666,836.3286580443382,402.00146097212564,0.9687738418579102
22,17765,1788549170923011111,836.0824348852038,399.72897389531136,0.9566047191619873
22,17766,1788549170956355555,835.8242609798908,398.72599121928215,0.9687168598175049
22,17767,1788549170989700000,835.7069844603539,394.0769881606102,0.9508854150772095
22,17768,1788549171023033333,835.818067252636,391.83653201162815,0.9662174582481384
22,17769,1788549171056377777,836.0947903320193,390.28623098134995,0.9569944739341736
22,17770,1788549171089722222,836.4851832985878,388.79408797621727,0.957721471786499
22,17771,1788549171123066666,836.973885525018,387.58009389042854,0.9547611474990845
22,17772,1788549171156411111,837.2178702056408,384.93784192949533,0.9668822884559631
22,17773,1788549171189755555,837.2153580486774,383.0853562951088,0.953153133392334
22,17774,1788549171223100000,837.3788801133633,380.82242345809937,0.9612286686897278
22,17775,1788549171256433333,837.409000992775,379.0375105366111,0.9536513686180115
22,17776,1788549171289777777,837.2032938152552,376.3077201843262,0.9453339576721191
22,17777,1788549171323122222,837.0620890967548,375.76306231319904,0.9529688358306885
22,17778,1788549171356466666,837.2474873363972,374.5568416714668,0.9495311975479126
22,17779,1788549171389811111,838.3942710757256,374.81669652462006,0.9592245817184448
22,17780,1788549171423155555,839.5129123330116,375.2252176553011,0.9587154388427734
22,17781,1788549171456500000,841.2008894383907,376.75875236094,0.9505906701087952
22,17782,1788549171489833333,841.593819797039,375.93318089842796,0.9525405764579773
22,17783,1788549171523177777,842.9716391824186,377.0882611274719,0.9648433327674866
22,17784,1788549171556522222,844.1257615536451,378.0786057263613,0.9526063799858093
22,17785,1788549171589866666,845.4221187829971,380.1254226118326,0.9643314480781555
22,17786,1788549171623211111,846.2167976051569,381.56232210993767,0.9511511921882629
22,17787,1788549171656555555,846.7271043658257,382.75031891465187,0.9538739919662476
22,17788,1788549171689888888,847.2887313067913,384.37088894844055,0.9649637937545776
22,17789,1788549171723233333,847.8041022270918,385.89280716329813,0.9695755839347839
22,17790,1788549171756577777,848.9236776977777,388.102327644825,0.9550818204879761
22,17791,1788549171789922222,849.2631556987762,388.2754576802254,0.9641368389129639
22,17792,1788549171823266666,850.3092680871487,389.6878437101841,0.954247772693634
22,17793,1788549171856611111,850.3499041199684,389.3357734680176,0.962126612663269
22,17794,1788549171889955555,851.2926130890846,390.76107972860336,0.9539270997047424
22,17795,1788549171923300000,851.3607431352139,390.61228531599045,0.9566296339035034
22,17796,1788549171956633333,851.9916177466512,391.96162416785955,0.9582304358482361
22,17797,1788549171989977777,852.2125166356564,393.25236731767654,0.9714657068252563
22,17798,1788549172023322222,853.0525604076684,396.0068685445003,0.9624990820884705
22,17799,1788549172056666666,853.6816352009773,398.16203477978706,0.9725262522697449
22,17800,1788549172090011111,854.175035148859,399.1935986727476,0.9625936150550842
22,17801,1788549172123355555,855.4215710163116,401.081688657403,0.9723571538925171
22,17802,1788549172156688888,857.4555012285709,404.04254554212093,0.9729728698730469
22,17803,1788549172190033333,858.44064027071,405.06284955888987,0.9627471566200256
22,17804,1788549172223377777,859.2957227528095,406.09771355986595,0.9700912833213806
22,17805,1788549172256722222,860.01865256764,407.54976585507393,0.9753499031066895
22,17806,1788549172290066666,860.8783335015178,409.9633752591908,0.9662258625030518
22,17807,1788549172323411111,860.9769238885492,411.14108869433403,0.9802036881446838
22,17808,1788549172356755555,861.8336861133575,413.3879460096359,0.9661417007446289
22,17809,1788549172390088888,862.5384305715561,415.48431673645973,0.9695326089859009
22,17810,1788549172423433333,862.7708551436663,416.5151683688164,0.9645888805389404
22,17811,1788549172456777777,863.5583029985428,418.63291919231415,0.9717511534690857
22,17812,1788549172490122222,864.0175975039601,419.84218330681324,0.9729253053665161
22,17813,1788549172523466666,864.462106615305,420.591549962759,0.9649924635887146
22,17814,1788549172556811111,864.7962230890989,420.8944333046675,0.9805414080619812
22,17815,1788549172590155555,865.8361752927303,422.37577936053276,0.96617591381073
22,17816,1788549172623488888,866.2484683394432,422.9068574234843,0.9797910451889038
22,17817,1788549172656833333,866.9215456172824,424.77594996988773,0.9693472385406494
22,17818,1788549172690177777,867.4855869412422,427.2985814511776,0.9741851687431335
22,17819,1788549172723522222,867.1799234896898,428.20641961693764,0.972096860408783
22,17820,1788549172756866666,867.3281611204147,429.10457979142666,0.9744872450828552
22,17821,1788549172790211111,867.6765345335007,429.98534282669425,0.9810991287231445
22,17822,1788549172823555555,868.4178230464458,431.4062668979168,0.9661483764648438
22,17823,1788549172856888888,868.9691922161728,431.9044751599431,0.9826323986053467
22,17824,1788549172890233333,869.8841619715095,433.32323679327965,0.9672510027885437
22,17825,1788549172923577777,870.364375770092,433.81556598842144,0.9778501987457275
22,17826,1788549172956922222,871.3778292834759,435.49788320064545,0.9640411734580994
22,17827,1788549172990266666,872.397987395525,437.69881242513657,0.9725041389465332
22,17828,1788549173023611111,872.8275823742151,438.8166258484125,0.9765050411224365
22,17829,1788549173056955555,873.0488783195615,439.7934810966253,0.9744151830673218
22,17830,1788549173090288888,873.1557777374983,441.0744383558631,0.9865013360977173
22,17831,1788549173123633333,873.7793197631836,443.2667273581028,0.9771600961685181
22,17832,1788549173156977777,874.6926746666431,445.71097022295,0.978036642074585
22,17833,1788549173190322222,875.4802398681641,447.22407454252243,0.9809157848358154
22,17834,1788549173223666666,876.5492189824581,448.70129227638245,0.9728381037712097
22,17835,1788549173257011111,876.9842424262315,448.55966824293137,0.9786847829818726
22,17836,1788549173290355555,877.6032226681709,448.8582186996937,0.9774717688560486
22,17837,1788549173323688888,878.8896645307541,450.7768610715866,0.978464663028717
22,17838,1788549173357033333,879.7249476611614,452.41141602396965,0.9805659651756287
22,17839,1788549173390377777,880.2946820557117,454.64850956201553,0.9692423939704895
22,17840,1788549173423722222,879.8698382824659,455.28637447953224,0.9736151695251465
22,17841,1788549173457066666,879.8103622943163,455.9157483577728,0.9724297523498535
22,17842,1788549173490411111,880.1493714153767,456.7409502565861,0.9793539643287659
22,17843,1788549173523755555,881.2613795101643,457.91172180324793,0.9680087566375732
22,17844,1788549173557088888,882.1901912391186,458.741513133049,0.9755063652992249
22,17845,1788549173590433333,883.3399392664433,460.1301521062851,0.961778461933136
22,17846,1788549173623777777,883.3792617321014,460.1677084714174,0.9615217447280884
22,17847,1788549173657122222,883.2098209261894,460.32891833782196,0.963445246219635
22,17848,1788549173690466666,882.9773557856679,460.7727022320032,0.9653228521347046
22,17849,1788549173723811111,885.7932164371014,466.4157223701477,0.9536535739898682
22,17850,1788549173757155555,886.2260439395905,467.4740401208401,0.9471001625061035
22,17851,1788549173790488888,887.4501928687096,470.013336379081,0.9506559371948242
22,17852,1788549173823833333,888.9439974427223,473.25749588012695,0.942389726638794
22,17853,1788549173857177777,889.5116018354893,474.5612505674362,0.9456062912940979
22,17854,1788549173890522222,890.4568212330341,476.2235871255398,0.9318832755088806
22,17855,1788549173923866666,890.7181475758553,476.07510358840227,0.9344114661216736
22,17856,1788549173957211111,891.0433486886322,475.85660676658154,0.9387320876121521
22,17857,1788549173990555555,893.1041536778212,478.9878292726353,0.9333752989768982
22,17858,1788549174023888888,893.4557728171349,479.37652280926704,0.9267074465751648
22,17859,1788549174057233333,895.6955650746822,484.22598430514336,0.932884931564331
22,17860,1788549174090577777,895.7871593236923,485.5199061334133,0.9325800538063049
22,17861,1788549174123922222,896.708319067955,489.0546127036214,0.9383043050765991
22,17862,1788549174157266666,896.361464202404,489.6808537840843,0.9379012584686279
22,17863,1788549174190611111,896.8229631483555,491.00958696287125,0.953804075717926
22,17864,1788549174223955555,897.6551212668419,492.2584738135338,0.9433542490005493
22,17865,1788549174257288888,898.2185798734426,492.40208557248116,0.947564959526062
22,17866,1788549174290633333,899.1602679938078,492.70323315262794,0.95000159740448
22,17867,1788549174323977777,900.9147965833545,495.31487759947777,0.947664201259613
22,17868,1788549174357322222,902.1304449290037,496.85783548653126,0.9649417996406555
22,17869,1788549174390666666,903.2641019821167,498.60048538446426,0.9565207362174988
22,17870,1788549174424011111,903.3503413200378,499.1164544150233,0.9603348970413208
22,17871,1788549174457355555,904.6121909320354,502.2057652771473,0.9607431888580322
22,17872,1788549174490688888,905.1692372709513,504.1550658196211,0.9768483638763428
22,17873,1788549174524033333,905.5872631967068,506.1465420871973,0.9668514132499695
22,17874,1788549174557377777,906.3312367498875,507.71283972263336,0.9767400026321411
22,17875,1788549174590722222,907.3515161573887,509.1483813226223,0.9700362682342529
22,17876,1788549174624066666,908.7869115024805,510.8064372986555,0.9680056571960449
22,17877,1788549174657411111,910.0401621125638,511.91509561240673,0.9826110601425171
22,17878,1788549174690755555,911.4514591395855,512.9014784619212,0.9672491550445557
22,17879,1788549174724088888,912.6050935983658,514.1038478985429,0.9789324998855591
22,17880,1788549174757433333,913.4920171797276,515.7448364496231,0.9669877290725708
22,17881,1788549174790777777,913.9889352060854,517.7905753701925,0.9806621670722961
22,17882,1788549174824122222,914.6349676549435,519.7757860273123,0.9677722454071045
22,17883,1788549174857466666,914.8928057849407,519.888359606266,0.9718623757362366
22,17884,1788549174890811111,915.5052514374256,519.7356057465076,0.9670911431312561
22,17885,1788549174924155555,917.3427521884441,521.7558107823133,0.9696473479270935
22,17886,1788549174957488888,919.2360933870077,523.4005930125713,0.9621397852897644
22,17887,1788549174990833333,919.8696690648794,522.3496600091457,0.9666742086410522
22,17888,1788549175024177777,922.0482179149985,524.4089187979698,0.9659225344657898
22,17889,1788549175057522222,924.3720272481441,526.7797930836678,0.9644216895103455
22,17890,1788549175090866666,925.7189947664738,527.8862384930253,0.9653635621070862
22,17891,1788549175124211111,927.0240487735718,528.925062328577,0.9774661064147949
22,17892,1788549175157555555,927.5480216443539,529.8437615483999,0.9642252922058105
22,17893,1788549175190888888,927.2923536002636,529.6963406801224,0.9691118001937866
22,17894,1788549175224233333,928.1852977871895,532.3591567575932,0.9601961970329285
22,17895,1788549175257577777,928.3253180682659,534.0005107152392,0.9724752306938171
22,17896,1788549175290922222,928.077011525631,535.3245021104813,0.9622254967689514
22,17897,1788549175324266666,927.9719372056425,535.9182459488511,0.9650195837020874
22,17898,1788549175357611111,927.997337541543,535.9834041018039,0.9652038216590881
22,17899,1788549175390955555,927.8517351746559,535.6842204034328,0.9632561206817627
22,17900,1788549175424288888,927.7444524168968,536.0656998977065,0.9716280102729797
22,17901,1788549175457633333,929.5799056887627,540.1464442014694,0.9548047184944153
22,17902,1788549175490977777,929.8539008945227,540.6466747224331,0.9679638743400574
22,17903,1788549175524322222,931.7467582523823,545.4874447584152,0.9561359286308289
22,17904,1788549175557666666,931.2073008716106,545.3534905016422,0.9637718200683594
22,17905,1788549175591011111,931.8126134723425,546.7094051241875,0.9714524149894714
22,17906,1788549175624355555,932.4504118263721,547.4816324710846,0.956540048122406
22,17907,1788549175657688888,933.400525778532,548.7690871059895,0.9697160720825195
22,17908,1788549175691033333,933.8238418251276,549.486825555563,0.954903244972229
22,17909,1788549175724377777,933.7737769037485,550.085294611752,0.9577716588973999
22,17910,1788549175757722222,933.5456722378731,550.2430149018764,0.9514127373695374
22,17911,1788549175791066666,933.4042899608612,550.2230476140976,0.9591969847679138
22,17912,1788549175824411111,934.695504784584,552.8892691731453,0.9291842579841614
22,17913,1788549175857755555,934.8439353853464,552.5656286180019,0.9293612837791443
22,17914,1788549175891088888,934.8483547568321,552.1198740899563,0.9263491630554199
22,17915,1788549175924433333,936.5122996270657,554.216563552618,0.7706428170204163
22,17916,1788549175957777777,936.6945775747299,553.7511211633682,0.7393776774406433
22,17917,1788549175991122222,936.3431941270828,552.8921044170856,0.7264969348907471
22,17918,1788549176024466666,936.050941888243,552.0895746126771,0.769594132900238
22,17919,1788549176057811111,935.7611146271229,551.4938127994537,0.8048649430274963
22,17920,1788549176091155555,935.5469518899918,550.3079229593277,0.8762364983558655
22,17921,1788549176124488888,935.3352783620358,549.7599105238914,0.8926537036895752
22,17922,1788549176157833333,935.3236111402512,547.7939053326845,0.9307166934013367
22,17923,1788549176191177777,935.2863621711731,547.9612314216793,0.9417594075202942
22,17924,1788549176224522222,935.3320653140545,546.1805923730135,0.9547684788703918
22,17925,1788549176257866666,935.5304329693317,544.5762189924717,0.9502208828926086
22,17926,1788549176291211111,935.648963958025,541.9248745068908,0.9605014324188232
22,17927,1788549176324555555,935.8273839503527,541.7720669209957,0.9639659523963928
22,17928,1788549176357888888,935.9613119214773,541.8943451195955,0.9645991325378418
22,17929,1788549176391233333,935.945657081902,539.7257295846939,0.9700378775596619
22,17930,1788549176424577777,935.8485830873251,538.3345676064491,0.9625709652900696
22,17931,1788549176457922222,935.5563150048256,537.9603057317436,0.9628113508224487
22,17932,1788549176491266666,934.9254587963223,532.4480705857277,0.9599515795707703
22,17933,1788549176524611111,934.55477014184,532.1171051561832,0.9667588472366333
22,17934,1788549176557955555,934.1818519234657,529.066259033978,0.9625439047813416
22,17935,1788549176591288888,934.1620747298002,527.6886594593525,0.9664032459259033
22,17936,1788549176624633333,934.3205143809319,526.3103145062923,0.9646915793418884
22,17937,1788549176657977777,934.6174132227898,523.6934505701065,0.9724599123001099
22,17938,1788549176691322222,935.1102345958352,521.7373678982258,0.9694653749465942
22,17939,1788549176724666666,935.6426506340504,521.754629150033,0.9679667353630066
22,17940,1788549176758011111,935.9753768518567,522.2055608332157,0.9714586734771729
22,17941,1788549176791355555,936.0280157290399,522.8162499964237,0.9704670310020447
22,17942,1788549176824688888,935.8334910571575,520.3822579681873,0.9651458859443665
22,17943,1788549176858033333,935.9383206814528,518.2776792347431,0.9664843082427979
22,17944,1788549176891377777,936.0660934373736,515.244909465313,0.9604490399360657
22,17945,1788549176924722222,936.3304749429226,512.667695581913,0.9654802680015564
22,17946,1788549176958066666,936.3624671399593,511.36280995607376,0.9691506028175354
22,17947,1788549176991411111,936.5942389369011,510.61369103193283,0.9667149782180786
22,17948,1788549177024755555,937.725800037384,511.7717415392399,0.9689830541610718
22,17949,1788549177058088888,939.0039499886334,513.0086955986917,0.9735696911811829
22,17950,1788549177091433333,939.5652028620243,511.41622763872147,0.9617663621902466
22,17951,1788549177124777777,939.7247216701508,511.81514316797256,0.9687088131904602
22,17952,1788549177158122222,939.3057699203491,509.4294744133949,0.9593456387519836
22,17953,1788549177191466666,938.671679854393,507.812860250473,0.9700824618339539
22,17954,1788549177224811111,937.787599876523,506.0043093599379,0.9603686332702637
22,17955,1788549177258155555,937.0098036415875,503.98208002001047,0.957970917224884
22,17956,1788549177291488888,936.4061254560947,502.98919357266277,0.954429030418396
22,17957,1788549177324833333,935.7467036247253,498.5466446876526,0.9323648810386658
22,17958,1788549177358177777,935.1309713721275,495.88551415503025,0.9399290680885315
22,17959,1788549177391522222,934.2859997451305,492.88663221150637,0.9245671629905701
22,17960,1788549177424866666,933.3808389008045,491.11561357975006,0.913577139377594
22,17961,1788549177458211111,932.4972233474255,488.8945474550128,0.8618969917297363
22,17962,1788549177491555555,931.8805775120854,486.4346734583378,0.8064133524894714
22,17963,1788549177524888888,931.8412918895483,486.29343470931053,0.8092061281204224
22,17964,1788549177558233333,931.8061358630657,483.33335795998573,0.7601730227470398
22,17965,1788549177591577777,931.7378021776676,483.4413824379444,0.7580443024635315
22,17966,1788549177624922222,931.6579023003578,483.6583793461323,0.7560756206512451
22,17967,1788549177658266666,931.5999770462513,483.6953099668026,0.7522985339164734
22,17968,1788549177691611111,931.4151865839958,477.54701456427574,0.7140285968780518
22,17969,1788549177724955555,931.3453513681889,477.4482108056545,0.7166538238525391
22,17970,1788549177758288888,931.0986690744758,471.551884919405,0.7087703347206116
22,17971,1788549177791633333,931.0553455539048,470.47040820121765,0.71037358045578
22,17972,1788549177824977777,930.8042158335447,469.1826122701168,0.7142353057861328
22,17973,1788549177858322222,930.4941096007824,469.1926473081112,0.7124274373054504
22,17974,1788549177891666666,930.1823451071978,466.3061304092407,0.7261483669281006
22,17975,1788549177925011111,930.0883379429579,466.18723210692406,0.7294920086860657
22,17976,1788549177958344444,930.0619405247271,464.3782608807087,0.7212601900100708
22,17977,1788549177991688888,930.1413307935,463.25023087859154,0.7166699171066284
22,17978,1788549178025033333,930.0704952701926,462.25252360105515,0.688698410987854
22,17979,1788549178058377777,929.6885033249855,461.7860011458397,0.6811285018920898
22,17980,1788549178091722222,929.4585002064705,454.02469850331545,0.6727259755134583
22,17981,1788549178125066666,928.9007968977094,452.96565563976765,0.8383253216743469
22,17982,1788549178158411111,928.1127802282572,450.29358571767807,0.8782569766044617
22,17983,1788549178191755555,928.2818464040756,449.54991856217384,0.8795724511146545
22,17984,1788549178225088888,927.8660407960415,448.6258531808853,0.8864286541938782
22,17985,1788549178258433333,927.4279954433441,446.198150113225,0.8984869718551636
22,17986,1788549178291777777,926.9075873717666,443.9070990085602,0.8970726132392883
22,17987,1788549178325122222,926.7475621402264,443.225720718503,0.8949102163314819
22,17988,1788549178358466666,926.4376458227634,442.8405615389347,0.897283673286438
22,17989,1788549178391811111,926.1863461583853,442.34092751145363,0.8961178660392761
22,17990,1788549178425144444,926.1124005243182,441.6139243841171,0.897821307182312
22,17991,1788549178458488888,926.3455941677094,440.8580288439989,0.9028810262680054
22,17992,1788549178491833333,926.456958681345,440.04751305654645,0.8996300101280212
22,17993,1788549178525177777,928.0,440.0,1.0
23,18380,1788549191428866666,872.0,456.0,1.0
23,18381,1788549191462200000,872.609933078289,461.590322047472,0.9110608100891113
23,18382,1788549191495544444,873.1057086139917,465.80775912106037,0.8670240640640259
23,18383,1788549191528888888,873.0145472129807,466.123322121799,0.8840745687484741
23,18384,1788549191562233333,873.4309495687485,468.1451919823885,0.8619190454483032
23,18385,1788549191595577777,873.8617451190948,469.486171156168,0.93752121925354
23,18386,1788549191628922222,874.9715620297939,475.4940887391567,0.8670684695243835
23,18387,1788549191662266666,875.084137186408,475.074952699244,0.881784975528717
23,18388,1788549191695600000,875.3247612118721,477.0745490267873,0.8648259043693542
23,18389,1788549191728944444,875.5741861760616,480.274925917387,0.9163386225700378
23,18390,1788549191762288888,875.5337803065777,483.8789684921503,0.9230741858482361
23,18391,1788549191795633333,875.6079480051994,488.85843093693256,0.8637590408325195
23,18392,1788549191828977777,874.9279058948159,489.51145020127296,0.8697149157524109
23,18393,1788549191862322222,874.6935450136662,493.1377079486847,0.933944582939148
23,18394,1788549191895666666,874.9314625710249,496.3884790837765,0.9243741035461426
23,18395,1788549191929000000,875.5798118412495,501.4862582087517,0.8323068022727966
23,18396,1788549191962344444,875.9094484001398,501.23344863951206,0.860937237739563
23,18397,1788549191995688888,876.6189236342907,501.02327811717987,0.8747850656509399
23,18398,1788549192029033333,877.1238983869553,504.92790434509516,0.928622305393219
23,18399,1788549192062377777,877.2284767925739,506.3622262775898,0.8609234094619751
23,18400,1788549192095722222,877.4180583357811,509.1503465473652,0.9239916205406189
23,18401,1788549192129066666,876.8974415138364,511.08515966683626,0.7940414547920227
23,18402,1788549192162400000,877.4910234510899,515.2786947786808,0.8608253598213196
23,18403,1788549192195744444,877.0198364201933,516.3822489380836,0.733535647392273
23,18404,1788549192229088888,877.4312348663807,521.2158190757036,0.8530594110488892
23,18405,1788549192262433333,877.7857929617167,524.9904892323539,0.7284919619560242
23,18406,1788549192295777777,877.5339387059212,526.0927810668945,0.8391008377075195
23,18407,1788549192329122222,877.7395469844341,526.754495292902,0.7250112295150757
23,18408,1788549192362466666,877.9494373872876,528.2734860777855,0.789106547832489
23,18409,1788549192395800000,878.3918577134609,529.2217402607203,0.7300500869750977
23,18410,1788549192429144444,879.0408737398684,530.877812333405,0.7052850127220154
23,18411,1788549192462488888,879.4283922314644,531.0888655483723,0.7328182458877563
23,18412,1788549192495833333,880.7493288815022,532.4840444028378,0.5709081888198853
23,18413,1788549192529177777,880.7331781685352,532.9903116142377,0.6460826992988586
23,18414,1788549192562522222,881.2135639637709,533.375019043684,0.6046140193939209
23,18415,1788549192595866666,881.5681110620499,534.041507255286,0.7236427664756775
23,18416,1788549192629200000,882.0497483350337,534.5194811820984,0.7415897846221924
23,18417,1788549192662544444,883.4072141945362,530.851594120264,0.8166872262954712
23,18418,1788549192695888888,884.0731369927526,529.1896428018808,0.8242653608322144
23,18419,1788549192729233333,884.6220680475235,526.8568024635315,0.8878939747810364
23,18420,1788549192762577777,884.8133540004492,525.90228061378,0.8597549200057983
23,18421,1788549192795922222,885.3110219538212,525.1638008505106,0.877561628818512
23,18422,1788549192829266666,885.6933307647705,525.5219238102436,0.7390218377113342
23,18423,1788549192862600000,885.2273156642914,525.9415578767657,0.7336533069610596
23,18424,1788549192895944444,884.5588971078396,522.3286437690258,0.8342461585998535
23,18425,1788549192929288888,885.9323975145817,521.7230712175369,0.7580614686012268
23,18426,1788549192962633333,885.6219774782658,516.5394011437893,0.8813450336456299
23,18427,1788549192995977777,886.88299959898,508.402157753706,0.7862891554832458
23,18428,1788549193029322222,887.3415753245354,507.08160994946957,0.859332799911499
23,18429,1788549193062666666,888.2109371125698,503.70844531059265,0.8504946231842041
23,18430,1788549193096000000,888.8346898555756,502.7876851260662,0.8856531977653503
23,18431,1788549193129344444,890.0784114226699,499.5032750070095,0.848905086517334
23,18432,1788549193162688888,890.4974591434002,500.1929683983326,0.8538752198219299
23,18433,1788549193196033333,891.3938533961773,500.0717453658581,0.85211181640625
23,18434,1788549193229377777,891.8846690431237,499.02738876640797,0.8855552077293396
23,18435,1788549193262722222,892.2569894492626,497.7933764606714,0.8810109496116638
23,18436,1788549193296066666,892.7797428518534,495.14307866990566,0.8493934869766235
23,18437,1788549193329400000,893.236337557435,494.8656518161297,0.8847275972366333
23,18438,1788549193362744444,894.2673307359219,490.8963588476181,0.851870059967041
23,18439,1788549193396088888,894.9052531570196,489.83289082348347,0.8877779841423035
23,18440,1788549193429433333,895.8008377850056,485.4018505513668,0.8552035689353943
23,18441,1788549193462777777,896.131686091423,483.3873055577278,0.8647032976150513
23,18442,1788549193496122222,896.2080259472132,482.47045838832855,0.855815052986145
23,18443,1788549193529466666,896.2611814439297,481.84424717724323,0.8901302814483643
23,18444,1788549193562800000,896.7150792181492,476.8758066445589,0.882682740688324
23,18445,1788549193596144444,897.0150084951892,472.7426583170891,0.858478844165802
23,18446,1788549193629488888,896.6342941820621,472.54516434669495,0.864314615726471
23,18447,1788549193662833333,896.2845697999,470.0899847894907,0.8598325848579407
23,18448,1788549193696177777,896.3824465870857,466.9729283247143,0.8925062417984009
23,18449,1788549193729522222,896.8600574582815,463.6176812648773,0.8317303657531738
23,18450,1788549193762866666,897.240869358182,462.3565273284912,0.9066289067268372
23,18451,1788549193796200000,897.8218664228916,460.72884076833725,0.7904829978942871
23,18452,1788549193829544444,898.5976824760437,457.0488027110696,0.9030540585517883
23,18453,1788549193862888888,899.0841237604618,454.97264899872243,0.8270405530929565
23,18454,1788549193896233333,899.4982173144817,451.564512103796,0.8135645985603333
23,18455,1788549193929577777,899.2304141521454,451.7578725218773,0.8193997740745544
23,18456,1788549193962922222,899.4778145849705,449.92364863306284,0.8120388984680176
23,18457,1788549193996266666,899.9788628723472,446.84641218185425,0.8767532110214233
23,18458,1788549194029600000,900.5717126429081,441.9222165644169,0.7592785954475403
23,18459,1788549194062944444,901.0809304714203,442.0518071129918,0.7725597023963928
23,18460,1788549194096288888,901.6028609871864,442.6945089697838,0.7714480757713318
23,18461,1788549194129633333,902.4420458078384,439.4211763739586,0.9273170232772827
23,18462,1788549194162977777,903.3419911563396,436.0343172363937,0.8570992946624756
23,18463,1788549194196322222,903.9834953397512,432.5521566271782,0.9292362332344055
23,18464,1788549194229666666,904.3121927082539,425.9644412845373,0.8262969851493835
23,18465,1788549194263000000,904.1695969253778,426.48866441845894,0.8325426578521729
23,18466,1788549194296344444,904.706996768713,426.2730255126953,0.7916948199272156
23,18467,1788549194329688888,904.2415805160999,423.31141915917397,0.8491039872169495
23,18468,1788549194363033333,904.1877947747707,423.463656693697,0.8336579203605652
23,18469,1788549194396377777,903.9529513865709,424.21806141734123,0.8415154218673706
23,18470,1788549194429722222,904.6972474753857,419.77704668045044,0.8179556131362915
23,18471,1788549194463066666,905.438630759716,417.5700711607933,0.8813105225563049
23,18472,1788549194496400000,906.1095955073833,415.14533749222755,0.790115237236023
23,18473,1788549194529744444,906.3406297564507,415.6776299774647,0.7879858016967773
23,18474,1788549194563088888,907.2278053164482,413.3368622660637,0.7810927033424377
23,18475,1788549194596433333,907.4090647101402,408.38775062561035,0.8273324966430664
23,18476,1788549194629777777,907.7570098042488,408.34232795238495,0.6965694427490234
23,18477,1788549194663122222,907.0867486521602,404.3863445520401,0.7965912818908691
23,18478,1788549194696466666,907.7333383858204,404.6826123893261,0.7109829187393188
23,18479,1788549194729800000,907.853960826993,405.5098545253277,0.7018641829490662
23,18480,1788549194763144444,907.9173497855663,403.1131714582443,0.7487119436264038
23,18481,1788549194796488888,908.6515289843082,402.95479452237487,0.708373486995697
23,18482,1788549194829833333,908.9706485085189,403.2409698665142,0.7046366333961487
23,18483,1788549194863177777,910.6650921404362,392.0876254811883,0.785624623298645
23,18484,1788549194896522222,911.5404927134514,390.1378747820854,0.849414587020874
23,18485,1788549194929866666,912.1843266785145,388.34203776717186,0.8189004063606262
23,18486,1788549194963200000,912.0636144131422,388.93413949012756,0.8243321776390076
23,18487,1788549194996544444,911.6661495268345,381.36588045954704,0.7786917686462402
23,18488,1788549195029888888,911.5950861573219,381.07251857221127,0.8064271807670593
23,18489,1788549195063233333,911.4290650486946,380.0346052609384,0.8111874461174011
23,18490,1788549195096577777,911.6093632280827,379.5931057035923,0.8572408556938171
23,18491,1788549195129922222,911.8884594589472,376.5338829755783,0.817312479019165
23,18492,1788549195163266666,912.0708627328277,374.65765911340714,0.8689011335372925
23,18493,1788549195196600000,912.6096670925617,370.877464145422,0.817589282989502
23,18494,1788549195229944444,913.6159856319427,366.61544612050056,0.8163920640945435
23,18495,1788549195263288888,913.9163826406002,365.9190512895584,0.8266764879226685
23,18496,1788549195296633333,914.7892485260963,363.38022688031197,0.8126331567764282
23,18497,1788549195329977777,914.937518030405,363.90379379689693,0.8265823721885681
23,18498,1788549195363322222,914.6271016895771,365.4416202008724,0.8442036509513855
23,18499,1788549195396666666,914.7245448231697,368.16913102567196,0.814710259437561
23,18500,1788549195430000000,914.7323906421661,369.1083582416177,0.8224945068359375
23,18501,1788549195463344444,914.8849809169769,369.96417658776045,0.8250452876091003
23,18502,1788549195496688888,915.7625287473202,374.4844784140587,0.9319271445274353
23,18503,1788549195530033333,917.0229570809752,381.9823963753879,0.7953191995620728
23,18504,1788549195563377777,917.3127716183662,381.8622828722,0.7940313816070557
23,18505,1788549195596722222,918.034024015069,384.8705485165119,0.9486154913902283
23,18506,1788549195630066666,919.3163759112358,393.02258615382016,0.7460348606109619
23,18507,1788549195663400000,918.9396523237228,394.12360037118196,0.9313825964927673
23,18508,1788549195696744444,919.1680912822485,398.6460534334183,0.8227026462554932
23,18509,1788549195730088888,918.2973644733429,398.455116212368,0.8227810263633728
23,18510,1788549195763433333,918.1529965698719,403.31003415584564,0.8307318091392517
23,18511,1788549195796777777,917.7602569311857,403.54160088300705,0.8299961090087891
23,18512,1788549195830122222,917.7445759773254,405.8892182558775,0.8224251866340637
23,18513,1788549195863455555,917.6891038417816,405.53383404016495,0.8291103839874268
23,18514,1788549195896800000,917.958085551858,406.46951925754547,0.8813151121139526
23,18515,1788549195930144444,919.3929774463177,412.1988055408001,0.8582489490509033
23,18516,1788549195963488888,919.663657605648,411.2306608557701,0.8623052835464478
23,18517,1788549195996833333,919.7446255683899,410.24027824401855,0.8647910952568054
23,18518,1788549196030177777,919.762364923954,409.4825973212719,0.8647580146789551
23,18519,1788549196063522222,919.6047956943512,409.34504994750023,0.8697843551635742
23,18520,1788549196096855555,920.8202688992023,418.6560290455818,0.8901873826980591
23,18521,1788549196130200000,920.8757541328669,418.9088252261281,0.8883084058761597
23,18522,1788549196163544444,922.1259964108467,425.6866451203823,0.9783493876457214
23,18523,1788549196196888888,923.0137171503156,429.549393504858,0.8571802973747253
23,18524,1788549196230233333,923.1826218217611,429.1978310495615,0.8810956478118896
23,18525,1788549196263577777,923.8031268417835,431.68983149528503,0.7754147052764893
23,18526,1788549196296922222,924.0686233565211,433.1547043174505,0.7473212480545044
23,18527,1788549196330255555,924.9782636500895,436.75961308181286,0.7374230027198792
23,18528,1788549196363600000,924.8804472833872,438.30428621172905,0.7561370134353638
23,18529,1788549196396944444,925.075956068933,441.2360347956419,0.7362362742424011
23,18530,1788549196430288888,924.6073134541512,441.51013121008873,0.721839964389801
23,18531,1788549196463633333,924.4203798174858,444.75307926535606,0.750918984413147
23,18532,1788549196496977777,924.1845213323832,448.7718660533428,0.7303617596626282
23,18533,1788549196530322222,923.8072781711817,449.66011902689934,0.746101975440979
23,18534,1788549196563655555,923.6663311719894,453.10669461637735,0.7131558656692505
23,18535,1788549196597000000,923.7468006014824,453.7374812364578,0.6953796148300171
23,18536,1788549196630344444,924.0424546785653,454.70527681708336,0.8253089785575867
23,18537,1788549196663688888,924.1775897443295,455.59487491846085,0.7096219658851624
23,18538,1788549196697033333,924.5973789393902,457.74366664886475,0.814073920249939
23,18539,1788549196730377777,924.9346651434898,461.4133172631264,0.8098472952842712
23,18540,1788549196763722222,924.7246243953705,462.4878062605858,0.7143754959106445
23,18541,1788549196797055555,924.365431278944,463.0427997969091,0.759585976600647
23,18542,1788549196830400000,924.3208155930042,466.2494058161974,0.7470952868461609
23,18543,1788549196863744444,924.0189009457827,467.8489471524954,0.7264073491096497
23,18544,1788549196897088888,924.0129490448162,468.95869079604745,0.771776556968689
23,18545,1788549196930433333,924.4752337634563,471.0495964512229,0.7347117066383362
23,18546,1788549196963777777,925.2751188576221,475.83121198415756,0.8781606554985046
23,18547,1788549196997122222,925.4210295081139,476.4627656042576,0.8052259087562561
23,18548,1788549197030455555,925.5508283376694,475.98018705658615,0.8032000064849854
23,18549,1788549197063800000,925.9335759878159,477.7918242663145,0.8681889772415161
23,18550,1788549197097144444,926.0674876198173,478.76415656507015,0.848673939704895
23,18551,1788549197130488888,926.1506391465664,481.4140740931034,0.9297538995742798
23,18552,1788549197163833333,926.771522834897,487.13659577071667,0.8742048740386963
23,18553,1788549197197177777,926.4323387444019,486.93452958762646,0.8694162964820862
23,18554,1788549197230522222,926.304225385189,491.4766484797001,0.8891905546188354
23,18555,1788549197263855555,926.2021675258875,493.6369215250015,0.8703944683074951
23,18556,1788549197297200000,926.0566257573664,496.53374496102333,0.7922282814979553
23,18557,1788549197330544444,925.8589543402195,496.5894590318203,0.7915823459625244
23,18558,1788549197363888888,925.7927312999964,497.15870466828346,0.8683076500892639
23,18559,1788549197397233333,926.6921507418156,503.65489533543587,0.8746964335441589
23,18560,1788549197430577777,926.8940923586488,506.10032353550196,0.7776616811752319
23,18561,1788549197463922222,927.1769502460957,510.4180762767792,0.8543034791946411
23,18562,1788549197497255555,927.1021956801414,511.1178285628557,0.7398713231086731
23,18563,1788549197530600000,927.78391687572,515.5855785310268,0.7689237594604492
23,18564,1788549197563944444,927.6087929904461,518.1519696265459,0.7268050909042358
23,18565,1788549197597288888,926.9196543768048,519.2809704244137,0.856165885925293
23,18566,1788549197630633333,927.3506418466568,523.269682854414,0.7300500869750977
23,18567,1788549197663977777,927.0737064182758,524.1526669412851,0.829140305519104
23,18568,1788549197697322222,927.4809774160385,527.7530739754438,0.846778929233551
23,18569,1788549197730655555,927.9854396311566,530.6885279119015,0.7348455786705017
23,18570,1788549197764000000,927.9766691755503,531.4621551036835,0.8119480013847351
23,18571,1788549197797344444,928.3447566926479,532.9820458684117,0.7391786575317383
23,18572,1788549197830688888,928.6799105405807,535.2187869399786,0.7645888328552246
23,18573,1788549197864033333,928.8747225552797,538.2661203444004,0.7403403520584106
23,18574,1788549197897377777,928.2593574821949,539.4043841660023,0.8218733668327332
23,18575,1788549197930722222,928.075181402266,540.769595131278,0.7354955077171326
23,18576,1788549197964055555,927.7932969331741,540.6929582059383,0.7288031578063965
23,18577,1788549197997400000,927.0243856757879,540.3680739700794,0.7290391325950623
23,18578,1788549198030744444,927.1064288467169,544.8055573999882,0.8516098856925964
23,18579,1788549198064088888,926.8509442806244,544.8549482375383,0.7244728803634644
23,18580,1788549198097433333,926.990091226995,544.9238870590925,0.7214422821998596
23,18581,1788549198130777777,927.8332513570786,545.2991823256016,0.6675559282302856
23,18582,1788549198164122222,927.8777974024415,544.7662755995989,0.6643592715263367
23,18583,1788549198197455555,928.810773178935,543.2156139910221,0.7499486804008484
23,18584,1788549198230800000,929.7166950106621,541.2164800465107,0.7642868161201477
23,18585,1788549198264144444,929.7494934797287,541.2253742069006,0.7552200555801392
23,18586,1788549198297488888,929.2584959566593,541.4419415295124,0.7555469870567322
23,18587,1788549198330833333,929.2426234483719,542.0051966672763,0.7538034319877625
23,18588,1788549198364177777,930.2461695969105,537.729859650135,0.8810887932777405
23,18589,1788549198397522222,930.4824573993683,536.7915193885565,0.8414742350578308
23,18590,1788549198430855555,930.6379806995392,537.187529489398,0.8455820083618164
23,18591,1788549198464200000,931.0568739399314,537.1602362543344,0.8508853316307068
23,18592,1788549198497544444,931.6449714899063,537.6801080405712,0.8458604216575623
23,18593,1788549198530888888,932.4127787649632,533.9375539310277,0.8980209827423096
23,18594,1788549198564233333,934.2131636142731,525.8647749572992,0.791875958442688
23,18595,1788549198597577777,935.1926154047251,520.8280732035637,0.9092997312545776
23,18596,1788549198630922222,936.5659772455692,514.3393376767635,0.825294017791748
23,18597,1788549198664255555,936.7044182121754,514.7729931175709,0.8349347710609436
23,18598,1788549198697600000,937.3292113542557,512.7551304250956,0.8623015880584717
23,18599,1788549198730944444,937.5490935146809,512.2036912739277,0.8177900314331055
23,18600,1788549198764288888,938.2223696261644,509.2641099691391,0.8856438398361206
23,18601,1788549198797633333,939.2540881037712,507.9157650321722,0.7442252039909363
23,18602,1788549198830977777,939.7341129481792,502.01722485758364,0.8504677414894104
23,18603,1788549198864322222,940.6430204808712,501.0663151964545,0.7317602634429932
23,18604,1788549198897655555,940.788478910923,495.96593510359526,0.8287659883499146
23,18605,1788549198931000000,941.1851021051407,492.0459703989327,0.8104034066200256
23,18606,1788549198964344444,942.3340790867805,490.53409656882286,0.7258139252662659
23,18607,1788549198997688888,941.4760100245476,488.00960447546095,0.7344444990158081
23,18608,1788549199031033333,941.347624361515,486.27049419283867,0.7190501689910889
23,18609,1788549199064377777,941.2082888633013,486.20675970613956,0.791060209274292
23,18610,1788549199097722222,941.823790460825,483.5223186612129,0.7201759815216064
23,18611,1788549199131055555,942.3328771591187,480.07027167081833,0.8326931595802307
23,18612,1788549199164400000,943.0784486681223,478.2174837589264,0.7203322052955627
23,18613,1788549199197744444,943.9180275127292,475.46218317747116,0.7893122434616089
23,18614,1788549199231088888,945.3771669268608,471.76155422627926,0.7752172350883484
23,18615,1788549199264433333,947.1095406040549,470.12677876651287,0.7310605645179749
23,18616,1788549199297777777,947.3245837390423,469.8061251193285,0.7194443345069885
23,18617,1788549199331122222,947.8134553283453,465.8444995433092,0.8306203484535217
23,18618,1788549199364455555,948.818177357316,465.88498517870903,0.7128264307975769
23,18619,1788549199397800000,948.8385761976242,461.70193216204643,0.805353045463562
23,18620,1788549199431144444,949.299797475338,461.1078023388982,0.7414518594741821
23,18621,1788549199464488888,949.3055505156517,459.65856090188026,0.7118717432022095
23,18622,1788549199497833333,949.1388052254915,457.1189057826996,0.7514411211013794
23,18623,1788549199531177777,950.2295467555523,455.11687774956226,0.7219353914260864
23,18624,1788549199564522222,950.2375904023647,451.8878083154559,0.7346864342689514
23,18625,1788549199597855555,951.8911489248276,450.2102033942938,0.7143617272377014
23,18626,1788549199631200000,952.9833468478173,443.83880722522736,0.8590953350067139
23,18627,1788549199664544444,954.2594104409218,442.7739316225052,0.713630735874176
23,18628,1788549199697888888,954.1429982930422,439.803224042058,0.7526913285255432
23,18629,1788549199731233333,953.8405449837446,439.5976713895798,0.7024168968200684
23,18630,1788549199764577777,953.007885845378,435.52406400442123,0.8724557757377625
23,18631,1788549199797922222,952.8332668840885,433.78371638059616,0.7673171758651733
23,18632,1788549199831255555,952.7240226268768,430.6514930129051,0.9248006939888
23,18633,1788549199864600000,953.0782717615366,428.9213052392006,0.8445311784744263
23,18634,1788549199897944444,953.129495292902,429.54460445046425,0.8431666493415833
23,18635,1788549199931288888,953.2324282079935,429.95150838792324,0.8419104218482971
23,18636,1788549199964633333,953.3871285915375,430.068954244256,0.8447102308273315
23,18637,1788549199997977777,955.2448042929173,426.9962616073899,0.7649407386779785
23,18638,1788549200031322222,955.3480206727982,422.07491102069616,0.7371721267700195
23,18639,1788549200064655555,957.7170698940754,417.69744926691055,0.7673689723014832
23,18640,1788549200098000000,958.273496568203,417.66975766420364,0.7293078303337097
23,18641,1788549200131344444,959.1616968661547,413.309965133667,0.7297958135604858
23,18642,1788549200164688888,958.6142082810402,411.8486381024122,0.7460536956787109
23,18643,1788549200198033333,957.833659812808,411.5341647863388,0.7085695266723633
23,18644,1788549200231377777,956.4673321247101,407.008005104959,0.8086217641830444
23,18645,1788549200264722222,956.5449110865593,406.76083222031593,0.7105243802070618
23,18646,1788549200298055555,956.3990391492844,406.9889341490343,0.7036275863647461
23,18647,1788549200331400000,956.0585145838559,407.14202620089054,0.7011006474494934
23,18648,1788549200364744444,956.3635916411877,401.1312037408352,0.7458730340003967
23,18649,1788549200398088888,956.1240246593952,401.2854206562042,0.7244346141815186
23,18650,1788549200431433333,956.6601037085056,393.86173421144485,0.8878092765808105
23,18651,1788549200464777777,958.3950000405312,391.1107709556818,0.764398992061615
23,18652,1788549200498122222,959.3463535308838,387.52900180220604,0.8145366907119751
23,18653,1788549200531455555,960.5424357950687,386.91238002479076,0.732012152671814
23,18654,1788549200564800000,961.2944917082787,387.03186962008476,0.7218018770217896
23,18655,1788549200598144444,963.0385990291834,382.14429710805416,0.7413643598556519
23,18656,1788549200631488888,963.6916001737118,377.867724776268,0.7980045080184937
23,18657,1788549200664833333,964.9408162198961,377.2252926528454,0.7117109894752502
23,18658,1788549200698177777,965.7178603708744,375.1688084304333,0.7217026948928833
23,18659,1788549200731522222,965.6242240965366,375.22797191143036,0.7107248902320862
23,18660,1788549200764855555,965.3111761808395,371.06846629083157,0.7994195222854614
23,18661,1788549200798200000,965.9098110198975,370.92820294201374,0.7122802138328552
23,18662,1788549200831544444,965.2588308155537,367.0047057135962,0.791759729385376
23,18663,1788549200864888888,965.2977518737316,367.3691462278366,0.7166022062301636
23,18664,1788549200898233333,964.861181139946,362.7460106909275,0.7552265524864197
23,18665,1788549200931577777,963.7635205388069,364.03662183880806,0.7340707182884216
23,18666,1788549200964922222,962.0214362591505,364.2734461426735,0.8728686571121216
23,18667,1788549200998255555,960.6750150024891,365.22064347565174,0.8647863268852234
23,18668,1788549201031600000,960.7712534070015,373.75950291752815,0.8264949917793274
23,18669,1788549201064944444,959.0891588702798,375.2435725927353,0.8149702548980713
23,18670,1788549201098288888,958.1533761173487,380.307850420475,0.8248377442359924
23,18671,1788549201131633333,956.7714189141989,382.54859989881516,0.8363440632820129
23,18672,1788549201164977777,955.2014013230801,384.7897130250931,0.8179726004600525
23,18673,1788549201198322222,953.8933574408293,387.87296310067177,0.9062832593917847
23,18674,1788549201231655555,952.5960026085377,392.75112403929234,0.8198683261871338
23,18675,1788549201265000000,950.9750807676464,398.2824338376522,0.8301459550857544
23,18676,1788549201298344444,948.836302652955,399.376187056303,0.8281486630439758
23,18677,1788549201331688888,947.5710717439651,401.7643013596535,0.8926636576652527
23,18678,1788549201365033333,946.9812237825245,405.27343013882637,0.8319353461265564
23,18679,1788549201398377777,947.098629117012,409.9669012874365,0.8235922455787659
23,18680,1788549201431722222,946.7105827629566,410.43034556508064,0.8308075070381165
23,18681,1788549201465055555,946.5788137316704,412.17392222583294,0.8240243792533875
23,18682,1788549201498400000,946.2507036030293,413.76282262802124,0.9221252202987671
23,18683,1788549201531744444,946.6531798243523,420.63106271624565,0.7020782828330994
23,18684,1788549201565088888,946.0913068056107,420.6773162782192,0.8070024251937866
23,18685,1788549201598433333,946.1007455810905,425.6182797551155,0.7077292799949646
23,18686,1788549201631777777,945.7536331266165,425.93472412228584,0.7032730579376221
23,18687,1788549201665122222,945.3753933310509,426.09649738669395,0.7005946040153503
23,18688,1788549201698455555,945.4432145655155,428.10261853039265,0.8924424052238464
23,18689,1788549201731800000,945.497845351696,431.3353323340416,0.6942358016967773
23,18690,1788549201765144444,946.3018593788147,438.2938970029354,0.9017166495323181
23,18691,1788549201798488888,948.00462608831,446.0158696472645,0.6805127263069153
23,18692,1788549201831833333,947.9150856137276,445.6259404718876,0.7446801662445068
23,18693,1788549201865177777,948.228195399046,449.97484514676034,0.6704739332199097
23,18694,1788549201898522222,947.9957772735506,449.9348594471812,0.6861688494682312
23,18695,1788549201931855555,947.9846138516441,452.6817686855793,0.6637008190155029
23,18696,1788549201965200000,947.5414782464504,452.9914469309151,0.7012596726417542
23,18697,1788549201998544444,948.7567665874958,459.9610183313489,0.576708197593689
23,18698,1788549202031888888,948.6249193549156,460.6861847937107,0.5872461795806885
23,18699,1788549202065233333,948.8486860990524,461.7572221159935,0.5983810424804688
23,18700,1788549202098577777,949.9012237936258,465.52744495868683,0.5790970921516418
23,18701,1788549202131922222,950.1464312970638,464.7705239057541,0.5935103893280029
23,18702,1788549202165255555,948.0,464.0,1.0
23,18703,1788549202198600000,947.7963660806417,463.6727871596813,0.9789809584617615
23,18704,1788549202231944444,948.420243293047,469.0456152372062,0.8609564304351807
23,18705,1788549202265288888,948.2662402391434,468.9853228693828,0.8700124621391296
23,18706,1788549202298633333,949.0125943915918,468.52498710155487,0.8685010075569153
23,18707,1788549202331977777,948.4700213968754,468.1756419092417,0.8729062080383301
23,18708,1788549202365322222,948.0156942717731,467.74016654491425,0.8736147284507751
23,18709,1788549202398655555,947.510810136795,467.1035163626075,0.8720256090164185
23,18710,1788549202432000000,947.1914476752281,466.2660288512707,0.872430145740509
23,18711,1788549202465344444,947.1132172495127,465.10749557614326,0.8737983703613281
23,18712,1788549202498688888,947.012594120577,464.6793489456177,0.864054799079895
23,18713,1788549202532033333,949.3333333333334,480.0,1.0
23,18714,1788549202565377777,949.4381017386913,481.72528579831123,0.8872191309928894
23,18715,1788549202598722222,950.0849122032523,485.42503878474236,0.9075542092323303
23,18716,1788549202632055555,950.3789274096489,487.32233849167824,0.8753224015235901
23,18717,1788549202665400000,953.3333333333334,496.0,1.0
23,18718,1788549202698744444,953.1963713616133,496.1190946176648,0.9674058556556702
23,18719,1788549202732088888,952.9569121673703,500.54760909080505,0.7681426405906677
23,18720,1788549202765433333,954.0531020797789,500.99935645982623,0.8242878317832947
23,18721,1788549202798777777,955.4353926479816,503.43714705109596,0.7926930785179138
23,18722,1788549202832122222,956.2926995456219,507.1139161810279,0.7848102450370789
23,18723,1788549202865455555,956.1359630227089,510.0634076446295,0.7816141843795776
23,18724,1788549202898800000,956.1500443816185,509.9609027840197,0.775983452796936
23,18725,1788549202932144444,956.6879171133041,513.4128484427929,0.8049214482307434
23,18726,1788549202965488888,956.672991424799,515.6728158593178,0.7892798781394958
23,18727,1788549202998833333,956.8465367555618,519.8554630130529,0.7727495431900024
23,18728,1788549203032177777,956.7575163692236,523.9850334590301,0.7703114151954651
23,18729,1788549203065522222,956.9739951323718,527.8768206909299,0.7639444470405579
23,18730,1788549203098855555,956.7647241503,529.9047304838896,0.7679993510246277
23,18731,1788549203132200000,957.402132332325,532.83696000278,0.7983181476593018
23,18732,1788549203165544444,957.2907882630825,533.8462900519371,0.781767725944519
23,18733,1788549203198888888,957.5156918764114,537.5783858299255,0.7998453378677368
23,18734,1788549203232233333,957.9963504537009,540.3592074513435,0.6927550435066223
23,18735,1788549203265577777,959.5,542.5,0.6682548505067826
23,18736,1788549203298922222,959.5,545.5,0.6629976564645768
23,18737,1788549203332255555,958.8076271861792,547.0929000005126,0.6710835099220276
23,18738,1788549203365600000,958.1809629648924,551.7883851081133,0.6552315354347229
23,18739,1788549203398944444,957.7583943158388,556.6872381865978,0.6651715636253357
23,18740,1788549203432288888,956.4463540911674,558.1093331873417,0.6599581837654114
23,18741,1788549203465633333,958.7041109502316,561.3846425414085,0.6704668998718262
23,18742,1788549203498977777,958.5451511442661,562.0163957476616,0.636968731880188
23,18743,1788549203532322222,960.5,564.5,0.6172931367158889
23,18744,1788549203565655555,961.0,567.0,0.6365858209133148
23,18745,1788549203599000000,962.5,570.5,0.6500678104162216
23,18746,1788549203632344444,963.5,570.5,0.6487073671817779
23,18747,1788549203665688888,962.5,572.5,0.6460319763422012
23,18748,1788549203699033333,963.5,572.5,0.6448505651950837
23,18749,1788549203732377777,963.5,572.5,0.6427715742588043
23,18750,1788549203765722222,963.0,572.0,0.6496104347705841
23,18751,1788549203799055555,963.0,571.0,0.6392126476764679
23,18752,1788549203832400000,963.9905041540042,569.096348002553,0.7335098385810852
23,18753,1788549203865744444,964.5331539213657,566.972349409014,0.7541584372520447
23,18754,1788549203899088888,965.1876227259636,563.3416984379292,0.7576426863670349
23,18755,1788549203932433333,965.7027491033077,562.3276704549789,0.7484923601150513
23,18756,1788549203965777777,966.1511178910732,558.2574907243252,0.7460193634033203
23,18757,1788549203999122222,966.7182634472847,557.2296972721815,0.7422958612442017
23,18758,1788549204032455555,966.8125770837069,555.2672785818577,0.7246623039245605
23,18759,1788549204065800000,966.6645594537258,554.0735955089331,0.7400567531585693
23,18760,1788549204099144444,966.0863664150238,551.9270460233092,0.7179929614067078
23,18761,1788549204132488888,966.4324934482574,548.1659727245569,0.718912661075592
23,18762,1788549204165833333,966.8970764577389,547.2623524665833,0.7144389748573303
23,18763,1788549204199177777,967.8263334780931,543.0813779756427,0.7159738540649414
23,18764,1788549204232522222,968.2609067857265,542.35884141922,0.704651415348053
23,18765,1788549204265855555,970.6431553065777,535.657575905323,0.7140868902206421
23,18766,1788549204299200000,970.2923160493374,535.3265064656734,0.7698157429695129
23,18767,1788549204332544444,970.5359930098057,535.1805541813374,0.7746366858482361
23,18768,1788549204365888888,971.654749006033,530.8229040950537,0.6833831071853638
23,18769,1788549204399233333,970.9594820588827,530.7069756984711,0.6504987478256226
23,18770,1788549204432577777,972.128319144249,525.2756288051605,0.7366582751274109
23,18771,1788549204465922222,971.245377972722,523.8477735221386,0.6560482382774353
23,18772,1788549204499255555,972.5039024949074,518.7006357908249,0.7260856628417969
23,18773,1788549204532600000,972.0585832521319,518.1833409070969,0.6635977029800415
23,18774,1788549204565944444,973.673949867487,507.9345403909683,0.7432979345321655
23,18775,1788549204599288888,973.7758778035641,506.2279731929302,0.7672213315963745
23,18776,1788549204632633333,974.4305612444878,503.30608183145523,0.7861093878746033
23,18777,1788549204665977777,974.8620749861002,501.8447704911232,0.7902138233184814
23,18778,1788549204699322222,975.3018007278442,498.79634569585323,0.761518120765686
23,18779,1788549204732655555,975.5470913350582,497.8283736407757,0.7767236232757568
23,18780,1788549204766000000,975.1501991003752,497.6723062694073,0.7751802206039429
23,18781,1788549204799344444,975.0,495.0,0.7218967348337173
23,18782,1788549204832688888,976.0,492.0,0.7146919620037079
23,18783,1788549204866033333,976.2836630046368,489.3942554593086,0.7078430652618408
23,18784,1788549204899377777,976.3122029602528,489.24466167390347,0.6947045922279358
23,18785,1788549204932722222,976.6527768373489,489.31662026047707,0.6924106478691101
23,18786,1788549204966055555,976.8877060338855,489.2878768146038,0.6928170919418335
23,18787,1788549204999400000,979.0715650692582,478.27845445275307,0.6649910807609558
23,18788,1788549205032744444,979.2205301523209,477.8394781500101,0.7201914191246033
23,18789,1788549205066088888,979.3642860352993,478.14242216944695,0.7225027680397034
23,18790,1788549205099433333,979.1998417377472,478.23969350755215,0.7285885810852051
23,18791,1788549205132777777,979.0392760261893,478.1260481327772,0.7273603677749634
23,18792,1788549205166122222,978.6936832666397,478.1143376529217,0.7261753678321838
23,18793,1788549205199455555,978.622183740139,478.5374397933483,0.7252928614616394
23,18794,1788549205232800000,978.6723406016827,478.6800691783428,0.7316946387290955
23,18795,1788549205266144444,978.9824914205819,478.88568200170994,0.731100857257843
23,18796,1788549205299488888,979.0702613219619,478.47876822948456,0.7258498072624207
23,18797,1788549205332833333,951.7257715463638,466.87834419310093,0.6772127747535706
23,18798,1788549205366177777,952.283042371273,466.0532363988459,0.6833164691925049
24,19131,1788549216469344444,772.0,468.0,1.0
24,19132,1788549216502688888,772.4384043514729,468.8342355042696,0.9853299856185913
24,19133,1788549216536033333,773.7223983705044,470.8641624003649,0.9936005473136902
24,19134,1788549216569366666,773.7942955046892,471.6406878530979,0.9914430379867554
24,19135,1788549216602711111,774.1502211540937,472.9345747381449,0.9950512647628784
24,19136,1788549216636055555,774.3393160700798,473.9438862875104,0.9840448498725891
24,19137,1788549216669400000,775.1486771404743,475.9949232595973,0.9925225377082825
24,19138,1788549216702744444,776.2455478608608,478.5529880821705,0.9860584735870361
24,19139,1788549216736088888,776.1535281091928,479.26744842529297,0.9915741682052612
24,19140,1788549216769433333,776.2119428515434,481.64252004027367,0.9913367033004761
24,19141,1788549216802766666,772.3841556310654,482.0977510511875,0.9868946671485901
24,19142,1788549216836111111,766.8299251049757,484.91070238500834,0.9831647276878357
24,19143,1788549216869455555,759.6217238008976,486.4780929982662,0.9778259992599487
24,19144,1788549216902800000,756.3110349476337,491.9613666385412,0.9876338243484497
24,19145,1788549216936144444,756.1657239943743,496.5336431860924,0.9860158562660217
24,19146,1788549216969488888,760.1099945902824,501.00336188380606,0.9816324710845947
24,19147,1788549217002833333,766.9035209938884,505.34007424116135,0.9708326458930969
24,19148,1788549217036166666,777.095529191196,513.2025271356106,0.9608513116836548
24,19149,1788549217069511111,785.2356948703527,518.2222140878439,0.9701125025749207
24,19150,1788549217102855555,792.7986765503883,525.9911856641993,0.8573513627052307
24,19151,1788549217136200000,798.8806662932038,533.8833341449499,0.9886995553970337
24,19152,1788549217169544444,801.9193800613284,537.791385859251,0.9785614013671875
24,19153,1788549217202888888,803.6454304754734,540.2253786027431,0.9913500547409058
24,19154,1788549217236233333,803.5194019675255,539.5512734651566,0.9856123328208923
24,19155,1788549217269566666,802.7772343158722,537.6598913371563,0.9883435964584351
24,19156,1788549217302911111,801.0237889159471,533.095600605011,0.993952751159668
24,19157,1788549217336255555,798.8970322012901,526.6416806280613,0.9690238833427429
24,19158,1788549217369600000,796.1152811050415,517.6001119017601,0.9756557941436768
24,19159,1788549217402944444,792.5436874330044,506.3910121023655,0.9079170823097229
24,19160,1788549217436288888,787.8658491522074,494.21095694601536,0.9121833443641663
24,19161,1788549217469633333,780.1138300597668,479.12775498628616,0.882049024105072
24,19162,1788549217502966666,771.0192965455353,466.51280930638313,0.8744690418243408
24,19163,1788549217536311111,758.0186797678471,451.1532392203808,0.8135384321212769
24,19164,1788549217569655555,743.6919644474983,436.45146986842155,0.819250226020813
24,19165,1788549217603000000,728.7039020061493,420.2353901565075,0.8745323419570923
24,19166,1788549217636344444,714.5314643979073,406.3692827820778,0.8502553701400757
24,19167,1788549217669688888,702.7214016318321,394.3428283929825,0.9173243641853333
24,19168,1788549217703033333,693.8316978812218,383.8405995666981,0.9426510334014893
24,19169,1788549217736366666,688.8784856423736,377.64450201392174,0.9809369444847107
24,19170,1788549217769711111,685.6905706524849,372.2988256216049,0.9863116145133972
24,19171,1788549217803055555,684.7721564173698,369.2525961101055,0.9888638257980347
24,19172,1788549217836400000,683.9950214172713,366.19051137566566,0.9901013374328613
24,19173,1788549217869744444,682.8917962387204,361.9264534637332,0.9916688203811646
24,19174,1788549217903088888,682.7919817715883,359.56722897291183,0.9883685111999512
24,19175,1788549217936433333,681.7983572632074,354.9554423429072,0.9905954003334045
24,19176,1788549217969766666,681.180960983038,354.2280224561691,0.9924280643463135
24,19177,1788549218003111111,679.6149201393127,352.4706456065178,0.9849567413330078
24,19178,1788549218036455555,677.5969059765339,350.50520050525665,0.9823957681655884
24,19179,1788549218069800000,675.0482985340059,346.25861912965775,0.9927238821983337
24,19180,1788549218103144444,672.9637316130102,343.8330514431,0.993506669998169
24,19181,1788549218136488888,670.5624696612358,340.80990378558636,0.9886317849159241
24,19182,1788549218169833333,668.9123476669192,338.9520638734102,0.9934093952178955
24,19183,1788549218203166666,668.3129193782806,340.2619278430939,0.9867833256721497
24,19184,1788549218236511111,667.6421263515949,341.1967550814152,0.9821794629096985
24,19185,1788549218269855555,666.9109102785587,343.26427486538887,0.9794578552246094
24,19186,1788549218303200000,665.8202660381794,344.36977583169937,0.9742278456687927
24,19187,1788549218336544444,665.4738650619984,345.62490367889404,0.9342644214630127
24,19188,1788549218369888888,665.664862215519,345.0961985811591,0.8894129395484924
24,19189,1788549218403233333,665.9634183421731,344.932883746922,0.8845075368881226
24,19190,1788549218436566666,667.3416668772697,345.61265459656715,0.7644541263580322
24,19191,1788549218469911111,667.8521917313337,346.25698164105415,0.716401994228363
24,19192,1788549218503255555,668.4936156868935,346.126637250185,0.6282682418823242
24,19193,1788549218536600000,668.8319809138775,345.84841403365135,0.7660951614379883
24,19194,1788549218569944444,668.2252455204725,345.9060926064849,0.8001587986946106
24,19195,1788549218603288888,667.5605128407478,346.16135551035404,0.8439425230026245
24,19196,1788549218636633333,666.8675328344107,346.4023981690407,0.8589083552360535
24,19197,1788549218669966666,666.7662852406502,345.618229418993,0.9459352493286133
24,19198,1788549218703311111,666.5405280590057,347.13380344212055,0.9582885503768921
24,19199,1788549218736655555,667.0648096650839,345.57937926054,0.9774701595306396
24,19200,1788549218770000000,667.4600696861744,346.30575892329216,0.9802745580673218
24,19201,1788549218803344444,668.0228440407664,346.49335876107216,0.9831881523132324
24,19202,1788549218836688888,668.5277410447598,346.9018966034055,0.9848281741142273
24,19203,1788549218870033333,669.3406259417534,346.86748817563057,0.9863808155059814
24,19204,1788549218903366666,670.1096353083849,348.55481618642807,0.9854506850242615
24,19205,1788549218936711111,670.6366437971592,349.1458011865616,0.9874150156974792
24,19206,1788549218970055555,670.3972074985504,352.28653171658516,0.9861621260643005
24,19207,1788549219003400000,670.0184581112117,356.6808108985424,0.9875144958496094
24,19208,1788549219036744444,669.6751193106174,361.73950803279877,0.986463725566864
24,19209,1788549219070088888,669.6806772351265,361.19726724922657,0.9843382835388184
24,19210,1788549219103433333,669.004251901526,364.6240028142929,0.9870308041572571
24,19211,1788549219136766666,668.8251739740372,362.60258743166924,0.9815546274185181
24,19212,1788549219170111111,668.2168756127357,364.9569105170667,0.990390956401825
24,19213,1788549219203455555,667.8423092067242,366.25222051143646,0.9871613383293152
24,19214,1788549219236800000,666.7650941461325,372.0586373284459,0.9820973873138428
24,19215,1788549219270144444,664.6774468123913,379.11794397979975,0.9776167869567871
24,19216,1788549219303488888,661.5204222798347,388.08720038086176,0.9676421880722046
24,19217,1788549219336833333,658.1131680905819,393.6155031621456,0.9855912923812866
24,19218,1788549219370166666,655.4696289896965,398.84688644111156,0.985749363899231
24,19219,1788549219403511111,654.4748555719852,399.1004341468215,0.9839535355567932
24,19220,1788549219436855555,654.9639482274652,398.98681288491935,0.9897722005844116
24,19221,1788549219470200000,656.1222793459892,398.07639387995005,0.9902123808860779
24,19222,1788549219503544444,656.5924633145332,400.873272433877,0.9879139065742493
24,19223,1788549219536888888,656.898644387722,402.83432990312576,0.9905945062637329
24,19224,1788549219570233333,656.8908565938473,404.7832051962614,0.9908552765846252
24,19225,1788549219603566666,656.5013856887817,407.8837008550763,0.9867525696754456
24,19226,1788549219636911111,656.4980461895466,409.8614540845156,0.9860681295394897
24,19227,1788549219670255555,657.5705760717392,412.0208283253014,0.9889127612113953
24,19228,1788549219703600000,659.4210297167301,415.65220522880554,0.9871437549591064
24,19229,1788549219736944444,662.5149223804474,419.7907624542713,0.9776459336280823
24,19230,1788549219770288888,670.0710972473025,427.0348199158907,0.9520144462585449
24,19231,1788549219803633333,684.079038105905,428.3375538289547,0.9138818383216858
24,19232,1788549219836966666,707.8420278728008,443.40459698438644,0.7518494725227356
24,19233,1788549219870311111,728.2471383213997,464.5437204539776,0.7527933716773987
24,19234,1788549219903655555,747.6556956768036,484.9744144231081,0.74673992395401
24,19235,1788549219937000000,757.0,498.0,0.7440516901016235
24,19236,1788549219970344444,777.3333333333334,526.6666666666666,1.0
24,19237,1788549220003688888,794.224311247468,550.1760059148073,0.9648920893669128
24,19238,1788549220037033333,812.0028064430226,570.8819783180952,0.9873213768005371
24,19239,1788549220070366666,827.8292524814606,587.9537910781801,0.8516675233840942
24,19240,1788549220103711111,843.6385805010796,601.243191882968,0.8910918235778809
24,19241,1788549220137055555,856.6091947853565,613.0957850664854,0.7998712658882141
24,19242,1788549220170400000,865.7560894042253,621.474123686552,0.7337683439254761
24,19243,1788549220203744444,873.0153758432716,626.1159945204854,0.5987805724143982
24,19244,1788549220237088888,880.629007011652,631.201731339097,0.7488324642181396
24,19245,1788549220270433333,890.8969150930643,640.4167112708092,0.8438496589660645
24,19246,1788549220303766666,905.2348667383194,647.8807670176029,0.8745948076248169
24,19247,1788549220337111111,917.1404026448727,662.2730561494827,0.8958267569541931
24,19248,1788549220370455555,926.3031233251095,674.6069188117981,0.7864684462547302
24,19249,1788549220403800000,929.2886655628681,686.6013145446777,0.6602091193199158
24,19250,1788549220437144444,926.6195982992649,696.2772370576859,0.5589730739593506
24,19251,1788549220470488888,920.0930587947369,699.9424720592797,0.5503591299057007
24,19252,1788549220503833333,912.2918697595596,701.8643666356802,0.6080905199050903
24,19253,1788549220537166666,906.7626144438982,699.2197852581739,0.693885862827301
24,19254,1788549220570511111,904.3413611352444,690.5856795907021,0.6539386510848999
24,19255,1788549220603855555,904.5338087975979,681.4546734988689,0.6216795444488525
24,19256,1788549220637200000,905.9150444045663,668.5715713202953,0.6143168807029724
24,19257,1788549220670544444,906.201969102025,654.5978421866894,0.6684426069259644
24,19258,1788549220703888888,904.390693962574,643.6802312731743,0.686556339263916
24,19259,1788549220737233333,901.9665148891509,634.8005770742893,0.6619612574577332
24,19260,1788549220770566666,898.8287489563227,632.4689909815788,0.6396182179450989
24,19261,1788549220803911111,896.8562036156654,634.2838905155659,0.6191814541816711
24,19262,1788549220837255555,895.8673003017902,638.9323233440518,0.6271185278892517
24,19263,1788549220870600000,895.1896468997002,641.5059904754162,0.6263403296470642
24,19264,1788549220903944444,895.1743524670601,643.6186301708221,0.6256842017173767
24,19265,1788549220937288888,894.8495007604361,643.3838985264301,0.6327464580535889
24,19266,1788549220970633333,895.5468134582043,643.3718293905258,0.6334541440010071
24,19267,1788549221003966666,895.1311454027891,639.073593325913,0.6296206116676331
24,19268,1788549221037311111,895.0874876901507,633.0373561605811,0.6404585242271423
24,19269,1788549221070655555,895.0818167552352,629.0887437984347,0.6378605365753174
24,19270,1788549221104000000,895.6695835888386,625.3005824685097,0.647432267665863
24,19271,1788549221137344444,895.2380062490702,620.6360827088356,0.6669735312461853
24,19272,1788549221170688888,893.3091208636761,615.6871089041233,0.6544055342674255
24,19273,1788549221204033333,892.2563015520573,611.5239296853542,0.6562711596488953
24,19274,1788549221237366666,890.7421853542328,609.1571882069111,0.6487879753112793
24,19275,1788549221270711111,890.7631881684065,606.2268308848143,0.6453606486320496
24,19276,1788549221304055555,890.9396286457777,602.2827938199043,0.6483297348022461
24,19277,1788549221337400000,891.9913172414526,596.6592043638229,0.6526564359664917
24,19278,1788549221370744444,891.1290330886841,588.853233769536,0.6470630168914795
24,19279,1788549221404088888,889.9336821064353,581.8966836854815,0.6754204034805298
24,19280,1788549221437433333,888.752119615674,574.2057541906834,0.6553158164024353
24,19281,1788549221470766666,887.2140021026134,567.9040133804083,0.6623536348342896
24,19282,1788549221504111111,886.8629247397184,562.172650963068,0.6368255019187927
24,19283,1788549221537455555,886.7670623362064,557.3367524445057,0.634756863117218
24,19284,1788549221570800000,887.401139497757,551.5901819169521,0.6192508935928345
24,19285,1788549221604144444,888.1611491292715,548.8245115876198,0.6271584630012512
24,19286,1788549221637488888,889.1501562595367,545.596498310566,0.6238039135932922
24,19287,1788549221670833333,888.9341470226645,540.2631376087666,0.6293351054191589
24,19288,1788549221704166666,888.9063102155924,537.3322522044182,0.631725549697876
24,19289,1788549221737511111,890.161323338747,536.5733179152012,0.6442676782608032
24,19290,1788549221770855555,890.0834601297975,533.735761642456,0.6425953507423401
24,19291,1788549221804200000,889.9084341302514,531.0901494249701,0.6422264575958252
24,19292,1788549221837544444,889.8426809459925,530.2194433361292,0.6396504044532776
24,19293,1788549221870888888,890.0973024368286,526.9016407653689,0.640924334526062
24,19294,1788549221904233333,890.2393025010824,524.6073043346405,0.6334485411643982
24,19295,1788549221937566666,890.5355424582958,521.4400783777237,0.6435584425926208
24,19296,1788549221970911111,890.8711785823107,518.0681708157063,0.641622006893158
24,19297,1788549222004255555,891.299629509449,514.632589995861,0.6438364386558533
24,19298,1788549222037600000,891.9595129601657,512.965548761189,0.6459800004959106
24,19299,1788549222070944444,892.5900515019894,511.4086127579212,0.6409860253334045
24,19300,1788549222104288888,892.9900996657088,508.9222939014435,0.6470640897750854
24,19301,1788549222137633333,893.1134616434574,504.8989633023739,0.6627917289733887
24,19302,1788549222170966666,893.2816231846809,497.875198379159,0.6517849564552307
24,19303,1788549222204311111,893.0401076860726,495.3024443387985,0.6679588556289673
24,19304,1788549222237655555,893.3415158689022,489.57577350735664,0.6306397318840027
24,19305,1788549222271000000,892.3892397284508,488.5807635188103,0.6454968452453613
24,19306,1788549222304344444,890.8176254630089,486.30243542790413,0.6333134770393372
24,19307,1788549222337688888,889.8037392050028,486.1866527348757,0.6327994465827942
24,19308,1788549222371033333,889.1628789156675,484.59858280420303,0.6267150044441223
24,19309,1788549222404366666,887.7261751294136,483.37369018793106,0.6344731450080872
24,19310,1788549222437711111,886.8390982747078,479.4775497019291,0.6263242959976196
24,19311,1788549222471055555,886.913361646235,478.87801241129637,0.635685920715332
24,19312,1788549222504400000,885.7369844019413,475.22808760404587,0.6240307092666626
24,19313,1788549222537744444,884.8901365995407,472.11250876635313,0.6399263143539429
24,19314,1788549222571088888,884.1941486597061,469.5828250050545,0.6170479655265808
24,19315,1788549222604433333,882.7557241469622,465.3014296591282,0.6317777633666992
24,19316,1788549222637766666,882.7171888947487,462.3016456067562,0.6201525926589966
24,19317,1788549222671111111,882.6753515303135,458.3584959805012,0.6213736534118652
24,19318,1788549222704455555,882.1358001828194,455.7330802679062,0.6275092959403992
24,19319,1788549222737800000,880.1594399660826,452.88877253234386,0.6225311160087585
24,19320,1788549222771144444,880.2443262636662,450.62274873256683,0.6232401132583618
24,19321,1788549222804488888,878.8759730607271,447.284172385931,0.614392876625061
24,19322,1788549222837833333,879.8081929832697,445.2722750902176,0.6225946545600891
24,19323,1788549222871166666,879.9010943770409,443.26748329401016,0.6175053119659424
24,19324,1788549222904511111,880.696854352951,441.29347437620163,0.6182608604431152
24,19325,1788549222937855555,880.7135499715805,440.442198574543,0.6238956451416016
24,19326,1788549222971200000,882.9358347505331,437.86384178698063,0.6236499547958374
24,19327,1788549223004544444,885.0035579199903,435.8485012203455,0.6285161972045898
24,19328,1788549223037888888,887.6225552260876,433.4867848753929,0.6192395091056824
24,19329,1788549223071233333,891.8760066702962,428.26840487122536,0.620976448059082
24,19330,1788549223104566666,897.1116795018315,425.69390293955803,0.6213310956954956
24,19331,1788549223137911111,901.8039412200451,420.12723326683044,0.6186253428459167
24,19332,1788549223171255555,905.8986161723733,415.9555202163756,0.620377242565155
24,19333,1788549223204600000,908.9682465493679,410.3124968409538,0.6209498047828674
24,19334,1788549223237944444,915.7417062222958,408.20855751633644,0.6289137601852417
24,19335,1788549223271288888,923.8177143931389,404.33656269311905,0.6006302833557129
24,19336,1788549223304633333,935.7272621691227,402.45305609703064,0.5569027066230774
24,19337,1788549223337966666,948.604002892971,397.420195043087,0.5352811217308044
24,19338,1788549223371311111,963.7869894355536,394.2698493003845,0.5034186840057373
24,19339,1788549223404655555,983.6467295587063,391.2317373752594,0.5136802196502686
24,19340,1788549223438000000,1003.2031906247139,389.7736452817917,0.5075562000274658
24,19341,1788549223471344444,1024.856982782483,388.2349449247122,0.5276973247528076
24,19342,1788549223504688888,1047.9353559091687,389.90432384610176,0.5262377262115479
24,19343,1788549223538033333,1070.4467593431473,390.66102769970894,0.5970019698143005
24,19344,1788549223571366666,1089.8612111210823,389.07214046269655,0.516323447227478
24,19345,1788549223604711111,1113.9877022998407,390.90515883266926,0.5980269312858582
24,19346,1788549223638055555,1134.4454055130482,392.70816165208817,0.5994082689285278
24,19347,1788549223671400000,1153.0541975311935,398.08440444618464,0.7295800447463989
24,19348,1788549223704744444,1169.1802683472633,402.5579087436199,0.6276994347572327
24,19349,1788549223738088888,1182.0319858677685,406.68509367108345,0.699929416179657
24,19350,1788549223771433333,1192.0858338326216,410.00203716917895,0.6804435849189758
24,19351,1788549223804766666,1200.2598679065704,416.6536968946457,0.656855046749115
24,19352,1788549223838111111,1204.882557079196,421.95517656579614,0.6849102973937988
24,19353,1788549223871455555,1206.2996652424335,429.5692049264908,0.640842080116272
24,19354,1788549223904800000,1203.965232886374,434.9200469404459,0.6342895030975342
24,19355,1788549223938144444,1199.9348733052611,440.7471564412117,0.6258927583694458
24,19356,1788549223971488888,1193.0003938936861,441.0846219211817,0.6289783120155334
24,19357,1788549224004833333,1186.3513866364956,442.6724363565445,0.6384932994842529
24,19358,1788549224038166666,1179.1697677075863,444.85123355686665,0.6030207872390747
24,19359,1788549224071511111,1171.5680485069752,447.45172241330147,0.6288267374038696
24,19360,1788549224104855555,1164.0171949602664,447.82981695234776,0.6259803175926208
24,19361,1788549224138200000,1156.0339722335339,446.7498558461666,0.6831387877464294
24,19362,1788549224171544444,1146.8586371243,439.3071049153805,0.7234783172607422
24,19363,1788549224204888888,1137.8427072614431,431.49796691536903,0.6971802711486816
24,19364,1788549224238233333,1130.0856347605586,425.949238024652,0.6839960217475891
24,19365,1788549224271566666,1122.2572171986103,423.66990318894386,0.634830892086029
24,19366,1788549224304911111,1114.5812043845654,418.40148201584816,0.7172119617462158
24,19367,1788549224338255555,1107.2074173539877,412.8415160626173,0.6594148278236389
24,19368,1788549224371600000,1099.9310602769256,406.1018062606454,0.7183612585067749
24,19369,1788549224404944444,1092.2049529701471,399.67478266358376,0.6755993366241455
24,19370,1788549224438288888,1082.9002180323005,391.4149646162987,0.7359781861305237
24,19371,1788549224471633333,1073.885896794498,384.1368727982044,0.7135396599769592
24,19372,1788549224504966666,1063.0155073003843,372.0341329500079,0.802786111831665
24,19373,1788549224538311111,1052.6964623034,359.11013474315405,0.7952152490615845
24,19374,1788549224571655555,1041.9818801395595,346.0180685389787,0.7979076504707336
24,19375,1788549224605000000,1031.8977545499802,333.3116175532341,0.7615560293197632
24,19376,1788549224638344444,1023.1862132847309,324.81285816431046,0.7430179715156555
24,19377,1788549224671688888,1014.7797521799803,317.3151441216469,0.6883424520492554
24,19378,1788549224705033333,1007.8019836694002,314.2472989857197,0.6751015782356262
24,19379,1788549224738366666,1002.1314278542995,311.95188081264496,0.6332014203071594
24,19380,1788549224771711111,999.0334611311555,312.7505153417587,0.6516315340995789
24,19381,1788549224805055555,997.1171396896243,315.60091027617455,0.648649275302887
24,19382,1788549224838400000,995.6713592112064,318.258860707283,0.657871425151825
24,19383,1788549224871744444,994.9979379212018,320.97780477814376,0.6589393019676208
24,19384,1788549224905088888,994.0374828614295,328.09699127078056,0.679224967956543
24,19385,1788549224938433333,993.0628380700946,343.92924846708775,0.6461767554283142
24,19386,1788549224971766666,993.1397242546082,373.69612005352974,0.6438390016555786
24,19387,1788549225005111111,993.833204627037,400.2936016023159,0.6869455575942993
24,19388,1788549225038455555,990.0,412.0,0.7032117801904678
24,19389,1788549225071800000,992.0,439.0,0.7245324128866195
24,19390,1788549225105144444,996.0,463.0,0.7575035852193832
24,19391,1788549225138488888,999.0,483.0,0.7842479932308197
24,19392,1788549225171822222,1003.0,504.0,0.7829352879524231
24,19393,1788549225205166666,1015.2686278223991,530.9380919262767,0.7917941212654114
24,19394,1788549225238511111,1019.1997868269682,546.0029849589337,0.787836492061615
24,19395,1788549225271855555,1023.0580053031445,563.5642948150635,0.7742204070091248
24,19396,1788549225305200000,1026.2510284483433,581.679624736309,0.7331444621086121
24,19397,1788549225338544444,1027.4344480335712,596.7649376541376,0.7280088663101196
24,19398,1788549225371888888,1021.0,599.0,0.654765543937683
24,19399,1788549225405222222,1023.7869635671377,616.2043263167143,0.6186033487319946
24,19400,1788549225438566666,1011.0,610.0,0.6578679800033569
24,19401,1788549225471911111,1011.5761661827564,621.422234505415,0.6119756698608398
24,19402,1788549225505255555,1004.0,617.3333333333334,1.0
24,19403,1788549225538600000,997.045326821506,616.3143901824951,0.9918909668922424
24,19404,1788549225571944444,990.6994632482529,613.3955386579037,0.9798457026481628
24,19405,1788549225605288888,985.230445086956,609.3480768799782,0.9818874001502991
24,19406,1788549225638622222,981.1663810908794,603.9198487326503,0.9782683849334717
24,19407,1788549225671966666,978.4908835589886,598.3934834599495,0.9649282097816467
24,19408,1788549225705311111,976.9135178253055,592.2265972793102,0.9696242213249207
24,19409,1788549225738655555,976.5676322579384,586.8111847490072,0.9625938534736633
24,19410,1788549225772000000,976.652196764946,582.6517707705498,0.96297687292099
24,19411,1788549225805344444,977.1178867891431,579.7467055022717,0.9609996676445007
24,19412,1788549225838688888,977.7917679995298,579.0130815273151,0.9568954110145569
24,19413,1788549225872022222,977.7665206044912,576.6104258000851,0.9516767859458923
24,19414,1788549225905366666,978.3990643918514,578.0319717153907,0.9516401290893555
24,19415,1788549225938711111,979.1155899912119,580.4001936018467,0.9437634348869324
24,19416,1788549225972055555,980.4587523639202,584.0444274246693,0.9507193565368652
24,19417,1788549226005400000,981.7948171198368,587.3465703129768,0.9496733546257019
24,19418,1788549226038744444,982.6566554307938,589.0743666440248,0.9538520574569702
24,19419,1788549226072088888,983.6199512779713,591.3089292347431,0.944735586643219
24,19420,1788549226105422222,983.6067450046539,589.080009624362,0.9486614465713501
24,19421,1788549226138766666,983.3211425244808,584.7185316681862,0.9421547055244446
24,19422,1788549226172111111,983.0856057628989,580.3578152656555,0.9502452611923218
24,19423,1788549226205455555,983.3199360370636,577.3088577091694,0.9513993263244629
24,19424,1788549226238800000,984.0692448914051,575.93507232517,0.9558526873588562
24,19425,1788549226272144444,984.3098478913307,571.7129747867584,0.9542128443717957
24,19426,1788549226305488888,984.9681981056929,567.6238180994987,0.9486076235771179
24,19427,1788549226338822222,985.5146230757236,561.4397513568401,0.9431485533714294
24,19428,1788549226372166666,986.3189905881882,555.4198013246059,0.9476023316383362
24,19429,1788549226405511111,987.5471925735474,550.9269926771522,0.9546624422073364
24,19430,1788549226438855555,988.6627789139748,550.1299169659615,0.9592863321304321
24,19431,1788549226472200000,990.749984562397,555.3164886236191,0.9536490440368652
24,19432,1788549226505544444,991.1972312182188,556.1602198928595,0.9613199234008789
24,19433,1788549226538888888,991.4465143978596,556.6006614267826,0.9564752578735352
24,19434,1788549226572222222,991.0791203901172,555.5248726010323,0.9592099189758301
24,19435,1788549226605566666,991.4840590655804,556.8680094629526,0.9559832215309143
24,19436,1788549226638911111,990.8638688623905,555.2631228864193,0.9606795907020569
24,19437,1788549226672255555,990.9398622959852,556.4501559436321,0.953342854976654
24,19438,1788549226705600000,990.9594246447086,555.9071477204561,0.9615647196769714
24,19439,1788549226738944444,992.3020286858082,557.9685143381357,0.9555695652961731
24,19440,1788549226772288888,993.0693227350712,556.8054266870022,0.9569584727287292
24,19441,1788549226805622222,993.6529937684536,555.1071479618549,0.9584495425224304
24,19442,1788549226838966666,993.826525747776,553.6512375175953,0.9566172957420349
24,19443,1788549226872311111,994.9337724298239,557.0584599003196,0.9539680480957031
24,19444,1788549226905655555,994.7379632890224,556.9678625613451,0.9580379128456116
24,19445,1788549226939000000,994.9489196911454,560.3468615710735,0.9040277004241943
24,19446,1788549226972344444,994.875178553164,564.1075695678592,0.9595972299575806
24,19447,1788549227005688888,993.9064640104771,565.2211229205132,0.9585476517677307
24,19448,1788549227039022222,992.5905745327473,564.2321348041296,0.9569082856178284
24,19449,1788549227072366666,991.9059890583158,566.2700642347336,0.9566644430160522
24,19450,1788549227105711111,990.2324556112289,565.879379928112,0.9600319266319275
24,19451,1788549227139055555,989.4447634518147,568.1850869059563,0.9527049660682678
24,19452,1788549227172400000,988.6163093149662,568.043434381485,0.9535545110702515
24,19453,1788549227205744444,989.4221806228161,569.8231277018785,0.9519080519676208
24,19454,1788549227239088888,990.7864553630352,569.7673792690039,0.9587507843971252
24,19455,1788549227272422222,992.4984475970268,568.1313205212355,0.9520646929740906
24,19456,1788549227305766666,994.0690239146352,566.5748199522495,0.9537183046340942
24,19457,1788549227339111111,994.8215321451426,565.3831205368042,0.9483429193496704
24,19458,1788549227372455555,994.8670890331268,565.2963552772999,0.9505411386489868
24,19459,1788549227405800000,994.2163579761982,565.5638877153397,0.9487031102180481
24,19460,1788549227439144444,993.2461204081774,565.9489748589694,0.956085205078125
24,19461,1788549227472488888,992.7829191237688,567.5463460087776,0.9446533918380737
24,19462,1788549227505822222,992.8636474758387,569.1540283709764,0.9574871063232422
24,19463,1788549227539166666,993.4078544974327,570.8660832643509,0.9507001638412476
24,19464,1788549227572511111,994.0196016691625,572.4006444513798,0.9544838070869446
24,19465,1788549227605855555,994.7597256749868,574.3181224167347,0.950347363948822
24,19466,1788549227639200000,994.893130980432,574.4516041576862,0.9494075775146484
24,19467,1788549227672544444,995.4492772519588,575.6275589168072,0.9302124381065369
24,19468,1788549227705888888,995.9003368094563,575.6583979129791,0.904217004776001
24,19469,1788549227739222222,996.058308724314,575.304392427206,0.8537955284118652
24,19470,1788549227772566666,996.1910521090031,575.0210714768618,0.8115156888961792
24,19471,1788549227805911111,995.9416672699153,575.3266415596008,0.7623273134231567
24,19472,1788549227839255555,995.8341532200575,575.209621578455,0.8253527283668518
24,19473,1788549227872600000,995.5681192874908,575.7385455965996,0.8319130539894104
24,19474,1788549227905944444,995.6730369627476,575.7550152689219,0.8674517869949341
24,19475,1788549227939288888,995.691166549921,575.7521355897188,0.8881896138191223
24,19476,1788549227972622222,996.3058479428291,573.803360119462,0.9349100589752197
24,19477,1788549228005966666,996.7684646695852,571.7849849313498,0.9472396969795227
24,19478,1788549228039311111,997.2147648781538,569.9374738186598,0.9592893719673157
24,19479,1788549228072655555,997.6213869154453,567.1041314229369,0.9581317901611328
24,19480,1788549228106000000,997.4544333517551,566.6936679184437,0.9534990191459656
24,19481,1788549228139344444,997.4381114542484,564.0358462072909,0.9525391459465027
24,19482,1788549228172688888,996.9733270984143,563.7015002369881,0.9534422755241394
24,19483,1788549228206022222,996.7857709079981,560.3139458596706,0.9527406096458435
24,19484,1788549228239366666,996.4817597270012,558.5461722314358,0.9488405585289001
24,19485,1788549228272711111,995.9497680142522,557.3272073864937,0.9582408666610718
24,19486,1788549228306055555,995.8556255102158,555.6744818091393,0.9552401304244995
24,19487,1788549228339400000,995.8376124501228,554.0928084999323,0.962105929851532
24,19488,1788549228372744444,996.1787482351065,551.7995275110006,0.9481501579284668
24,19489,1788549228406088888,996.6337606310844,549.4013378322124,0.9550495147705078
24,19490,1788549228439422222,996.8945423811674,548.276041418314,0.9590877890586853
24,19491,1788549228472766666,996.8752042204142,547.1585339605808,0.9593880772590637
24,19492,1788549228506111111,996.8871312439442,543.4961396753788,0.914787232875824
24,19493,1788549228539455555,996.5104465484619,540.2094788104296,0.9598231911659241
24,19494,1788549228572800000,995.8238776028156,536.9867197293788,0.9217399954795837
24,19495,1788549228606144444,995.420049726963,533.4486369490623,0.9560959935188293
24,19496,1788549228639488888,995.0115405907854,532.7314041554928,0.9592778086662292
24,19497,1788549228672822222,994.7500747740269,532.0443556345999,0.9631327390670776
24,19498,1788549228706166666,994.6340507566929,531.2689055800438,0.9586069583892822
24,19499,1788549228739511111,995.2587763667107,526.692940056324,0.954934298992157
24,19500,1788549228772855555,995.1218255758286,526.5079363882542,0.957939863204956
24,19501,1788549228806200000,995.4281392097473,524.0468243360519,0.9155466556549072
24,19502,1788549228839544444,995.338318914175,521.0585426650941,0.9572271108627319
24,19503,1788549228872888888,994.0738081261516,519.8364006131887,0.9607675671577454
24,19504,1788549228906222222,992.2612310051918,520.1502867639065,0.9604662656784058
24,19505,1788549228939566666,991.2315075397491,518.0152561319992,0.9597395062446594
24,19506,1788549228972911111,990.2829275131226,518.7859987616539,0.9595468640327454
24,19507,1788549229006255555,990.6427086591721,517.3139543235302,0.9534671306610107
24,19508,1788549229039600000,991.7150468528271,518.6406697630882,0.9570091962814331
24,19509,1788549229072944444,993.9412933252752,516.9332035034895,0.9428873062133789
24,19510,1788549229106288888,995.9436128623784,516.2179342359304,0.9234858751296997
24,19511,1788549229139622222,997.7772219926119,514.8488847464323,0.9148722887039185
24,19512,1788549229172966666,998.8019827455282,514.7013441026211,0.9078006744384766
24,19513,1788549229206311111,999.367851704359,514.328343719244,0.8983339071273804
24,19514,1788549229239655555,999.9032648801804,512.7732954323292,0.8502212762832642
24,19515,1788549229273000000,1000.0048246360384,512.1932473629713,0.7829381227493286
24,19516,1788549229306344444,1000.5019342303276,510.73241463303566,0.7322357296943665
24,19517,1788549229339688888,1001.2632070183754,509.4692638516426,0.7055720090866089
24,19518,1788549229373022222,1002.2673453688622,506.6484603881836,0.6848846673965454
24,19519,1788549229406366666,1002.7044722735882,504.86515404284,0.6807315349578857
24,19520,1788549229439711111,1002.589572250843,504.2063195705414,0.6763724684715271
24,19521,1788549229473055555,1002.3581618666649,500.21924164891243,0.6550098657608032
24,19522,1788549229506400000,1001.5092408061028,499.1941667795181,0.6523411870002747
24,19523,1788549229539744444,1000.7450235188007,498.7836328148842,0.6513850092887878
24,19524,1788549229573088888,1000.5,498.5,0.6290565007925033
24,19525,1788549229606422222,999.9061695337296,492.922180891037,0.643497884273529
24,19526,1788549229639766666,999.0595163553953,491.65555876493454,0.6428427696228027
24,19527,1788549229673111111,998.43493065238,489.44966208934784,0.6764026284217834
24,19528,1788549229706455555,997.3656135499477,489.9829688742757,0.6919728517532349
24,19529,1788549229739800000,996.1010126844049,489.6307878792286,0.7004626989364624
24,19530,1788549229773144444,994.9537666514516,489.1460663676262,0.7015299201011658
24,19531,1788549229806488888,993.8801363408566,488.57404324412346,0.6893506646156311
24,19532,1788549229839822222,993.5512580275536,486.0833745524287,0.6391522884368896
24,19533,1788549229873166666,993.681620657444,483.9965244738851,0.6323437690734863
24,19534,1788549229906511111,994.5521025955677,482.60015255212784,0.6291144490242004
24,19535,1788549229939855555,997.1297229677439,476.3646143078804,0.5993194580078125
24,19536,1788549229973200000,997.5608470141888,473.1223503947258,0.7667297720909119
24,19537,1788549230006544444,998.049076423049,473.5887701511383,0.779542863368988
24,19538,1788549230039888888,997.0155040333048,473.2124584168196,0.7886484861373901
24,19539,1788549230073222222,996.7762743532658,473.82839204370975,0.8095430731773376
24,19540,1788549230106566666,995.8844506219029,471.252737313509,0.8131273984909058
24,19541,1788549230139911111,996.0199142284691,467.1573746204376,0.8909628987312317
24,19542,1788549230173255555,996.5476757287979,466.4952321648598,0.8890501856803894
24,19543,1788549230206600000,997.1682133823633,465.3399784862995,0.8853732347488403
24,19544,1788549230239944444,998.0496792830527,464.47735941410065,0.8853727579116821
24,19545,1788549230273288888,998.8057935237885,463.76899744570255,0.8923903703689575
24,19546,1788549230306622222,999.315072208643,463.6379643380642,0.8912820219993591
24,19547,1788549230339966666,1000.303856909275,460.0115380641073,0.6437366604804993
24,19548,1788549230373311111,1001.3333333333334,466.6666666666667,1.0
25,19905,1788549242276711111,809.3333333333334,389.3333333333333,1.0
25,19906,1788549242310055555,809.6822474002838,390.5761565566063,0.9686194658279419
25,19907,1788549242343400000,810.2195759266615,392.0562912710011,0.9897381663322449
25,19908,1788549242376733333,810.9908400001004,393.5154130458832,0.966672956943512
25,19909,1788549242410077777,811.7142905592918,394.74223190546036,0.9819052219390869
25,19910,1788549242443422222,812.371465742588,396.22563160955906,0.9556025266647339
25,19911,1788549242476766666,813.0005249024252,395.158866494894,0.965874433517456
25,19912,1788549242510111111,813.7416858673096,395.66485741734505,0.8887836933135986
25,19913,1788549242543455555,815.2157463878393,400.014674202539,0.9084272980690002
25,19914,1788549242576800000,816.5064273774624,399.6922434568405,0.8892436623573303
25,19915,1788549242610133333,818.0605826973915,401.1942795962095,0.9360035061836243
25,19916,1788549242643477777,819.4258756637573,402.82475569844246,0.8517974019050598
25,19917,1788549242676822222,821.8919932246208,407.04688504710793,0.8511508703231812
25,19918,1788549242710166666,823.4016360938549,406.0762989670038,0.8454034924507141
25,19919,1788549242743511111,826.1469004452229,409.64513275027275,0.845048725605011
25,19920,1788549242776855555,828.0610085055232,407.55901181697845,0.8493307828903198
25,19921,1788549242810200000,830.8117518126965,408.9224907979369,0.8732410669326782
25,19922,1788549242843533333,833.3736879825592,409.29067239165306,0.9532578587532043
25,19923,1788549242876877777,836.3609430789948,407.8583823889494,0.9382795095443726
25,19924,1788549242910222222,839.7603136152029,405.4622564613819,0.8976407647132874
25,19925,1788549242943566666,842.7928626984358,402.0290384273976,0.9098994731903076
25,19926,1788549242976911111,846.5654397904873,403.2866457104683,0.8910215497016907
25,19927,1788549243010255555,849.4128814339638,403.38019236922264,0.9262219071388245
25,19928,1788549243043600000,851.5533866882324,402.38978934288025,0.8870983719825745
25,19929,1788549243076933333,852.7012905180454,399.7399178147316,0.8849055171012878
25,19930,1788549243110277777,853.6058118641376,400.6315557062626,0.91520756483078
25,19931,1788549243143622222,853.6715095937252,401.5132134258747,0.878682553768158
25,19932,1788549243176966666,853.4583147764206,400.8970295712352,0.8734356164932251
25,19933,1788549243210311111,853.7510910779238,403.9641132205725,0.9180972576141357
25,19934,1788549243243655555,853.8565026819706,405.8789300248027,0.7629004716873169
25,19935,1788549243277000000,853.4061003923416,405.2925257384777,0.7568555474281311
25,19936,1788549243310333333,853.4164727330208,404.82662230730057,0.7047699689865112
25,19937,1788549243343677777,852.5153353214264,403.2732757925987,0.7305945754051208
25,19938,1788549243377022222,852.472046226263,400.85964846611023,0.7900695204734802
25,19939,1788549243410366666,852.0572282150388,399.31422770023346,0.8228957653045654
25,19940,1788549243443711111,853.0036155250855,397.0482361242175,0.8534632921218872
25,19941,1788549243477055555,852.9531639590859,397.1373453885317,0.8548048138618469
25,19942,1788549243510400000,853.8447280824184,395.45230117440224,0.8582648038864136
25,19943,1788549243543733333,854.089481793344,396.5260861814022,0.8635627031326294
25,19944,1788549243577077777,854.7426707446575,393.5390297472477,0.8414486646652222
25,19945,1788549243610422222,855.0067460993305,392.15727184712887,0.8977222442626953
25,19946,1788549243643766666,855.7659911811352,391.9042762890458,0.852519154548645
25,19947,1788549243677111111,855.9055752009153,391.3529718220234,0.8998493552207947
25,19948,1788549243710455555,856.0314779765904,391.4384213387966,0.8641071915626526
25,19949,1788549243743800000,856.2085829675198,390.565246284008,0.9370989799499512
25,19950,1788549243777133333,856.1124517470598,391.4494944214821,0.9332790970802307
25,19951,1788549243810477777,856.0536431781948,391.4031246602535,0.9422065019607544
25,19952,1788549243843822222,856.0559824556112,391.9146808385849,0.9311118125915527
25,19953,1788549243877166666,857.0216520652175,389.6567581295967,0.9337338805198669
25,19954,1788549243910511111,857.4999619424343,391.79984302818775,0.9320142269134521
25,19955,1788549243943855555,858.8622017800808,390.7420451939106,0.9313270449638367
25,19956,1788549243977200000,859.4529856741428,390.63817912340164,0.9521132111549377
25,19957,1788549244010533333,860.1195528432727,390.66041907668114,0.9022243022918701
25,19958,1788549244043877777,859.8872605189681,393.3430281281471,0.9048507213592529
25,19959,1788549244077222222,859.4876863658428,395.9551429450512,0.9007533192634583
25,19960,1788549244110566666,859.2567009031773,394.70933425426483,0.9546555876731873
25,19961,1788549244143911111,859.1654377430677,393.54096668958664,0.9157517552375793
25,19962,1788549244177255555,858.4858592152596,396.04976120591164,0.9141889214515686
25,19963,1788549244210600000,858.6248837709427,393.76915124058723,0.8976823687553406
25,19964,1788549244243933333,859.317537933588,389.5962299108505,0.8452268838882446
25,19965,1788549244277277777,859.3878457546234,388.0372927300632,0.889823317527771
25,19966,1788549244310622222,859.5599121153355,385.90389297902584,0.8437302112579346
25,19967,1788549244343966666,859.8398387134075,385.4167824089527,0.863470196723938
25,19968,1788549244377311111,860.656357049942,383.6470756530762,0.8207941055297852
25,19969,1788549244410655555,861.1856204867363,380.5786199569702,0.8282313942909241
25,19970,1788549244444000000,860.8529501855373,381.47252228856087,0.8101350665092468
25,19971,1788549244477333333,861.4967150092125,377.54587695002556,0.8242461085319519
25,19972,1788549244510677777,861.3707010447979,377.4261591732502,0.8098694086074829
25,19973,1788549244544022222,861.3894680142403,377.8359810113907,0.8108921051025391
25,19974,1788549244577366666,861.5529432892799,378.3186687231064,0.8084588646888733
25,19975,1788549244610711111,861.8374002426863,378.77562472224236,0.8094285130500793
25,19976,1788549244644055555,862.841202288866,376.3049695789814,0.8248720765113831
25,19977,1788549244677400000,864.4278582930565,370.8591603785753,0.8036199808120728
25,19978,1788549244710733333,864.6580200195312,371.9356498196721,0.8032145500183105
25,19979,1788549244744077777,865.9799406938255,364.63012182712555,0.8199946880340576
25,19980,1788549244777422222,866.3555895388126,363.58373335003853,0.8132593035697937
25,19981,1788549244810766666,867.0801419913769,359.6077247262001,0.8364964723587036
25,19982,1788549244844111111,867.2608962953091,358.3013343811035,0.8460067510604858
25,19983,1788549244877455555,867.6780968308449,357.06559857726097,0.825967013835907
25,19984,1788549244910800000,867.9394822567701,355.31823921203613,0.872104823589325
25,19985,1788549244944133333,868.8288516998291,352.8147084861994,0.831510603427887
25,19986,1788549244977477777,869.0599588863552,353.2195068895817,0.8216475248336792
25,19987,1788549245010822222,869.6226571798325,351.56989547610283,0.8709255456924438
25,19988,1788549245044166666,870.0863204523921,349.8305477052927,0.8211398124694824
25,19989,1788549245077511111,869.8871497660875,351.3116693198681,0.8129892349243164
25,19990,1788549245110855555,870.378906160593,348.2342587560415,0.8470388054847717
25,19991,1788549245144200000,871.1504448354244,344.6431425511837,0.8995595574378967
25,19992,1788549245177533333,870.996417070739,344.02509816735983,0.9211470484733582
25,19993,1788549245210877777,871.2814330160618,341.25689324736595,0.8234500885009766
25,19994,1788549245244222222,871.1896764338017,339.2413955926895,0.8675702810287476
25,19995,1788549245277566666,871.687473744154,336.57760486006737,0.812006950378418
25,19996,1788549245310911111,872.1120395511389,333.57320871949196,0.8511176109313965
25,19997,1788549245344255555,871.8878123536706,334.36365404725075,0.8074449300765991
25,19998,1788549245377600000,871.9672667346895,334.4613465964794,0.8549666404724121
25,19999,1788549245410933333,872.4911712110043,333.0600270591676,0.8161028027534485
25,20000,1788549245444277777,872.2174181491137,334.9031548127532,0.8125923275947571
25,20001,1788549245477622222,871.7732031792402,336.63749104738235,0.806621789932251
25,20002,1788549245510966666,871.9475663118064,332.9339726641774,0.8722878098487854
25,20003,1788549245544311111,871.7549697607756,332.6645586490631,0.7956020832061768
25,20004,1788549245577655555,871.9998847974712,329.59806084632874,0.8466830849647522
25,20005,1788549245611000000,873.0870184525847,324.91927956044674,0.8121165037155151
25,20006,1788549245644333333,873.5843487083912,323.6342399418354,0.8478195071220398
25,20007,1788549245677677777,873.9580121748149,321.5176228284836,0.8069322109222412
25,20008,1788549245711022222,874.2590692043304,320.7086024880409,0.8035257458686829
25,20009,1788549245744366666,874.1876362711191,321.38462963700294,0.7906984090805054
25,20010,1788549245777711111,873.9511365965009,322.55647668242455,0.7961708307266235
25,20011,1788549245811055555,874.796714797616,318.49782383441925,0.9076351523399353
25,20012,1788549245844400000,875.005103290081,318.48679906129837,0.8964449167251587
25,20013,1788549245877733333,875.7286683320999,313.36250999569893,0.9008470773696899
25,20014,1788549245911077777,876.6553966104984,309.8246448934078,0.9241505265235901
25,20015,1788549245944422222,877.8116095364094,307.69122380018234,0.8668377995491028
25,20016,1788549245977766666,878.0527673326433,308.1859194934368,0.8711393475532532
25,20017,1788549246011111111,879.150204077363,305.96700678393245,0.937414824962616
25,20018,1788549246044455555,879.8341911137104,304.35250306129456,0.8943542838096619
25,20019,1788549246077800000,880.2258012592793,302.5682712197304,0.8886334896087646
25,20020,1788549246111133333,880.2120952159166,301.96711361408234,0.8849921226501465
25,20021,1788549246144477777,880.1845559924841,299.34633472561836,0.868731677532196
25,20022,1788549246177822222,880.1917247772217,300.75584353506565,0.9141874313354492
25,20023,1788549246211166666,880.5566002428532,304.89530708640814,0.8981051445007324
25,20024,1788549246244511111,880.3916401863098,307.3975999057293,0.9277791976928711
25,20025,1788549246277855555,880.479091823101,309.43733510375023,0.892630398273468
25,20026,1788549246311200000,880.650161087513,309.407504349947,0.9310791492462158
25,20027,1788549246344533333,881.4645667076111,312.035082526505,0.8712034821510315
25,20028,1788549246377877777,882.1608445197344,314.44236132502556,0.9316128492355347
25,20029,1788549246411222222,882.9570368304849,316.18445655703545,0.8707135915756226
25,20030,1788549246444566666,883.5656503736973,319.066377826035,0.9083936810493469
25,20031,1788549246477911111,883.7665978521109,319.9842270389199,0.8993554711341858
25,20032,1788549246511255555,883.8304970413446,320.7141765654087,0.8670517802238464
25,20033,1788549246544600000,884.029447607696,322.2547544836998,0.800441563129425
25,20034,1788549246577933333,884.3838382065296,324.18902921676636,0.8676853179931641
25,20035,1788549246611277777,884.509937942028,326.6987352669239,0.8850550651550293
25,20036,1788549246644622222,884.8574272543192,328.9303542301059,0.8113255500793457
25,20037,1788549246677966666,884.8779930248857,330.27305656671524,0.8863491415977478
25,20038,1788549246711311111,885.1842751353979,332.94883362203836,0.8299077153205872
25,20039,1788549246744655555,884.6077995300293,334.6648777127266,0.8363897800445557
25,20040,1788549246778000000,883.8747238218784,334.6338605284691,0.8129346370697021
25,20041,1788549246811333333,883.660697966814,337.8381655961275,0.880757749080658
25,20042,1788549246844677777,883.0246841497719,338.80288395285606,0.8191219568252563
25,20043,1788549246878022222,883.0885566622019,342.4533410668373,0.8726778030395508
25,20044,1788549246911366666,883.1536728739738,345.22247928380966,0.9027054309844971
25,20045,1788549246944711111,883.5214957594872,348.0031132651493,0.8204371929168701
25,20046,1788549246978055555,883.448482632637,348.91061817109585,0.9001578688621521
25,20047,1788549247011400000,883.9224035292864,351.77902522683144,0.8241211771965027
25,20048,1788549247044733333,884.2290513366461,352.55491828918457,0.8915201425552368
25,20049,1788549247078077777,885.0441356003284,355.7272453904152,0.8227692246437073
25,20050,1788549247111422222,885.2987645864487,356.6782782673836,0.8820965886116028
25,20051,1788549247144766666,885.3920232355595,359.9547087997198,0.8276567459106445
25,20052,1788549247178111111,885.1988617628813,360.55065816640854,0.8687781095504761
25,20053,1788549247211455555,885.3183545470238,363.37847197055817,0.8209868669509888
25,20054,1788549247244800000,885.5301369726658,363.7096132040024,0.8770852088928223
25,20055,1788549247278133333,886.1504129618406,366.10016933083534,0.8282774090766907
25,20056,1788549247311477777,886.7442417740822,367.1144109815359,0.830595076084137
25,20057,1788549247344822222,887.4023437201977,366.28686437010765,0.8133363723754883
25,20058,1788549247378166666,888.3882692456245,369.7469553053379,0.8492403030395508
25,20059,1788549247411511111,888.9129657149315,369.86922162771225,0.8228089213371277
25,20060,1788549247444855555,889.3052668273449,373.45284074544907,0.8465890884399414
25,20061,1788549247478200000,889.643670797348,373.55847227573395,0.8213207721710205
25,20062,1788549247511533333,889.909121491015,377.3551704585552,0.84299236536026
25,20063,1788549247544877777,890.0700837522745,379.3512242734432,0.9060986042022705
25,20064,1788549247578222222,890.5370216667652,381.915232360363,0.8358299732208252
25,20065,1788549247611566666,890.3823245465755,382.52798119187355,0.8634180426597595
25,20066,1788549247644911111,890.5321555435658,383.7859446108341,0.8317693471908569
25,20067,1788549247678255555,890.9817712958902,386.69214403629303,0.9030999541282654
25,20068,1788549247711600000,891.674290984869,389.5579342842102,0.8369989991188049
25,20069,1788549247744933333,892.5367700457573,393.80714140832424,0.8478696346282959
25,20070,1788549247778277777,892.8126456588507,393.4879649877548,0.8370437622070312
25,20071,1788549247811622222,893.3319741487503,395.52922707796097,0.8328882455825806
25,20072,1788549247844966666,893.1210874319077,395.724651992321,0.832293689250946
25,20073,1788549247878311111,893.5358713567257,401.154163852334,0.8513131141662598
25,20074,1788549247911655555,893.3429465591908,400.9925751835108,0.8363668918609619
25,20075,1788549247945000000,893.1835444867611,400.82352125644684,0.8352546691894531
25,20076,1788549247978333333,893.3058624565601,400.50043177604675,0.827213704586029
25,20077,1788549248011677777,893.7621955871582,403.2908483147621,0.930182158946991
25,20078,1788549248045022222,895.1469087898731,411.34635612368584,0.8726386427879333
25,20079,1788549248078366666,896.2466215342283,418.0426126681268,0.857823371887207
25,20080,1788549248111711111,896.8764840215445,419.383235424757,0.8553500771522522
25,20081,1788549248145055555,897.6278392076492,424.1929447054863,0.8404306769371033
25,20082,1788549248178400000,897.7595376968384,424.35224601626396,0.8408459424972534
25,20083,1788549248211733333,898.1251049935818,426.8863101750612,0.8317497968673706
25,20084,1788549248245077777,897.8891913816333,426.59960386157036,0.8290038704872131
25,20085,1788549248278422222,897.6055359244347,426.13387340307236,0.8270392417907715
25,20086,1788549248311766666,897.5869601070881,426.7630118727684,0.8552693724632263
25,20087,1788549248345111111,898.0622251853347,433.0369100533426,0.8452653884887695
25,20088,1788549248378455555,898.2246713191271,432.88938792049885,0.8348875641822815
25,20089,1788549248411800000,899.0317676439881,439.2364548891783,0.8912021517753601
25,20090,1788549248445133333,899.6738850474358,442.27440252900124,0.839085578918457
25,20091,1788549248478477777,900.4189592301846,445.79791636765003,0.9339917898178101
25,20092,1788549248511822222,900.7353722453117,448.3349831700325,0.8675087690353394
25,20093,1788549248545166666,900.9053741618991,450.69248166680336,0.8743663430213928
25,20094,1788549248578511111,900.8407161682844,451.2255140244961,0.9061567187309265
25,20095,1788549248611855555,901.2158734202385,455.60773062705994,0.8711401224136353
25,20096,1788549248645200000,901.014474676922,456.9528266303241,0.9190505743026733
25,20097,1788549248678533333,901.4652347266674,461.6806053221226,0.8652786016464233
25,20098,1788549248711877777,901.1222097799182,463.9543933980167,0.9280072450637817
25,20099,1788549248745222222,901.0328202135861,465.08875750005245,0.8730043768882751
25,20100,1788549248778566666,901.4056149423122,467.0144161209464,0.9098010659217834
25,20101,1788549248811911111,901.4925938546658,467.7635878175497,0.8751655220985413
25,20102,1788549248845255555,902.3423864841461,469.6650576889515,0.8446652889251709
25,20103,1788549248878600000,902.823036968708,470.5021536052227,0.7492892146110535
25,20104,1788549248911933333,902.5512584745884,470.61177065968513,0.7549113035202026
25,20105,1788549248945277777,902.5395893752575,470.6950661242008,0.7470535635948181
25,20106,1788549248978622222,903.1085190623999,470.7915524840355,0.7282101511955261
25,20107,1788549249011966666,902.8023919910192,470.9280347675085,0.7266954779624939
25,20108,1788549249045311111,902.3371131122112,470.8596767485142,0.7273067831993103
25,20109,1788549249078655555,903.1769256442785,466.5374834239483,0.9184718132019043
25,20110,1788549249112000000,903.3972815871239,464.34657058119774,0.910843014717102
25,20111,1788549249145333333,903.5201983749866,462.3492528498173,0.9325255155563354
25,20112,1788549249178677777,905.1966938525438,453.1468420624733,0.9141378402709961
25,20113,1788549249212022222,905.6179862618446,451.60837572813034,0.9319942593574524
25,20114,1788549249245366666,906.6814405322075,446.7394982278347,0.9145743250846863
25,20115,1788549249278711111,906.992486027535,445.54085275530815,0.9347134828567505
25,20116,1788549249312055555,907.9184882193804,441.26391941308975,0.9231724739074707
25,20117,1788549249345388888,908.1121643930674,441.1456795781851,0.9336463809013367
25,20118,1788549249378733333,908.2021087706089,440.3944453895092,0.924171507358551
25,20119,1788549249412077777,908.3268200457096,440.1081504151225,0.9259902238845825
25,20120,1788549249445422222,909.5086699128151,434.2759801745415,0.8909003138542175
25,20121,1788549249478766666,909.8866344541311,433.9616536386311,0.9102084636688232
25,20122,1788549249512111111,911.1059457734227,429.7585466951132,0.8463525772094727
25,20123,1788549249545455555,911.431300252676,427.597659945488,0.8582996129989624
25,20124,1788549249578788888,913.211642831564,421.25551065802574,0.891315221786499
25,20125,1788549249612133333,913.6521326005459,420.1625414788723,0.9436060786247253
25,20126,1788549249645477777,914.1318356096745,419.87858109921217,0.9349716305732727
25,20127,1788549249678822222,914.6996172964573,417.5133168101311,0.9580398201942444
25,20128,1788549249712166666,914.9795497916639,415.4154115319252,0.9364736676216125
25,20129,1788549249745511111,915.1646524071693,412.96757620945573,0.9719230532646179
25,20130,1788549249778855555,915.294208496809,410.65202686190605,0.9360491633415222
25,20131,1788549249812188888,915.7930169552565,406.3555469214916,0.933124303817749
25,20132,1788549249845533333,915.7573657929897,406.0824374780059,0.942119836807251
25,20133,1788549249878877777,916.5930836200714,401.013907559216,0.9330897927284241
25,20134,1788549249912222222,916.7984402179718,399.4281819164753,0.9460623264312744
25,20135,1788549249945566666,917.0980132892728,397.83959072828293,0.9435826539993286
25,20136,1788549249978911111,917.4276426434517,394.6077016592026,0.9708088636398315
25,20137,1788549250012255555,917.8887753933668,391.79344871640205,0.9331236481666565
25,20138,1788549250045588888,918.2403971403837,389.0187887493521,0.9307418465614319
25,20139,1788549250078933333,918.8292700499296,384.7244118154049,0.8786207437515259
25,20140,1788549250112277777,918.8854543566704,383.5073737502098,0.9311555027961731
25,20141,1788549250145622222,918.8298897445202,381.09091962873936,0.9129133224487305
25,20142,1788549250178966666,919.2312421649694,377.79501800239086,0.8340961933135986
25,20143,1788549250212311111,919.0416688919067,376.5215235352516,0.8314772844314575
25,20144,1788549250245655555,919.660319507122,372.4809129834175,0.8399309515953064
25,20145,1788549250278988888,920.1609256565571,371.50706404447556,0.8260714411735535
25,20146,1788549250312333333,920.7492733597755,371.4350126385689,0.8258397579193115
25,20147,1788549250345677777,921.5420295000076,368.94841868430376,0.919806718826294
25,20148,1788549250379022222,922.631045281887,366.1245756968856,0.8342734575271606
25,20149,1788549250412366666,922.7133058309555,366.28030982613564,0.8270671963691711
25,20150,1788549250445711111,924.321043998003,358.24435901641846,0.8440449833869934
25,20151,1788549250479055555,924.4479073882103,357.08038801699877,0.8220319151878357
25,20152,1788549250512388888,925.0542262978852,352.45325767993927,0.8420937061309814
25,20153,1788549250545733333,925.0609914883971,350.79822830855846,0.868982195854187
25,20154,1788549250579077777,925.1521486639977,349.1276391148567,0.83235102891922
25,20155,1788549250612422222,925.2672424912453,346.8561701923609,0.9144348502159119
25,20156,1788549250645766666,925.8823118954897,344.08091582357883,0.834996223449707
25,20157,1788549250679111111,926.8307580500841,339.7195287644863,0.8503081798553467
25,20158,1788549250712455555,926.9602595232427,339.15843491256237,0.8304516077041626
25,20159,1788549250745788888,927.9575345255435,334.52441880106926,0.8528231978416443
25,20160,1788549250779133333,928.3969179093838,334.1697309166193,0.8301799893379211
25,20161,1788549250812477777,929.1290057748556,331.7840025871992,0.8349258303642273
25,20162,1788549250845822222,929.3541904091835,329.33962228894234,0.902684211730957
25,20163,1788549250879166666,930.2977041304111,326.7719298899174,0.8255442976951599
25,20164,1788549250912511111,930.4021464884281,327.21290987730026,0.8188050985336304
25,20165,1788549250945855555,930.5593321919441,325.35070168972015,0.8859230875968933
25,20166,1788549250979188888,930.9597054421902,323.0213195886463,0.8255341649055481
25,20167,1788549251012533333,931.3174582123756,318.29181334376335,0.8560968041419983
25,20168,1788549251045877777,932.0673728212714,311.1538519859314,0.8690013885498047
25,20169,1788549251079222222,932.1206646040082,311.01140642911196,0.8736814856529236
25,20170,1788549251112566666,932.9583238884807,309.7329943180084,0.9650994539260864
25,20171,1788549251145911111,934.3138655722141,306.50066661834717,0.8425192832946777
25,20172,1788549251179255555,934.58103916049,302.9318305179477,0.9150422811508179
25,20173,1788549251212588888,935.0268560554832,298.4371352493763,0.853074312210083
25,20174,1788549251245933333,935.0738368704915,298.7042416334152,0.855034589767456
25,20175,1788549251279277777,935.3744010925293,297.5957112312317,0.9200921058654785
25,20176,1788549251312622222,936.3035145103931,294.0663112178445,0.9107096195220947
25,20177,1788549251345966666,936.3394905626774,293.99138902220875,0.9206477403640747
25,20178,1788549251379311111,937.1547307670116,287.15908236801624,0.9471332430839539
25,20179,1788549251412655555,937.6808224618435,284.5047069787979,0.921766459941864
25,20180,1788549251445988888,937.8443777561188,284.2591937482357,0.9252626299858093
25,20181,1788549251479333333,938.5367203056812,282.787095233798,0.9484467506408691
25,20182,1788549251512677777,939.4358231127262,278.96637796610594,0.915712296962738
25,20183,1788549251546022222,939.9803461339325,278.41789346933365,0.9239060878753662
25,20184,1788549251579366666,941.3324331045151,271.6955472230911,0.9504931569099426
25,20185,1788549251612711111,942.5335029065609,266.7673043310642,0.9358149170875549
25,20186,1788549251646055555,943.1930822730064,263.0093762157485,0.9107520580291748
25,20187,1788549251679388888,943.4218836128712,262.5189637839794,0.9101426005363464
25,20188,1788549251712733333,943.6661042869091,260.3904107809067,0.890019416809082
25,20189,1788549251746077777,943.8858187571168,261.75114634633064,0.9184502363204956
25,20190,1788549251779422222,944.6111207604408,265.97548247128725,0.8990176916122437
25,20191,1788549251812766666,944.6906922161579,266.13053800165653,0.8990813493728638
25,20192,1788549251846111111,944.8224763721228,267.89803893119097,0.9181383848190308
25,20193,1788549251879455555,944.675250172615,271.4523576796055,0.7888597249984741
25,20194,1788549251912788888,944.6809994578362,276.11425979435444,0.926636815071106
25,20195,1788549251946133333,943.4894854426384,278.87049129605293,0.793277382850647
25,20196,1788549251979477777,941.7542889863253,280.0395164042711,0.799636960029602
25,20197,1788549252012822222,940.0253491587937,281.34685629606247,0.7985255122184753
25,20198,1788549252046166666,938.5142630338669,287.89018765091896,0.8410489559173584
25,20199,1788549252079511111,937.8765744194388,295.3202114403248,0.8754542469978333
25,20200,1788549252112855555,936.1014572679996,296.3967026770115,0.8778161406517029
25,20201,1788549252146188888,935.3484919965267,303.7433759868145,0.9066924452781677
25,20202,1788549252179533333,934.7429179251194,307.8057975769043,0.9087591767311096
25,20203,1788549252212877777,933.9031261876225,309.27774155139923,0.9137842655181885
25,20204,1788549252246222222,933.2497482150793,309.7346031665802,0.8950815200805664
25,20205,1788549252279566666,933.1191988512874,311.1246038377285,0.9520244598388672
25,20206,1788549252312911111,933.1881363391876,313.48699700832367,0.8218147158622742
25,20207,1788549252346255555,933.5654721856117,316.95012744143605,0.9132804870605469
25,20208,1788549252379588888,933.9688137862831,320.52908086776733,0.8235769867897034
25,20209,1788549252412933333,934.0014788778499,322.435354501009,0.9115302562713623
25,20210,1788549252446277777,934.200061917305,325.67097187042236,0.8272059559822083
25,20211,1788549252479622222,933.8647780120373,327.49991831183434,0.9099148511886597
25,20212,1788549252512966666,933.5187820196152,330.42902210354805,0.8195990920066833
25,20213,1788549252546311111,933.3506930172443,331.968386888504,0.9142212271690369
25,20214,1788549252579655555,933.2243528962135,334.1754820942879,0.8123464584350586
25,20215,1788549252612988888,933.8835028111935,338.262530118227,0.820816159248352
25,20216,1788549252646333333,934.2144035845995,338.31046310067177,0.7732740640640259
25,20217,1788549252679677777,935.0913187265396,340.4468657672405,0.7579640746116638
25,20218,1788549252713022222,935.6318908631802,342.62502071261406,0.8516619205474854
25,20219,1788549252746366666,935.7300807237625,344.89921797066927,0.8230375051498413
25,20220,1788549252779711111,935.8140382170677,344.6574817895889,0.8234485387802124
25,20221,1788549252813055555,935.9843680001795,344.545174241066,0.8176695704460144
25,20222,1788549252846388888,936.8854447156191,350.38512352108955,0.7592252492904663
25,20223,1788549252879733333,937.0335774198174,350.83747063577175,0.73816978931427
25,20224,1788549252913077777,937.6183674037457,356.95472510159016,0.7544485926628113
25,20225,1788549252946422222,939.0943158641458,363.43590101599693,0.7399551868438721
25,20226,1788549252979766666,939.0224643368274,364.35293474793434,0.7557203769683838
25,20227,1788549253013111111,940.3108883500099,368.273724257946,0.679419994354248
25,20228,1788549253046455555,940.4011310338974,368.7910946011543,0.6959123611450195
25,20229,1788549253079788888,940.3695766627789,368.1563659310341,0.6911085247993469
25,20230,1788549253113133333,940.2526296079159,369.37020924687386,0.7016280293464661
25,20231,1788549253146477777,942.7851980179548,372.59189093112946,0.6730725765228271
25,20232,1788549253179822222,940.7507085055113,376.8091002255678,0.6395654678344727
25,20233,1788549253213166666,943.0332118272781,380.6118543744087,0.661178708076477
25,20234,1788549253246511111,943.3377186357975,384.3343793451786,0.6602989435195923
25,20235,1788549253279855555,943.3364641666412,384.4364977180958,0.6706174612045288
25,20236,1788549253313188888,944.9647941440344,387.9632754959166,0.695505678653717
25,20237,1788549253346533333,943.1437859684229,391.8502270579338,0.7915031909942627
25,20238,1788549253379877777,943.8510785102844,392.5609075129032,0.7529648542404175
25,20239,1788549253413222222,943.5223748087883,396.6291778385639,0.8166075944900513
25,20240,1788549253446566666,944.3115807175636,398.08270390331745,0.7520725131034851
25,20241,1788549253479911111,944.033887848258,401.8264125585556,0.8117983937263489
25,20242,1788549253513255555,943.8510063886642,404.6538160443306,0.752404510974884
25,20243,1788549253546588888,943.3503018021584,408.598422318697,0.7595748901367188
25,20244,1788549253579933333,943.4040451049805,411.17445580661297,0.8462849855422974
25,20245,1788549253613277777,943.3970939815044,413.52756267786026,0.8593149781227112
25,20246,1788549253646622222,943.4061908423901,414.9287798628211,0.8784337639808655
25,20247,1788549253679966666,943.6611042320728,417.50651317834854,0.7771264314651489
25,20248,1788549253713311111,943.7320331931114,419.7121583223343,0.870018482208252
25,20249,1788549253746655555,943.9945234968327,422.167115136981,0.8451331853866577
25,20250,1788549253779988888,944.1735601425171,424.96922771818936,0.8390547633171082
25,20251,1788549253813333333,944.1937206238508,424.51902201771736,0.8256464600563049
25,20252,1788549253846677777,944.0566340126097,424.1217632293701,0.828380823135376
25,20253,1788549253880022222,943.8282564133406,424.1890082061291,0.8266443610191345
25,20254,1788549253913366666,943.9175469502807,428.78853991627693,0.9019140005111694
25,20255,1788549253946711111,944.3684360980988,432.98335288465023,0.8359345197677612
25,20256,1788549253980055555,944.5948344767094,439.51591470837593,0.8782347440719604
25,20257,1788549254013388888,944.8961503729224,443.4192972481251,0.8273933529853821
25,20258,1788549254046733333,945.0844325721264,446.5389933884144,0.9129222631454468
25,20259,1788549254080077777,945.1869837343693,449.36013919115067,0.88547283411026
25,20260,1788549254113422222,945.5104307830334,452.7202915251255,0.8467047810554504
25,20261,1788549254146766666,945.2601178586483,452.60156059265137,0.8392159938812256
25,20262,1788549254180111111,945.0138203371316,455.32990634441376,0.9398812055587769
25,20263,1788549254213455555,944.9090033620596,457.04559725895524,0.9233870506286621
25,20264,1788549254246788888,945.2598347067833,459.90527230501175,0.9461207985877991
25,20265,1788549254280133333,945.3990204334259,464.0977938249707,0.9461519718170166
25,20266,1788549254313477777,945.6416837871075,468.23382256925106,0.8960707783699036
25,20267,1788549254346822222,946.1471232622862,470.83397783339024,0.9521517157554626
25,20268,1788549254380166666,946.2395023852587,472.15220634639263,0.8853225708007812
25,20269,1788549254413511111,946.5549080967903,475.40032640099525,0.8602168560028076
25,20270,1788549254446855555,946.9170251563191,477.0461089424789,0.8199629783630371
25,20271,1788549254480188888,947.5347991287708,479.68163698911667,0.749178409576416
25,20272,1788549254513533333,948.0070367413573,480.4438192844391,0.7331685423851013
25,20273,1788549254546877777,948.3447886109352,478.07146218419075,0.769288957118988
25,20274,1788549254580222222,948.6143175065517,475.7116729915142,0.8240708112716675
25,20275,1788549254613566666,949.0173757486045,472.32785403728485,0.8801855444908142
25,20276,1788549254646911111,949.0019391452661,470.9582885950804,0.9364613890647888
25,20277,1788549254680255555,949.1405417174101,467.9348975419998,0.9347537159919739
25,20278,1788549254713588888,948.9541409350932,467.88290866464376,0.9411664605140686
25,20279,1788549254746933333,949.4046560525894,464.0459280721843,0.9546977877616882
25,20280,1788549254780277777,949.7030812799931,462.12064607441425,0.9295042157173157
25,20281,1788549254813622222,950.2542972266674,459.3652977347374,0.9285273551940918
25,20282,1788549254846966666,951.6971359550953,450.7078278362751,0.8142412900924683
25,20283,1788549254880311111,952.1985277086496,449.8976166397333,0.8577272295951843
25,20284,1788549254913655555,952.7729421257973,448.41975823044777,0.8362892866134644
25,20285,1788549254946988888,952.9448826350272,448.54720348119736,0.8385599851608276
25,20286,1788549254980333333,953.724508523941,445.63657677173615,0.8621464967727661
25,20287,1788549255013677777,954.571323633194,441.05097775161266,0.8341362476348877
25,20288,1788549255047022222,955.3881647288799,435.3645281493664,0.7749060988426208
25,20289,1788549255080366666,955.6014410853386,434.4286312162876,0.7978798151016235
25,20290,1788549255113711111,956.3644162416458,431.67746138572693,0.8210518956184387
25,20291,1788549255147055555,957.2708398401737,428.8311406522989,0.9086223244667053
25,20292,1788549255180388888,957.8354075849056,425.3663327693939,0.8274080753326416
25,20293,1788549255213733333,958.8016646653414,422.21725648641586,0.9037249088287354
25,20294,1788549255247077777,960.16167961061,418.03479417786,0.8378072381019592
25,20295,1788549255280422222,960.7475031614304,415.1880578249693,0.8986504077911377
25,20296,1788549255313766666,961.4018473029137,412.3739780783653,0.8553885221481323
25,20297,1788549255347111111,961.8410301357508,410.60332921147346,0.8260206580162048
25,20298,1788549255380444444,961.7101940214634,410.9079228416085,0.8141414523124695
25,20299,1788549255413788888,962.1238915547729,405.5902320444584,0.7685741782188416
25,20300,1788549255447133333,962.158406123519,405.24198043346405,0.7517462968826294
25,20301,1788549255480477777,962.959555350244,399.1628338545561,0.7435892820358276
25,20302,1788549255513822222,963.5619361102581,397.7933823466301,0.7180464863777161
25,20303,1788549255547166666,964.7430922687054,394.82186272740364,0.7184026837348938
25,20304,1788549255580511111,965.3380536735058,393.5439842939377,0.7155341506004333
25,20305,1788549255613844444,966.0206406395882,391.22609063982964,0.7068948745727539
25,20306,1788549255647188888,966.2961511015892,389.70331659913063,0.7192836999893188
25,20307,1788549255680533333,966.5227025747299,387.47984778881073,0.7090873122215271
25,20308,1788549255713877777,967.3672217726707,385.28546288609505,0.6870565414428711
25,20309,1788549255747222222,966.8062152564526,384.88379264622927,0.682424008846283
25,20310,1788549255780566666,966.6011473536491,384.772600710392,0.6578158140182495
25,20311,1788549255813911111,967.3519258499146,377.8764529377222,0.8434802889823914
25,20312,1788549255847244444,966.9052291810513,375.461927741766,0.8878947496414185
25,20313,1788549255880588888,966.5332533121109,373.8730960339308,0.8913537263870239
25,20314,1788549255913933333,966.8174577355385,372.1394350975752,0.8611826300621033
25,20315,1788549255947277777,967.0429154857993,371.77814327180386,0.8691744804382324
25,20316,1788549255980622222,967.0388011038303,371.30791968107224,0.8681383728981018
25,20317,1788549256013966666,967.1959095597267,371.1282998621464,0.8755883574485779
25,20318,1788549256047311111,966.7819879204035,371.13641403615475,0.8726339936256409
25,20319,1788549256080644444,966.2321873903275,371.4952749013901,0.8716261982917786
25,20320,1788549256113988888,963.6478994786739,372.2744037806988,0.7101155519485474
25,20321,1788549256147333333,958.419105052948,369.10780050605536,0.6068874001502991
25,20322,1788549256180677777,967.8863810226321,371.43714103102684,0.6833037734031677
25,20323,1788549256214022222,965.4277387261391,371.3593373298645,0.7600061893463135
26,20716,1788549269317766666,885.3333333333334,716.0,1.0
26,20717,1788549269351100000,886.5773647129536,714.360699057579,0.9686403274536133
26,20718,1788549269384444444,886.6670671999454,716.6179251372814,0.9825530052185059
26,20719,1788549269417788888,884.5785988867283,724.0205045938492,0.9803140759468079
26,20720,1788549269451133333,881.3429613113403,739.6606931090355,0.9227860569953918
26,20721,1788549269484477777,878.1122414469719,749.2380107045174,0.9707053899765015
26,20722,1788549269517822222,873.5080446898937,754.9263939037919,0.9652005434036255
26,20723,1788549269551166666,870.4360075592995,769.3685838878155,0.9528030157089233
26,20724,1788549269584500000,866.0369992516935,766.1587038487196,0.9716096520423889
26,20725,1788549269617844444,862.4287534952164,762.256442129612,0.9717893004417419
26,20726,1788549269651188888,859.0184078942984,754.1075709536672,0.9855684041976929
26,20727,1788549269684533333,857.4341184198856,752.0921931564808,0.9818840622901917
26,20728,1788549269717877777,855.6175123751163,743.156752884388,0.9885070323944092
26,20729,1788549269751222222,855.5674730241299,740.4254278242588,0.9835807085037231
26,20730,1788549269784566666,855.4321097135544,734.4070007503033,0.9610742926597595
26,20731,1788549269817900000,855.9768859930336,727.1097212955356,0.9363046884536743
26,20732,1788549269851244444,857.0389373116195,719.1547075808048,0.7269116640090942
26,20733,1788549269884588888,860.0,718.0,0.5951878076791763
26,20734,1788549269917933333,860.6501730084419,704.7392228245735,0.6372017860412598
26,20735,1788549269951277777,861.3812919557095,695.5390892922878,0.6963871121406555
26,20736,1788549269984622222,861.0958936586976,686.7666241675615,0.8520575165748596
26,20737,1788549270017966666,859.7485493123531,677.7624833583832,0.941579282283783
26,20738,1788549270051300000,857.6264747977257,669.3221823275089,0.9452697038650513
26,20739,1788549270084644444,854.9910425199196,665.6277073323727,0.9720863699913025
26,20740,1788549270117988888,852.1402289420366,660.9989987203153,0.9568493366241455
26,20741,1788549270151333333,849.767470985651,656.998711289023,0.9541669487953186
26,20742,1788549270184677777,848.1427984088659,654.9009400308132,0.9455956816673279
26,20743,1788549270218022222,847.017012892291,639.5235141217709,0.9394873380661011
26,20744,1788549270251366666,846.6009018421173,637.8743656128645,0.9448210000991821
26,20745,1788549270284700000,846.1590242087841,633.9428923279047,0.9365971088409424
26,20746,1788549270318044444,844.8714275956154,621.5103544294834,0.9418580532073975
26,20747,1788549270351388888,843.513175457716,618.4211778640747,0.9820749163627625
26,20748,1788549270384733333,841.9756970573217,614.27932959795,0.9444326758384705
26,20749,1788549270418077777,840.7072858512402,612.205640360713,0.9828819632530212
26,20750,1788549270451422222,840.0222577862442,609.4439572691917,0.9454469084739685
26,20751,1788549270484766666,839.7679579555988,603.310917943716,0.944166898727417
26,20752,1788549270518100000,839.8325152099133,602.6583834588528,0.9474036693572998
26,20753,1788549270551444444,839.8197664022446,596.7307848930359,0.9547367095947266
26,20754,1788549270584788888,839.9206136390567,595.7473467588425,0.9514119029045105
26,20755,1788549270618133333,839.9931506435387,588.8605680465698,0.953942596912384
26,20756,1788549270651477777,840.4193103611469,585.8545294851065,0.9745692610740662
26,20757,1788549270684822222,841.0036491691135,582.8327488899231,0.9496497511863708
26,20758,1788549270718166666,841.7969054579735,582.4940536916256,0.9489798545837402
26,20759,1788549270751500000,842.2160810083151,582.416728913784,0.9525460600852966
26,20760,1788549270784844444,842.4043115675449,579.8300769776106,0.9597601890563965
26,20761,1788549270818188888,842.4907134771347,567.8694453388453,0.9499354958534241
26,20762,1788549270851533333,842.2245085388422,568.5964302420616,0.9601674675941467
26,20763,1788549270884877777,841.4023626744747,557.8368291854858,0.9525967836380005
26,20764,1788549270918222222,840.5722091197968,555.4439601898193,0.9472984075546265
26,20765,1788549270951566666,840.0585251227021,552.0148599287495,0.9684063196182251
26,20766,1788549270984900000,839.7839856594801,548.9225186109543,0.9875068068504333
26,20767,1788549271018244444,839.8396224677563,543.8799991905689,0.9465507864952087
26,20768,1788549271051588888,840.1616405695677,541.1963218003511,0.9832371473312378
26,20769,1788549271084933333,840.7706060558558,535.5662533640862,0.9366680979728699
26,20770,1788549271118277777,841.4945615231991,529.6785014867783,0.9826264381408691
26,20771,1788549271151622222,841.8282339423895,526.409235984087,0.9414162635803223
26,20772,1788549271184966666,842.0423145778477,521.1738691031933,0.9902966618537903
26,20773,1788549271218300000,842.2909898161888,518.3542720675468,0.9388284683227539
26,20774,1788549271251644444,842.4833152890205,515.1170658096671,0.96652752161026
26,20775,1788549271284988888,842.3628765046597,512.381131708622,0.9503389000892639
26,20776,1788549271318333333,842.164217710495,506.9747135024518,0.9262911677360535
26,20777,1788549271351677777,841.9075418412685,502.44097048044205,0.9820132255554199
26,20778,1788549271385022222,841.8975480347872,499.2303451150656,0.9317395091056824
26,20779,1788549271418366666,841.8129953145981,494.4768157303333,0.9811371564865112
26,20780,1788549271451700000,841.7410205602646,491.18610113859177,0.9299551844596863
26,20781,1788549271485044444,841.0976348891854,489.5921415090561,0.9410852193832397
26,20782,1788549271518388888,839.7347476482391,488.5487442910671,0.929612934589386
26,20783,1788549271551733333,837.9733616933227,482.5293042063713,0.9099375009536743
26,20784,1788549271585077777,836.341482758522,482.1577853113413,0.9259746074676514
26,20785,1788549271618422222,835.1144125089049,475.41376692056656,0.9161064028739929
26,20786,1788549271651766666,834.2682453393936,471.48846822977066,0.9765365719795227
26,20787,1788549271685100000,834.0059066731483,468.3251040279865,0.9178152680397034
26,20788,1788549271718444444,833.7754693478346,465.35967057943344,0.9129926562309265
26,20789,1788549271751788888,833.6226885914803,465.085888966918,0.9192654490470886
26,20790,1788549271785133333,833.620129942894,457.4447700381279,0.9068825840950012
26,20791,1788549271818477777,833.9075240045786,456.53369277715683,0.9159231781959534
26,20792,1788549271851822222,834.3192270994186,449.7065625488758,0.9053335189819336
26,20793,1788549271885166666,834.6726585030556,448.4968948960304,0.9150153398513794
26,20794,1788549271918500000,835.0419026315212,447.72649016976357,0.9185418486595154
26,20795,1788549271951844444,835.3347482383251,447.29052770137787,0.9135809540748596
26,20796,1788549271985188888,836.2184061259031,444.87788170576096,0.9048614501953125
26,20797,1788549272018533333,836.1690741926432,444.7967230081558,0.9096109867095947
26,20798,1788549272051877777,837.1540045142174,450.0966458171606,0.9522113800048828
26,20799,1788549272085222222,838.1035768911242,455.3546084165573,0.9172238111495972
26,20800,1788549272118566666,838.1351734697819,455.7618295252323,0.9299649000167847
26,20801,1788549272151900000,841.267605483532,468.57532358169556,0.9079208374023438
26,20802,1788549272185244444,841.8036565482616,468.23892691731453,0.9196982979774475
26,20803,1788549272218588888,843.0218241624534,471.41769629716873,0.9741004109382629
26,20804,1788549272251933333,844.3983203172684,475.7873300462961,0.9455785751342773
26,20805,1788549272285277777,845.9405054971576,482.5662806034088,0.9187842607498169
26,20806,1788549272318622222,845.95677594468,483.53488925099373,0.944002091884613
26,20807,1788549272351966666,846.7017728984356,487.6593961417675,0.9200037121772766
26,20808,1788549272385300000,847.0053105712868,489.0136635173112,0.9612265229225159
26,20809,1788549272418644444,848.2470263540745,494.74839425086975,0.9221451878547668
26,20810,1788549272451988888,849.2871571779251,498.68051049113274,0.9770993590354919
26,20811,1788549272485333333,850.2886862754822,501.9058812186122,0.9522523283958435
26,20812,1788549272518677777,851.157349511981,504.8721241503954,0.9321853518486023
26,20813,1788549272552022222,851.7425538897514,506.6497658789158,0.9764810800552368
26,20814,1788549272585366666,852.8744093924761,512.7025523483753,0.9368921518325806
26,20815,1788549272618700000,853.7830896526575,517.1226740479469,0.9827165603637695
26,20816,1788549272652044444,854.3003443181515,519.5009539425373,0.9342987537384033
26,20817,1788549272685388888,855.2406097948551,523.8491403907537,0.9802440404891968
26,20818,1788549272718733333,856.1781180351973,528.2394580543041,0.9823223352432251
26,20819,1788549272752077777,857.2530907988548,533.2519155144691,0.9380548000335693
26,20820,1788549272785422222,857.9374204948545,536.5130780935287,0.9686585068702698
26,20821,1788549272818766666,858.3393959999084,537.5527351796627,0.9397580027580261
26,20822,1788549272852100000,859.7454743087292,542.0074927699752,0.976272702217102
26,20823,1788549272885444444,860.8220532089472,543.3199117481709,0.9421160221099854
26,20824,1788549272918788888,862.5639456510544,547.741097599268,0.972604513168335
26,20825,1788549272952133333,864.2056180387735,551.7594921737909,0.9798972606658936
26,20826,1788549272985477777,865.7177213430405,556.4720602035522,0.9365818500518799
26,20827,1788549273018822222,866.6383479237556,559.2194427847862,0.9811720848083496
26,20828,1788549273052155555,867.8799265176058,563.4409782290459,0.9374666213989258
26,20829,1788549273085500000,868.8669300079346,566.8375674933195,0.9556344151496887
26,20830,1788549273118844444,869.0312004107982,567.4741794168949,0.9447463154792786
26,20831,1788549273152188888,870.3256733715534,572.9662789590657,0.9611743688583374
26,20832,1788549273185533333,871.3786101341248,577.3493312299252,0.9766212701797485
26,20833,1788549273218877777,872.7191543281078,582.0759594589472,0.9399997591972351
26,20834,1788549273252222222,873.5678693652153,585.1801893264055,0.9797037839889526
26,20835,1788549273285566666,874.5945304632187,589.5148929655552,0.9351989030838013
26,20836,1788549273318900000,874.7509148865938,591.217865139246,0.975447416305542
26,20837,1788549273352244444,875.0571388490498,594.1086745262146,0.9344593286514282
26,20838,1788549273385588888,875.8960371166468,600.0689252093434,0.9382529258728027
26,20839,1788549273418933333,876.2603895068169,604.4143040776253,0.9774578809738159
26,20840,1788549273452277777,876.7681422382593,609.223842933774,0.9270191192626953
26,20841,1788549273485622222,876.9857082059607,612.6205083727837,0.9832882285118103
26,20842,1788549273518955555,877.6487790346146,616.8181064128876,0.9246093034744263
26,20843,1788549273552300000,878.261159569025,617.9688093140721,0.9555357694625854
26,20844,1788549273585644444,879.2606467008591,619.2004394233227,0.933109700679779
26,20845,1788549273618988888,881.3725717365742,624.9724350590259,0.9215956926345825
26,20846,1788549273652333333,882.0729420483112,624.961243595928,0.9355790615081787
26,20847,1788549273685677777,883.9549476988614,632.3668601810932,0.9217697381973267
26,20848,1788549273719022222,884.2060152292252,632.7972961068153,0.9359266757965088
26,20849,1788549273752355555,885.4279862642288,638.752594307065,0.9154411554336548
26,20850,1788549273785700000,886.156727090478,642.9666688963771,0.9745172262191772
26,20851,1788549273819044444,886.9641449674964,646.8102583736181,0.8821972012519836
26,20852,1788549273852388888,887.6175788938999,649.6910510361195,0.6086205840110779
26,20853,1788549273885733333,887.3276808261871,649.4789908230305,0.5969393253326416
26,20854,1788549273919077777,887.3598580360413,649.0635046213865,0.5990229249000549
26,20855,1788549273952422222,887.9459944330156,648.5782815217972,0.6790928244590759
26,20856,1788549273985755555,888.7699429988861,647.4320421814919,0.7408501505851746
26,20857,1788549274019100000,889.2170970141888,646.5176809728146,0.7761771082878113
26,20858,1788549274052444444,889.7540664672852,635.6914385557175,0.9131709933280945
26,20859,1788549274085788888,890.2051170021296,632.599706619978,0.9477471113204956
26,20860,1788549274119133333,890.5680298805237,630.2073503136635,0.9148039817810059
26,20861,1788549274152477777,890.7906543463469,625.8823193088174,0.9828357100486755
26,20862,1788549274185822222,891.0609107613564,621.2578437924385,0.9224855303764343
26,20863,1788549274219155555,891.1605724692345,614.3787856400013,0.9181592464447021
26,20864,1788549274252500000,890.9243452996016,616.2052155137062,0.9464207887649536
26,20865,1788549274285844444,890.2365590184927,615.8235580027103,0.9581203460693359
26,20866,1788549274319188888,890.0150256911293,623.6383729577065,0.9732545614242554
26,20867,1788549274352533333,890.5673343241215,626.9690650720149,0.9656201601028442
26,20868,1788549274385877777,891.4177170097828,634.8617667257786,0.9781266450881958
26,20869,1788549274419222222,893.0405377931893,633.4246633350849,0.9632501602172852
26,20870,1788549274452555555,894.8376634567976,638.0993692278862,0.9510226845741272
26,20871,1788549274485900000,896.841082111001,641.452999651432,0.9656779170036316
26,20872,1788549274519244444,898.8284353613853,644.2973532378674,0.9724221229553223
26,20873,1788549274552588888,900.3568422496319,645.8941019326448,0.964134931564331
26,20874,1788549274585933333,901.1964464336634,643.0513688586652,0.9588959217071533
26,20875,1788549274619277777,901.185735270381,648.3501468300819,0.9766136407852173
26,20876,1788549274652622222,900.6063215434551,648.5442453622818,0.957048237323761
26,20877,1788549274685955555,899.4553001821041,651.6243205964565,0.9477819800376892
26,20878,1788549274719300000,898.5773886442184,653.539059728384,0.9552698135375977
26,20879,1788549274752644444,897.5799103677273,654.6667931377888,0.9797353148460388
26,20880,1788549274785988888,896.9293443933129,653.585740506649,0.9513657093048096
26,20881,1788549274819333333,896.1948281675577,648.666444092989,0.953152596950531
26,20882,1788549274852677777,895.4058662652969,647.0378027558327,0.9717851877212524
26,20883,1788549274886022222,894.8793769329786,644.7871228903532,0.9446347951889038
26,20884,1788549274919355555,894.7786279767752,642.2493349760771,0.989501416683197
26,20885,1788549274952700000,894.9334758371115,638.5853885710239,0.9413696527481079
26,20886,1788549274986044444,895.1342812478542,638.7449781596661,0.9468284249305725
26,20887,1788549275019388888,895.1767883896828,638.8057680428028,0.9470983147621155
26,20888,1788549275052733333,895.0398396849632,638.6788917481899,0.9474244713783264
26,20889,1788549275086077777,894.7408630549908,625.3660262227058,0.943780779838562
26,20890,1788549275119422222,894.1784566640854,623.5325627326965,0.9375067949295044
26,20891,1788549275152755555,893.2188869267702,624.4671267271042,0.941734790802002
26,20892,1788549275186100000,892.2437250465155,622.138234063983,0.965890645980835
26,20893,1788549275219444444,891.3396884202957,612.633640140295,0.9314389824867249
26,20894,1788549275252788888,890.9359986633062,609.8366351872683,0.9697099924087524
26,20895,1788549275286133333,890.713495194912,599.6540180444717,0.9259040951728821
26,20896,1788549275319477777,890.4418469667435,597.9418448321521,0.9723909497261047
26,20897,1788549275352822222,890.4782832562923,594.0468250848353,0.9223613739013672
26,20898,1788549275386155555,890.8983759060502,595.1986832916737,0.9332042336463928
26,20899,1788549275419500000,891.3014921844006,595.5310106277466,0.9299725294113159
26,20900,1788549275452844444,891.8150451332331,590.2406301647425,0.9759553074836731
26,20901,1788549275486188888,892.9842285048217,585.8314621001482,0.9303183555603027
26,20902,1788549275519533333,895.1455456018448,576.6331603229046,0.8780881762504578
26,20903,1788549275552877777,898.7937240153551,566.4998799860477,0.9176415205001831
26,20904,1788549275586222222,902.2925071418285,566.3539168834686,0.9197071194648743
26,20905,1788549275619555555,904.9247234389186,566.9046936929226,0.9182806015014648
26,20906,1788549275652900000,905.9518223553896,562.4349439144135,0.9686587452888489
26,20907,1788549275686244444,905.5310232937336,559.5810042917728,0.903344988822937
26,20908,1788549275719588888,904.6509990990162,557.3903183937073,0.9339683651924133
26,20909,1788549275752933333,904.322778403759,543.3266311585903,0.8968909978866577
26,20910,1788549275786277777,904.6684682071209,540.663272112608,0.9284722208976746
26,20911,1788549275819622222,905.4997402131557,533.2825396060944,0.8926208019256592
26,20912,1788549275852955555,906.2574109733105,529.6562415957451,0.9287654161453247
26,20913,1788549275886300000,906.3062802255154,526.6526709496975,0.9024198651313782
26,20914,1788549275919644444,906.189745053649,524.2918509840965,0.9138957858085632
26,20915,1788549275952988888,906.1471249163151,524.6631459891796,0.937818169593811
26,20916,1788549275986333333,907.354908913374,533.4079104661942,0.8939247131347656
26,20917,1788549276019677777,908.148960262537,536.3578077554703,0.9401330947875977
26,20918,1788549276053022222,909.9659645929933,542.8923979178071,0.9000904560089111
26,20919,1788549276086355555,911.1753328442574,545.3782601952553,0.9354950189590454
26,20920,1788549276119700000,913.0325167365372,550.5156973302364,0.9007980823516846
26,20921,1788549276153044444,914.9932448351756,555.9216788485646,0.9661760926246643
26,20922,1788549276186388888,916.6673266589642,560.9401769824326,0.9562166929244995
26,20923,1788549276219733333,917.6819644272327,565.4174664318562,0.9078149199485779
26,20924,1788549276253077777,917.5206252038479,564.8846085295081,0.9539024233818054
26,20925,1788549276286422222,918.0284567307681,567.5795855224133,0.9169995188713074
26,20926,1788549276319755555,917.7923648357391,567.468834489584,0.9310781955718994
26,20927,1788549276353100000,916.9457466863096,565.8966375663877,0.9240047335624695
26,20928,1788549276386444444,917.0482628196478,567.3721000850201,0.9614542126655579
26,20929,1788549276419788888,917.706587344408,567.1922893375158,0.9284314513206482
26,20930,1788549276453133333,919.5409114658833,569.8691956400871,0.968792200088501
26,20931,1788549276486477777,920.8845542445779,571.2925166785717,0.9281706809997559
26,20932,1788549276519822222,922.4676534831524,575.5496011972427,0.9649012088775635
26,20933,1788549276553155555,924.4012494385242,580.0698824971914,0.973530650138855
26,20934,1788549276586500000,926.8793954625726,584.999693613674,0.9270619750022888
26,20935,1788549276619844444,929.0176551435143,587.1008827835321,0.976373553276062
26,20936,1788549276653188888,931.0432697236538,591.4813693165779,0.9283604025840759
26,20937,1788549276686533333,932.084430269897,590.9502458646894,0.9353541731834412
26,20938,1788549276719877777,933.619423687458,593.5686084032059,0.9483857154846191
26,20939,1788549276753222222,934.5339897572994,595.1909809857607,0.9305604696273804
26,20940,1788549276786555555,935.021534724161,595.9709573481232,0.9370993375778198
26,20941,1788549276819900000,936.1771617084742,602.0057500698604,0.9164648652076721
26,20942,1788549276853244444,937.3805353045464,608.7632334083319,0.9306898713111877
26,20943,1788549276886588888,937.1638156920671,607.8112928569317,0.9404363036155701
26,20944,1788549276919933333,939.33852237463,618.9140008091927,0.9535831809043884
26,20945,1788549276953277777,939.8552445620298,619.375515550375,0.9417701363563538
26,20946,1788549276986622222,941.2868204116821,624.2732146978378,0.9595834612846375
26,20947,1788549277019955555,942.0435727238655,626.1877156198025,0.9657461047172546
26,20948,1788549277053300000,942.9677084311843,630.9705345369875,0.985578715801239
26,20949,1788549277086644444,943.348482966423,634.5123069882393,0.9356938004493713
26,20950,1788549277119988888,942.3288726806641,633.4109623730183,0.9448631405830383
26,20951,1788549277153333333,942.1827752441168,639.084533110261,0.955758810043335
26,20952,1788549277186677777,941.209102883935,639.326036721468,0.9486580491065979
26,20953,1788549277220022222,940.9952505975962,638.8457691818476,0.945734441280365
26,20954,1788549277253355555,941.6508704423904,639.9312043115497,0.9842326641082764
26,20955,1788549277286700000,943.5384673476219,645.7800750136375,0.9771822690963745
26,20956,1788549277320044444,945.4742058217525,648.1992796212435,0.9378908276557922
26,20957,1788549277353388888,947.6850687861443,649.834775313735,0.9757275581359863
26,20958,1788549277386733333,950.7251038849354,652.9662312269211,0.9370193481445312
26,20959,1788549277420077777,953.5792047977448,656.4622166156769,0.9698812961578369
26,20960,1788549277453422222,956.3738928437233,661.1790702044964,0.9340775012969971
26,20961,1788549277486755555,958.2392699718475,664.1245948821306,0.9741680026054382
26,20962,1788549277520100000,959.3627500534058,667.4997866153717,0.9419428706169128
26,20963,1788549277553444444,960.2470668554306,674.5541559755802,0.9296802878379822
26,20964,1788549277586788888,960.1957473754883,676.1603395491838,0.9433735013008118
26,20965,1788549277620133333,960.9229267314076,683.251138150692,0.9241650700569153
26,20966,1788549277653477777,959.9435116276145,684.8743121623993,0.9518197178840637
26,20967,1788549277686822222,959.6277572512627,692.1226968839765,0.9223586916923523
26,20968,1788549277720155555,958.1785375922918,692.9280613511801,0.9286545515060425
26,20969,1788549277753500000,957.7540222108364,697.369358420372,0.9817441701889038
26,20970,1788549277786844444,957.939559970051,702.9226319417357,0.9569916725158691
26,20971,1788549277820188888,958.2906101047993,709.8371950536966,0.8884347677230835
26,20972,1788549277853533333,958.0960906222463,713.6984941959381,0.8812494277954102
26,20973,1788549277886877777,958.3324865996838,716.125325024128,0.6566615104675293
26,20974,1788549277920222222,959.3728438913822,717.133273229003,0.6877503991127014
26,20975,1788549277953555555,959.9874846469611,717.8803608119488,0.7147829532623291
26,20976,1788549277986900000,960.8456237316132,717.3211487233639,0.8287916779518127
26,20977,1788549278020244444,961.3555658757687,716.8138234913349,0.8784787654876709
26,20978,1788549278053588888,962.0721875429153,708.5323555767536,0.9199346899986267
26,20979,1788549278086933333,962.5558607578278,706.3246002197266,0.9481297135353088
26,20980,1788549278120277777,962.9103891775012,704.811207011342,0.9244233965873718
26,20981,1788549278153622222,963.0217950604856,700.6137717962265,0.9796102643013
26,20982,1788549278186955555,963.0939267799258,696.6773442924023,0.9297059178352356
26,20983,1788549278220300000,963.3712965250015,690.9267341867089,0.921229362487793
26,20984,1788549278253644444,963.5097235441208,690.8565226197243,0.9284870624542236
26,20985,1788549278286988888,963.8078607171774,684.2315453886986,0.9258092045783997
26,20986,1788549278320333333,964.1330971121788,683.4204679727554,0.9369047284126282
26,20987,1788549278353677777,964.421190559864,676.7186263799667,0.927082896232605
26,20988,1788549278387022222,964.5515860319138,675.8171576112509,0.933539628982544
26,20989,1788549278420355555,964.6237128376961,675.2258813530207,0.935504674911499
26,20990,1788549278453700000,964.6437952816486,671.5944689512253,0.981069028377533
26,20991,1788549278487044444,964.6136460602283,668.2043470442295,0.9316392540931702
26,20992,1788549278520388888,964.8043364137411,664.2361342459917,0.9272961616516113
26,20993,1788549278553733333,965.1953575909138,652.9329081177711,0.9383493661880493
26,20994,1788549278587077777,965.4396497309208,649.5684422254562,0.9799427390098572
26,20995,1788549278620422222,965.7672310620546,645.3535634577274,0.9337674379348755
26,20996,1788549278653755555,965.8332984894514,643.4217726886272,0.9623256325721741
26,20997,1788549278687100000,965.6550895869732,640.861511528492,0.9333674907684326
26,20998,1788549278720444444,965.4887529015541,632.9275875464082,0.921714186668396
26,20999,1788549278753788888,964.9878142252564,631.5019453465939,0.9164643883705139
26,21000,1788549278787133333,964.7133201658726,625.0280876420438,0.9006320834159851
26,21001,1788549278820477777,964.6697181463242,623.5985128283501,0.8903756737709045
26,21002,1788549278853822222,964.8269209861755,616.8200707435608,0.8721520900726318
26,21003,1788549278887155555,964.7925229519606,615.2235147804022,0.857657790184021
26,21004,1788549278920500000,964.7513886392117,615.0870784446597,0.8628661632537842
26,21005,1788549278953844444,964.5421916544437,615.1950710862875,0.8583940267562866
26,21006,1788549278987188888,964.4471818208694,612.252332419157,0.8881480097770691
26,21007,1788549279020533333,964.1416998356581,605.0380582585931,0.8315994143486023
26,21008,1788549279053877777,963.4530262351036,606.6107173860073,0.8323371410369873
26,21009,1788549279087222222,962.5850986242294,595.8149833232164,0.8395029902458191
26,21010,1788549279120555555,961.4907658994198,592.0181509274989,0.8991663455963135
26,21011,1788549279153900000,960.4443224966526,588.5345645546913,0.8723862767219543
26,21012,1788549279187244444,959.9592652209103,587.695115596056,0.9088242053985596
26,21013,1788549279220588888,960.0112103102729,585.4124249815941,0.8928154110908508
26,21014,1788549279253933333,960.1411820203066,582.2004546523094,0.9529117941856384
26,21015,1788549279287277777,959.6942421495914,576.287296384573,0.9064344167709351
26,21016,1788549279320622222,958.3145850002766,569.4646950960159,0.9626283049583435
26,21017,1788549279353955555,956.6877077519894,565.8381549566984,0.927753210067749
26,21018,1788549279387300000,955.2451720535755,564.9723551850766,0.9265581369400024
26,21019,1788549279420644444,954.4089152812958,564.7592132389545,0.9241405725479126
26,21020,1788549279453988888,954.1145678088069,556.618738591671,0.9438291192054749
26,21021,1788549279487333333,954.152575686574,552.6635563969612,0.9212605357170105
26,21022,1788549279520677777,954.2519147992134,552.8807007744908,0.9249897599220276
26,21023,1788549279554022222,954.0386629924178,545.035769931972,0.9085237979888916
26,21024,1788549279587355555,953.8761971443892,536.0998392850161,0.9577659964561462
26,21025,1788549279620700000,953.8668336570263,529.2389348894358,0.9071590900421143
26,21026,1788549279654044444,954.0403876975179,527.8914850056171,0.9179026484489441
26,21027,1788549279687388888,954.329983830452,522.7037459611893,0.967880368232727
26,21028,1788549279720733333,954.4918718338013,519.1744891703129,0.9068944454193115
26,21029,1788549279754077777,954.4970078766346,518.6796450614929,0.9074783325195312
26,21030,1788549279787422222,954.2849753499031,518.4787631630898,0.9123929738998413
26,21031,1788549279820755555,953.9349022656679,516.744101703167,0.9406687617301941
26,21032,1788549279854100000,953.5088863670826,505.93055978417397,0.8886244297027588
26,21033,1788549279887444444,953.1590630114079,505.6711885035038,0.8995671272277832
26,21034,1788549279920788888,953.505660712719,500.7680524736643,0.9593349099159241
26,21035,1788549279954133333,954.1500892937183,497.93913447484374,0.9351242780685425
26,21036,1788549279987477777,955.6156669855118,503.2878448367119,0.8928351998329163
26,21037,1788549280020822222,955.9203409105539,503.0547619983554,0.9013231992721558
26,21038,1788549280054155555,956.7785289287567,505.0518672801554,0.9372950792312622
26,21039,1788549280087500000,957.3835191130638,506.632987588644,0.9014651775360107
26,21040,1788549280120844444,957.8621322065592,510.29558873176575,0.9607059955596924
26,21041,1788549280154188888,957.6732485890388,513.0048009390011,0.905509889125824
26,21042,1788549280187533333,957.6657314300537,516.6335441768169,0.9602805376052856
26,21043,1788549280220877777,957.7851171940565,520.7004241347313,0.9626583456993103
26,21044,1788549280254222222,958.4495455622673,525.9748506732285,0.90756756067276
26,21045,1788549280287555555,958.5811712741852,527.5418745577335,0.9608473777770996
26,21046,1788549280320900000,959.6247408092022,533.0896018147469,0.9087172150611877
26,21047,1788549280354244444,959.7227934002876,534.8838997110724,0.9491268992424011
26,21048,1788549280387588888,960.7225573658943,540.6619490385056,0.9676195383071899
26,21049,1788549280420933333,961.8798892870545,545.8937411606312,0.9152187705039978
26,21050,1788549280454277777,962.230938449502,547.1855747848749,0.9710119962692261
26,21051,1788549280487622222,962.9220096170902,550.9916252680123,0.9030756950378418
26,21052,1788549280520955555,963.7245558202267,555.901996769011,0.9243763089179993
26,21053,1788549280554300000,964.0421187989414,558.2779892385006,0.849273681640625
26,21054,1788549280587644444,963.9814845249057,558.2658987045288,0.852800190448761
26,21055,1788549280620988888,963.879001647234,558.1514227837324,0.8491929769515991
26,21056,1788549280654333333,963.8964477777481,557.7400356531143,0.8532432913780212
26,21057,1788549280687677777,966.6864383220673,570.2536655962467,0.707699179649353
26,21058,1788549280721022222,967.5529207587242,573.1635044664145,0.7032976150512695
26,21059,1788549280754355555,967.6902366876602,572.5733310580254,0.705438494682312
26,21060,1788549280787700000,972.2055044323206,584.8464724570513,0.709230363368988
26,21061,1788549280821044444,972.0921939909458,587.4734426140785,0.7260521054267883
26,21062,1788549280854388888,973.2646431028843,590.9566853456199,0.7316571474075317
26,21063,1788549280887733333,973.3935875892639,591.2424385398626,0.7262200713157654
26,21064,1788549280921077777,973.8065226823092,592.6721439063549,0.7241859436035156
26,21065,1788549280954422222,973.7942717820406,593.9599793218076,0.7281723618507385
26,21066,1788549280987755555,974.2132123559713,597.048108857125,0.7314822673797607
26,21067,1788549281021100000,974.6022164225578,600.5646613538265,0.7513148188591003
26,21068,1788549281054444444,975.237413957715,602.2720258235931,0.7968830466270447
26,21069,1788549281087788888,975.8994538038969,605.0165394507349,0.8040451407432556
26,21070,1788549281121133333,976.8548343926668,606.6963468194008,0.8297944068908691
26,21071,1788549281154477777,977.1366713494062,605.5099988281727,0.8280467391014099
26,21072,1788549281187822222,977.7339381277561,604.0728547871113,0.8310563564300537
26,21073,1788549281221155555,979.6039333045483,612.1489555835724,0.8181855082511902
26,21074,1788549281254500000,980.9667300209403,614.6314365565777,0.8909589052200317
26,21075,1788549281287844444,981.5362634062767,614.0070441029966,0.89163738489151
26,21076,1788549281321188888,982.8271769732237,624.8866201266646,0.8835250735282898
26,21077,1788549281354533333,984.1450605988503,627.350647687912,0.9464095830917358
26,21078,1788549281387877777,984.5336565673351,628.9061907082796,0.977493941783905
26,21079,1788549281421222222,984.7152395248413,630.1300903707743,0.9433033466339111
26,21080,1788549281454555555,984.3503534197807,630.9912238512188,0.9847798943519592
26,21081,1788549281487900000,984.2067797333002,632.7320590019226,0.9443569779396057
26,21082,1788549281521244444,984.4503466784954,634.0281404927373,0.9392905831336975
26,21083,1788549281554588888,985.2289397567511,636.3437359631062,0.9818017482757568
26,21084,1788549281587933333,986.3302555978298,638.6099781394005,0.9413564205169678
26,21085,1788549281621277777,986.529844224453,637.0673083215952,0.9451578259468079
26,21086,1788549281654622222,986.2986131310463,635.4130767583847,0.9468464851379395
26,21087,1788549281687955555,986.4243132472038,641.66496565938,0.9345798492431641
26,21088,1788549281721300000,985.9592847898602,644.2779959738255,0.9348016977310181
26,21089,1788549281754644444,984.7908001542091,642.8518012911081,0.9554569721221924
26,21090,1788549281787988888,985.0035460924264,653.3621509969234,0.8677461743354797
26,21091,1788549281821333333,984.8381072729826,651.6152334213257,0.8679244518280029
26,21092,1788549281854677777,985.2600837349892,653.0105566997081,0.821241557598114
26,21093,1788549281888022222,985.5888095796108,651.3772196769714,0.8098764419555664
26,21094,1788549281921355555,987.0,655.0,0.6824100691080094
26,21095,1788549281954700000,987.0,650.0,0.6866235190629959
26,21096,1788549281988044444,986.9940099641681,642.462050974369,0.7342081069946289
26,21097,1788549282021388888,987.6680771708488,640.0181607287377,0.7624269127845764
26,21098,1788549282054733333,987.7889422923326,635.5102365612984,0.7545378804206848
26,21099,1788549282088077777,988.1212683543563,634.1705107241869,0.7739531993865967
26,21100,1788549282121422222,988.1223453730345,627.2612968087196,0.7185168266296387
26,21101,1788549282154755555,989.5323050022125,622.5370027720928,0.7906890511512756
26,21102,1788549282188100000,988.9821982588619,619.1548914909363,0.7428450584411621
26,21103,1788549282221444444,989.4593565762043,616.094946116209,0.8188910484313965
26,21104,1788549282254788888,989.1127791255713,613.2827640175819,0.7807033658027649
26,21105,1788549282288133333,989.156229481101,610.2890444397926,0.8446915745735168
26,21106,1788549282321477777,989.1212704479694,605.1413797438145,0.8620149493217468
26,21107,1788549282354822222,988.8865270614624,603.4931293427944,0.8710308074951172
26,21108,1788549282388155555,988.1994849294424,603.9006126224995,0.8806667923927307
26,21109,1788549282421500000,988.3475798368454,598.1471275240183,0.9328322410583496
26,21110,1788549282454844444,988.1265733540058,591.4899535179138,0.9491397738456726
26,21111,1788549282488188888,987.6808044612408,592.2703412473202,0.9553647041320801
26,21112,1788549282521533333,987.3527971804142,585.5766750574112,0.9378191828727722
26,21113,1788549282554877777,986.7714546322823,585.620723426342,0.9394188523292542
26,21114,1788549282588222222,985.9974358240142,586.0933815911412,0.9440702199935913
26,21115,1788549282621555555,984.7558445930481,586.7759772539139,0.9388192892074585
26,21116,1788549282654900000,983.6565800309181,585.5315662324429,0.8846439123153687
26,21117,1788549282688244444,982.4399615228176,574.9240456074476,0.7993019223213196
26,21118,1788549282721588888,980.9973820259329,575.7905891239643,0.7997019290924072
26,21119,1788549282754933333,980.1185606271029,564.8488848209381,0.7705286741256714
26,21120,1788549282788277777,978.9590273536742,563.9902875889093,0.75363689661026
26,21121,1788549282821622222,979.0457904972136,553.5051107108593,0.8404447436332703
26,21122,1788549282854955555,978.4766626060009,551.9974709704984,0.8839504718780518
26,21123,1788549282888300000,977.7402972579002,547.4929284453392,0.8836635947227478
26,21124,1788549282921644444,977.362164080143,546.6638724803925,0.8869883418083191
26,21125,1788549282954988888,977.2277777791023,546.4458151757717,0.883742094039917
26,21126,1788549282988333333,976.9988174411701,546.1941262036562,0.8784118890762329
26,21127,1788549283021677777,977.0370604246855,545.7488499879837,0.8778746724128723
26,21128,1788549283055022222,977.1013084724545,545.2188098430634,0.8837863802909851
26,21129,1788549283088355555,977.2178616374731,544.346687734127,0.8779943585395813
26,21130,1788549283121700000,977.1877609938383,543.2352798432112,0.8775897026062012
26,21131,1788549283155044444,980.02193820104,558.4182156920433,0.5945665836334229
26,21132,1788549283188388888,982.3999466300011,557.3300122916698,0.6007981896400452
26,21133,1788549283221733333,983.2097865492105,556.1256643384695,0.5980156660079956
26,21134,1788549283255077777,976.0,541.3333333333334,1.0
