section id,recording id,fixation id,start timestamp [ns],end timestamp [ns],duration [ms],fixation x [px],fixation y [px],azimuth [deg],elevation [deg]
5b4bffcb-62c3-4bc0-9be5-205b0c6d3b57,a2c3d3dd-30f7-4511-8288-d5c7edc7422d,1,1788548578495981846,1788548578816231846,320,895.994,551.722,5.403490718352603,2.227128038204664
5b4bffcb-62c3-4bc0-9be5-205b0c6d3b57,a2c3d3dd-30f7-4511-8288-d5c7edc7422d,2,1788548578851231846,1788548579621981846,771,918.79,533.09,6.85591658615375,3.4062180273653895
5b4bffcb-62c3-4bc0-9be5-205b0c6d3b57,a2c3d3dd-30f7-4511-8288-d5c7edc7422d,3,1788548579817231846,1788548580122481846,305,253.387,699.354,-35.38259719330236,-6.641246664241935
5b4bffcb-62c3-4bc0-9be5-205b0c6d3b57,a2c3d3dd-30f7-4511-8288-d5c7edc7422d,4,1788548580342731846,1788548580993236846,651,897.062,537.453,5.474093824647835,3.132403229590573
5b4bffcb-62c3-4bc0-9be5-205b0c6d3b57,a2c3d3dd-30f7-4511-8288-d5c7edc7422d,5,1788548581043356846,1788548581398734846,355,931.075,501.529,7.649777490073405,5.403122238479834
5b4bffcb-62c3-4bc0-9be5-205b0c6d3b57,a2c3d3dd-30f7-4511-8288-d5c7edc7422d,6,1788548581428730846,1788548581899105846,470,881.606,592.054,4.486869253538679,-0.3323426554846143
5b4bffcb-62c3-4bc0-9be5-205b0c6d3b57,a2c3d3dd-30f7-4511-8288-d5c7edc7422d,7,1788548581954230846,1788548582164355846,210,917.792,522.137,6.7960889025133815,4.1006086496109395
5b4bffcb-62c3-4bc0-9be5-205b0c6d3b57,a2c3d3dd-30f7-4511-8288-d5c7edc7422d,8,1788548582189481846,1788548582379612846,190,894.513,561.234,5.308104528908747,1.6236391008271847
5b4bffcb-62c3-4bc0-9be5-205b0c6d3b57,a2c3d3dd-30f7-4511-8288-d5c7edc7422d,9,1788548582419605846,1788548582684854846,265,866.797,603.556,3.546709640796756,-1.0629977000650752
5b4bffcb-62c3-4bc0-9be5-205b0c6d3b57,a2c3d3dd-30f7-4511-8288-d5c7edc7422d,10,1788548582734991846,1788548582915104846,180,783.381,522.66,-1.7542738446599637,4.0762186282706985
5b4bffcb-62c3-4bc0-9be5-205b0c6d3b57,a2c3d3dd-30f7-4511-8288-d5c7edc7422d,11,1788548582950104846,1788548583515729846,566,869.529,564.075,3.720949250537429,1.4442076384667284
5b4bffcb-62c3-4bc0-9be5-205b0c6d3b57,a2c3d3dd-30f7-4511-8288-d5c7edc7422d,12,1788548583540729846,1788548585687733846,2147,858.18,550.863,3.0009899776570235,2.283844895406414
5b4bffcb-62c3-4bc0-9be5-205b0c6d3b57,a2c3d3dd-30f7-4511-8288-d5c7edc7422d,13,1788548585727728846,1788548586143102846,415,940.05,497.749,8.223044948654616,5.639716695666303
5b4bffcb-62c3-4bc0-9be5-205b0c6d3b57,a2c3d3dd-30f7-4511-8288-d5c7edc7422d,14,1788548586193227846,1788548586593602846,400,1008.552,507.544,12.570606021395298,4.995409210167894
5b4bffcb-62c3-4bc0-9be5-205b0c6d3b57,a2c3d3dd-30f7-4511-8288-d5c7edc7422d,15,1788548586618605846,1788548586823735846,205,962.899,534.901,9.656594552303043,3.2835149628264073
5b4bffcb-62c3-4bc0-9be5-205b0c6d3b57,a2c3d3dd-30f7-4511-8288-d5c7edc7422d,16,1788548586863852846,1788548587589477846,726,1070.136,523.171,16.462569197756494,3.987919529445701
5b4bffcb-62c3-4bc0-9be5-205b0c6d3b57,a2c3d3dd-30f7-4511-8288-d5c7edc7422d,17,1788548587609477846,1788548588445351846,836,1044.903,485.462,14.900819599326164,6.36405072270671
5b4bffcb-62c3-4bc0-9be5-205b0c6d3b57,a2c3d3dd-30f7-4511-8288-d5c7edc7422d,18,1788548588490351846,1788548588760601846,270,918.244,467.309,6.852176453292473,7.574579143621675
5b4bffcb-62c3-4bc0-9be5-205b0c6d3b57,a2c3d3dd-30f7-4511-8288-d5c7edc7422d,19,1788548588795601846,1788548588950726846,155,927.49,532.502,7.408888233269528,3.4420626272507384
5b4bffcb-62c3-4bc0-9be5-205b0c6d3b57,a2c3d3dd-30f7-4511-8288-d5c7edc7422d,20,1788548589000854846,1788548589326101846,325,798.079,498.813,-0.8202485577876789,5.592033903692153
5b4bffcb-62c3-4bc0-9be5-205b0c6d3b57,a2c3d3dd-30f7-4511-8288-d5c7edc7422d,21,1788548589376237846,1788548589546351846,170,927.805,505.013,7.4399948856033244,5.18342095233099
5b4bffcb-62c3-4bc0-9be5-205b0c6d3b57,a2c3d3dd-30f7-4511-8288-d5c7edc7422d,22,1788548589716476846,1788548589851600846,135,804.84,507.243,-0.3894017652450304,5.056671064886669
5b4bffcb-62c3-4bc0-9be5-205b0c6d3b57,a2c3d3dd-30f7-4511-8288-d5c7edc7422d,23,1788548589876600846,1788548590061850846,185,786.443,542.587,-1.5583303336062986,2.810185161770387
5b4bffcb-62c3-4bc0-9be5-205b0c6d3b57,a2c3d3dd-30f7-4511-8288-d5c7edc7422d,24,1788548590116850846,1788548590757475846,641,903.818,585.196,5.897204298908531,0.10320698286995526
5b4bffcb-62c3-4bc0-9be5-205b0c6d3b57,a2c3d3dd-30f7-4511-8288-d5c7edc7422d,25,1788548590812475846,1788548591067741846,255,757.616,566.66,-3.3879245056605396,1.2799386962662616
5b4bffcb-62c3-4bc0-9be5-205b0c6d3b57,a2c3d3dd-30f7-4511-8288-d5c7edc7422d,26,1788548591107852846,1788548591893599846,786,749.177,498.099,-3.934693164963875,5.63207836054337
5b4bffcb-62c3-4bc0-9be5-205b0c6d3b57,a2c3d3dd-30f7-4511-8288-d5c7edc7422d,27,1788548591943599846,1788548592594229846,651,871.406,484.006,3.855916160572184,6.528205678369569
5b4bffcb-62c3-4bc0-9be5-205b0c6d3b57,a2c3d3dd-30f7-4511-8288-d5c7edc7422d,28,1788548592779349846,1788548592934477846,155,891.791,532.87,5.140030065238052,3.423814156395299
5b4bffcb-62c3-4bc0-9be5-205b0c6d3b57,a2c3d3dd-30f7-4511-8288-d5c7edc7422d,29,1788548592964611846,1788548593289849846,325,878.552,558.883,4.294586622867404,1.773599813800739
5b4bffcb-62c3-4bc0-9be5-205b0c6d3b57,a2c3d3dd-30f7-4511-8288-d5c7edc7422d,30,1788548593324848846,1788548593474973846,150,932.517,553.674,7.722384999694559,2.1001883177119702
5b4bffcb-62c3-4bc0-9be5-205b0c6d3b57,a2c3d3dd-30f7-4511-8288-d5c7edc7422d,31,1788548593500098846,1788548594005486846,505,894.675,549.556,5.320056407455675,2.364655179937225
5b4bffcb-62c3-4bc0-9be5-205b0c6d3b57,a2c3d3dd-30f7-4511-8288-d5c7edc7422d,32,1788548594040598846,1788548594876352846,836,830.795,541.44,1.2610273826110852,2.8834615013321403
5b4bffcb-62c3-4bc0-9be5-205b0c6d3b57,a2c3d3dd-30f7-4511-8288-d5c7edc7422d,33,1788548594916351846,1788548595136598846,220,751.601,509.927,-3.777637569099119,4.881693245009136
5b4bffcb-62c3-4bc0-9be5-205b0c6d3b57,a2c3d3dd-30f7-4511-8288-d5c7edc7422d,34,1788548595171601846,1788548595426851846,255,794.347,547.213,-1.0558029661047195,2.5164451286023928
5b4bffcb-62c3-4bc0-9be5-205b0c6d3b57,a2c3d3dd-30f7-4511-8288-d5c7edc7422d,35,1788548595456851846,1788548596052472846,596,733.634,528.339,-4.915776552047784,3.71065358345521
5b4bffcb-62c3-4bc0-9be5-205b0c6d3b57,a2c3d3dd-30f7-4511-8288-d5c7edc7422d,36,1788548596102481846,1788548596312722846,210,880.973,583.995,4.44674089214312,0.17922777785251948
5b4bffcb-62c3-4bc0-9be5-205b0c6d3b57,a2c3d3dd-30f7-4511-8288-d5c7edc7422d,37,1788548596357722846,1788548597153471846,796,747.484,549.309,-4.032669175643802,2.381160302571776
5b4bffcb-62c3-4bc0-9be5-205b0c6d3b57,a2c3d3dd-30f7-4511-8288-d5c7edc7422d,38,1788548597198471846,1788548597393721846,195,877.071,563.962,4.2000514483087406,1.4511504495175043
5b4bffcb-62c3-4bc0-9be5-205b0c6d3b57,a2c3d3dd-30f7-4511-8288-d5c7edc7422d,39,1788548597438727846,1788548597678971846,240,756.866,564.753,-3.435674540250248,1.4009945101078949
5b4bffcb-62c3-4bc0-9be5-205b0c6d3b57,a2c3d3dd-30f7-4511-8288-d5c7edc7422d,40,1788548597728971846,1788548597959221846,230,874.078,547.831,4.0116227000017215,2.4756333016571217
5b4bffcb-62c3-4bc0-9be5-205b0c6d3b57,a2c3d3dd-30f7-4511-8288-d5c7edc7422d,41,1788548597999221846,1788548598264471846,265,808.995,574.134,-0.12492473569090715,0.8057037763457848
5b4bffcb-62c3-4bc0-9be5-205b0c6d3b57,a2c3d3dd-30f7-4511-8288-d5c7edc7422d,42,1788548598299596846,1788548598594846846,295,763.342,568.269,-3.024299389015212,1.1779000875024097
5b4bffcb-62c3-4bc0-9be5-205b0c6d3b57,a2c3d3dd-30f7-4511-8288-d5c7edc7422d,43,1788548598784970846,1788548599130345846,345,770.371,572.032,-2.577869174650912,0.9389991841469573
5b4bffcb-62c3-4bc0-9be5-205b0c6d3b57,a2c3d3dd-30f7-4511-8288-d5c7edc7422d,44,1788548599165345846,1788548599896095846,731,753.511,519.695,-3.654241826105215,4.261874955419538
5b4bffcb-62c3-4bc0-9be5-205b0c6d3b57,a2c3d3dd-30f7-4511-8288-d5c7edc7422d,45,1788548599931095846,1788548600756844846,826,741.795,595.437,-4.3912797178088905,-0.5469689262521006
5b4bffcb-62c3-4bc0-9be5-205b0c6d3b57,a2c3d3dd-30f7-4511-8288-d5c7edc7422d,46,1788548600786848846,1788548600942094846,155,747.902,522.399,-4.010286709562441,4.089518086404592
5b4bffcb-62c3-4bc0-9be5-205b0c6d3b57,a2c3d3dd-30f7-4511-8288-d5c7edc7422d,47,1788548600972094846,1788548602658603846,1687,734.217,561.475,-4.873508410203866,1.608156262672775
5b4bffcb-62c3-4bc0-9be5-205b0c6d3b57,a2c3d3dd-30f7-4511-8288-d5c7edc7422d,48,1788548602923968846,1788548603084093846,160,1414.509,563.317,38.36232970455581,1.4235382685768723
5b4bffcb-62c3-4bc0-9be5-205b0c6d3b57,a2c3d3dd-30f7-4511-8288-d5c7edc7422d,49,1788548603099096846,1788548603899842846,801,1243.664,539.787,27.43166097876265,2.884326309505646
5b4bffcb-62c3-4bc0-9be5-205b0c6d3b57,a2c3d3dd-30f7-4511-8288-d5c7edc7422d,50,1788548604125092846,1788548604515467846,390,645.31,471.109,-10.559287802822086,7.303208822520769
5b4bffcb-62c3-4bc0-9be5-205b0c6d3b57,a2c3d3dd-30f7-4511-8288-d5c7edc7422d,51,1788548604555467846,1788548606041841846,1486,785.688,574.009,-1.6052058200036854,0.8135406648092498
5b4bffcb-62c3-4bc0-9be5-205b0c6d3b57,a2c3d3dd-30f7-4511-8288-d5c7edc7422d,52,1788548606086841846,1788548606236971846,150,878.736,454.965,4.3351884817722075,8.369242089727512
5b4bffcb-62c3-4bc0-9be5-205b0c6d3b57,a2c3d3dd-30f7-4511-8288-d5c7edc7422d,53,1788548606272091846,1788548606877590846,605,915.369,482.442,6.659714716899932,6.616903712088651
5b4bffcb-62c3-4bc0-9be5-205b0c6d3b57,a2c3d3dd-30f7-4511-8288-d5c7edc7422d,54,1788548606942715846,1788548607242965846,300,723.717,350.075,-5.656904864783799,14.99832752995758
5b4bffcb-62c3-4bc0-9be5-205b0c6d3b57,a2c3d3dd-30f7-4511-8288-d5c7edc7422d,55,1788548607277965846,1788548607838590846,561,698.828,377.741,-7.235367177498254,13.233219604017139
5b4bffcb-62c3-4bc0-9be5-205b0c6d3b57,a2c3d3dd-30f7-4511-8288-d5c7edc7422d,56,1788548608088715846,1788548608814464846,726,928.58,496.672,7.493553329081149,5.711467566661732
5b4bffcb-62c3-4bc0-9be5-205b0c6d3b57,a2c3d3dd-30f7-4511-8288-d5c7edc7422d,57,1788548608884471846,1788548609560089846,676,669.361,498.19,-9.01026923474353,5.604570706183963
5b4bffcb-62c3-4bc0-9be5-205b0c6d3b57,a2c3d3dd-30f7-4511-8288-d5c7edc7422d,58,1788548609605214846,1788548609795339846,190,812.665,559.597,0.10829518170116487,1.7295962547527226
5b4bffcb-62c3-4bc0-9be5-205b0c6d3b57,a2c3d3dd-30f7-4511-8288-d5c7edc7422d,59,1788548609985588846,1788548611491963846,1506,687.885,484.397,-7.841206220816453,6.483824301562406
5b4bffcb-62c3-4bc0-9be5-205b0c6d3b57,a2c3d3dd-30f7-4511-8288-d5c7edc7422d,60,1788548611657087846,1788548611777212846,120,831.179,464.881,1.2925765749470035,7.747118686921893
5b4bffcb-62c3-4bc0-9be5-205b0c6d3b57,a2c3d3dd-30f7-4511-8288-d5c7edc7422d,61,1788548611832342846,1788548612607971846,776,701.106,504.24,-6.990280208665657,5.231926957043306
5b4bffcb-62c3-4bc0-9be5-205b0c6d3b57,a2c3d3dd-30f7-4511-8288-d5c7edc7422d,62,1788548612663097846,1788548613238586846,575,715.767,449.453,-6.085714670905482,8.706867051831574
5b4bffcb-62c3-4bc0-9be5-205b0c6d3b57,a2c3d3dd-30f7-4511-8288-d5c7edc7422d,63,1788548613283587846,1788548614029336846,746,847.444,453.292,2.3346085329859894,8.481301573692281
5b4bffcb-62c3-4bc0-9be5-205b0c6d3b57,a2c3d3dd-30f7-4511-8288-d5c7edc7422d,64,1788548614074336846,1788548614224598846,150,969.282,450.218,10.1253991659865,8.630706605474794
5b4bffcb-62c3-4bc0-9be5-205b0c6d3b57,a2c3d3dd-30f7-4511-8288-d5c7edc7422d,65,1788548614274586846,1788548614755089846,481,799.177,439.148,-0.7534797856914254,9.38060081218439
5b4bffcb-62c3-4bc0-9be5-205b0c6d3b57,a2c3d3dd-30f7-4511-8288-d5c7edc7422d,66,1788548614795085846,1788548615100346846,305,878.616,425.287,4.342629399053825,10.250926388422464
5b4bffcb-62c3-4bc0-9be5-205b0c6d3b57,a2c3d3dd-30f7-4511-8288-d5c7edc7422d,67,1788548615155460846,1788548615405585846,250,710.651,440.713,-6.41850918053966,9.258091657840122
5b4bffcb-62c3-4bc0-9be5-205b0c6d3b57,a2c3d3dd-30f7-4511-8288-d5c7edc7422d,68,1788548615705960846,1788548616091335846,385,778.885,1165.164,-2.323554655433903,-36.52605790108577
5b4bffcb-62c3-4bc0-9be5-205b0c6d3b57,a2c3d3dd-30f7-4511-8288-d5c7edc7422d,69,1788548616126335846,1788548616456585846,330,757.562,1059.119,-3.694171236844448,-29.794122058003286
5b4bffcb-62c3-4bc0-9be5-205b0c6d3b57,a2c3d3dd-30f7-4511-8288-d5c7edc7422d,70,1788548616491709846,1788548616586709846,95,782.291,1114.81,-2.0225383632512637,-33.32783175658121
5b4bffcb-62c3-4bc0-9be5-205b0c6d3b57,a2c3d3dd-30f7-4511-8288-d5c7edc7422d,71,1788548616776959846,1788548617037209846,260,816.765,124.573,0.4206541077885937,29.31174993872026
5b4bffcb-62c3-4bc0-9be5-205b0c6d3b57,a2c3d3dd-30f7-4511-8288-d5c7edc7422d,72,1788548617227334846,1788548618043095846,816,783.477,1100.291,-1.9253010682410288,-32.40932071947991
5b4bffcb-62c3-4bc0-9be5-205b0c6d3b57,a2c3d3dd-30f7-4511-8288-d5c7edc7422d,73,1788548618208333846,1788548619749707846,1541,834.282,309.526,1.5319182135264446,17.592899021187264
5b4bffcb-62c3-4bc0-9be5-205b0c6d3b57,a2c3d3dd-30f7-4511-8288-d5c7edc7422d,74,1788548619799832846,1788548620220207846,420,973.168,298.324,10.64846121341487,18.1990085080753
5b4bffcb-62c3-4bc0-9be5-205b0c6d3b57,a2c3d3dd-30f7-4511-8288-d5c7edc7422d,75,1788548620270207846,1788548620655582846,385,867.418,372.127,3.653891074968122,13.622210822750226
5b4bffcb-62c3-4bc0-9be5-205b0c6d3b57,a2c3d3dd-30f7-4511-8288-d5c7edc7422d,76,1788548620705582846,1788548621431336846,726,971.498,346.637,10.428448653420222,15.15953544594578
5b4bffcb-62c3-4bc0-9be5-205b0c6d3b57,a2c3d3dd-30f7-4511-8288-d5c7edc7422d,77,1788548621471331846,1788548621826706846,355,891.456,374.433,5.206006386905103,13.46644433870957
5b4bffcb-62c3-4bc0-9be5-205b0c6d3b57,a2c3d3dd-30f7-4511-8288-d5c7edc7422d,78,1788548621861711846,1788548622317081846,455,921.309,335.647,7.187301706674671,15.899579358726397
5b4bffcb-62c3-4bc0-9be5-205b0c6d3b57,a2c3d3dd-30f7-4511-8288-d5c7edc7422d,79,1788548622342206846,1788548623713455846,1371,908.668,291.706,6.428801165034439,18.684227252284476
5b4bffcb-62c3-4bc0-9be5-205b0c6d3b57,a2c3d3dd-30f7-4511-8288-d5c7edc7422d,80,1788548623743455846,1788548624424079846,681,935.893,238.111,8.340161073172874,22.03958062965138
5b4bffcb-62c3-4bc0-9be5-205b0c6d3b57,a2c3d3dd-30f7-4511-8288-d5c7edc7422d,81,1788548624459204846,1788548625465079846,1006,935.687,300.833,8.185897679967093,18.083897084954025
5b4bffcb-62c3-4bc0-9be5-205b0c6d3b57,a2c3d3dd-30f7-4511-8288-d5c7edc7422d,82,1788548625490079846,1788548626756328846,1266,962.694,350.767,9.849422737279077,14.908552737100061
5b4bffcb-62c3-4bc0-9be5-205b0c6d3b57,a2c3d3dd-30f7-4511-8288-d5c7edc7422d,83,1788548626836328846,1788548627051578846,215,675.016,319.341,-8.865811059689632,16.89622030971857
5b4bffcb-62c3-4bc0-9be5-205b0c6d3b57,a2c3d3dd-30f7-4511-8288-d5c7edc7422d,84,1788548627116702846,1788548627336827846,220,977.0,391.654,10.700373020564927,12.318279053543327
5b4bffcb-62c3-4bc0-9be5-205b0c6d3b57,a2c3d3dd-30f7-4511-8288-d5c7edc7422d,85,1788548627361831846,1788548627577077846,215,946.287,404.807,8.706153054930658,11.51323181211385
5b4bffcb-62c3-4bc0-9be5-205b0c6d3b57,a2c3d3dd-30f7-4511-8288-d5c7edc7422d,86,1788548627797327846,1788548629153576846,1356,972.304,430.496,10.341894770382671,9.873218644106137
5b4bffcb-62c3-4bc0-9be5-205b0c6d3b57,a2c3d3dd-30f7-4511-8288-d5c7edc7422d,87,1788548629208580846,1788548631575825846,2367,982.795,334.973,11.187335953247123,15.880822482937177
5b4bffcb-62c3-4bc0-9be5-205b0c6d3b57,a2c3d3dd-30f7-4511-8288-d5c7edc7422d,88,1788548631620825846,1788548631796074846,175,851.06,244.606,2.677619286143206,21.694824104316954
5b4bffcb-62c3-4bc0-9be5-205b0c6d3b57,a2c3d3dd-30f7-4511-8288-d5c7edc7422d,89,1788548631831074846,1788548632256449846,425,793.431,248.206,-1.15747590911187,21.47098364573422
5b4bffcb-62c3-4bc0-9be5-205b0c6d3b57,a2c3d3dd-30f7-4511-8288-d5c7edc7422d,90,1788548632296455846,1788548632671824846,375,895.269,336.98,5.491239295906966,15.833157321338433
5b4bffcb-62c3-4bc0-9be5-205b0c6d3b57,a2c3d3dd-30f7-4511-8288-d5c7edc7422d,91,1788548632842074846,1788548633142324846,300,871.969,494.889,3.8885451768495876,5.837289526745094
5b4bffcb-62c3-4bc0-9be5-205b0c6d3b57,a2c3d3dd-30f7-4511-8288-d5c7edc7422d,92,1788548633182324846,1788548634013073846,831,901.477,572.771,5.749216262026527,0.8913734324539944
5b4bffcb-62c3-4bc0-9be5-205b0c6d3b57,a2c3d3dd-30f7-4511-8288-d5c7edc7422d,93,1788548634078202846,1788548634283323846,205,996.38,690.033,11.811157099934833,-6.498731690817951
5b4bffcb-62c3-4bc0-9be5-205b0c6d3b57,a2c3d3dd-30f7-4511-8288-d5c7edc7422d,94,1788548634348451846,1788548635429447846,1081,859.905,536.163,3.112289818664485,3.21756699333277
5b4bffcb-62c3-4bc0-9be5-205b0c6d3b57,a2c3d3dd-30f7-4511-8288-d5c7edc7422d,95,1788548635614588846,1788548636625577846,1011,858.835,504.518,3.0494901528954923,5.227613006992126
5b4bffcb-62c3-4bc0-9be5-205b0c6d3b57,a2c3d3dd-30f7-4511-8288-d5c7edc7422d,96,1788548636690702846,1788548636815835846,125,1027.059,628.938,13.717171619606347,-2.6433254456716178
5b4bffcb-62c3-4bc0-9be5-205b0c6d3b57,a2c3d3dd-30f7-4511-8288-d5c7edc7422d,97,1788548636855821846,1788548637321196846,465,1095.297,646.136,18.045554021260518,-3.691356098908284
5b4bffcb-62c3-4bc0-9be5-205b0c6d3b57,a2c3d3dd-30f7-4511-8288-d5c7edc7422d,98,1788548637401321846,1788548637556445846,155,826.968,499.239,1.020309055979735,5.565152270779424
5b4bffcb-62c3-4bc0-9be5-205b0c6d3b57,a2c3d3dd-30f7-4511-8288-d5c7edc7422d,99,1788548637576445846,1788548638262070846,686,838.61,489.65,1.7633351516788323,6.173684483506432
5b4bffcb-62c3-4bc0-9be5-205b0c6d3b57,a2c3d3dd-30f7-4511-8288-d5c7edc7422d,100,1788548638297195846,1788548638472320846,175,781.297,450.999,-1.896333395364855,8.626589994181213
5b4bffcb-62c3-4bc0-9be5-205b0c6d3b57,a2c3d3dd-30f7-4511-8288-d5c7edc7422d,101,1788548638507320846,1788548638667445846,160,832.559,458.125,1.3817594770702883,8.175974881616117
5b4bffcb-62c3-4bc0-9be5-205b0c6d3b57,a2c3d3dd-30f7-4511-8288-d5c7edc7422d,102,1788548638712583846,1788548639258069846,545,708.24,472.088,-6.552478330766073,7.270526209352823
5b4bffcb-62c3-4bc0-9be5-205b0c6d3b57,a2c3d3dd-30f7-4511-8288-d5c7edc7422d,103,1788548639313069846,1788548639468319846,155,797.973,439.091,-0.8305796891576254,9.384103246513959
5b4bffcb-62c3-4bc0-9be5-205b0c6d3b57,a2c3d3dd-30f7-4511-8288-d5c7edc7422d,104,1788548639508330846,1788548639668446846,160,895.099,440.614,5.389840740672752,9.274174624303622
5b4bffcb-62c3-4bc0-9be5-205b0c6d3b57,a2c3d3dd-30f7-4511-8288-d5c7edc7422d,105,1788548639698444846,1788548639843569846,145,932.592,439.106,7.790938930371255,9.353529928524138
5b4bffcb-62c3-4bc0-9be5-205b0c6d3b57,a2c3d3dd-30f7-4511-8288-d5c7edc7422d,106,1788548639893702846,1788548640038819846,145,771.03,435.644,-2.5569819775819305,9.599102579129225
5b4bffcb-62c3-4bc0-9be5-205b0c6d3b57,a2c3d3dd-30f7-4511-8288-d5c7edc7422d,107,1788548640068829846,1788548640384069846,315,708.706,443.807,-6.5405877506079975,9.061335901408135
5b4bffcb-62c3-4bc0-9be5-205b0c6d3b57,a2c3d3dd-30f7-4511-8288-d5c7edc7422d,108,1788548640514193846,1788548640809568846,295,877.279,429.059,4.254761591252608,10.01222699255973
5b4bffcb-62c3-4bc0-9be5-205b0c6d3b57,a2c3d3dd-30f7-4511-8288-d5c7edc7422d,109,1788548640844568846,1788548641114818846,270,822.94,455.658,0.7670454075708291,8.333062467042279
5b4bffcb-62c3-4bc0-9be5-205b0c6d3b57,a2c3d3dd-30f7-4511-8288-d5c7edc7422d,110,1788548641159822846,1788548641900568846,741,701.573,444.105,-6.996165088672146,9.039165606416606
5b4bffcb-62c3-4bc0-9be5-205b0c6d3b57,a2c3d3dd-30f7-4511-8288-d5c7edc7422d,111,1788548641945567846,1788548645939318846,3994,840.774,489.092,1.9013715255377417,6.20899819032255
5b4bffcb-62c3-4bc0-9be5-205b0c6d3b57,a2c3d3dd-30f7-4511-8288-d5c7edc7422d,112,1788548645959315846,1788548650073187846,4114,903.607,396.365,5.969901192688932,12.07261557261481
5b4bffcb-62c3-4bc0-9be5-205b0c6d3b57,a2c3d3dd-30f7-4511-8288-d5c7edc7422d,113,1788548650218311846,1788548653711684846,3493,941.311,480.055,8.314617865427737,6.758970294731479
5b4bffcb-62c3-4bc0-9be5-205b0c6d3b57,a2c3d3dd-30f7-4511-8288-d5c7edc7422d,114,1788548653741684846,1788548654112062846,370,984.921,507.274,11.069996896456534,5.021965489783541
5b4bffcb-62c3-4bc0-9be5-205b0c6d3b57,a2c3d3dd-30f7-4511-8288-d5c7edc7422d,115,1788548654137059846,1788548654567433846,430,960.544,515.645,9.516147468414944,4.5014047732136735
5b4bffcb-62c3-4bc0-9be5-205b0c6d3b57,a2c3d3dd-30f7-4511-8288-d5c7edc7422d,116,1788548654587433846,1788548656539307846,1952,977.111,460.41,10.614128341778667,7.982779927976568
5b4bffcb-62c3-4bc0-9be5-205b0c6d3b57,a2c3d3dd-30f7-4511-8288-d5c7edc7422d,117,1788548656584307846,1788548656874556846,290,824.865,377.203,0.9011970969170814,13.309019368676553
5b4bffcb-62c3-4bc0-9be5-205b0c6d3b57,a2c3d3dd-30f7-4511-8288-d5c7edc7422d,118,1788548657009806846,1788548657124806846,115,928.562,381.331,7.5945397413241,13.008587234434948
5b4bffcb-62c3-4bc0-9be5-205b0c6d3b57,a2c3d3dd-30f7-4511-8288-d5c7edc7422d,119,1788548657169931846,1788548658511180846,1341,801.215,394.993,-0.6255832216202759,12.181233512194334
5b4bffcb-62c3-4bc0-9be5-205b0c6d3b57,a2c3d3dd-30f7-4511-8288-d5c7edc7422d,120,1788548658646305846,1788548659211805846,566,643.429,426.655,-10.728890035775967,10.10422869668041
5b4bffcb-62c3-4bc0-9be5-205b0c6d3b57,a2c3d3dd-30f7-4511-8288-d5c7edc7422d,121,1788548659251804846,1788548659457057846,205,816.308,498.036,0.3411391584062579,5.641730663638803
5b4bffcb-62c3-4bc0-9be5-205b0c6d3b57,a2c3d3dd-30f7-4511-8288-d5c7edc7422d,122,1788548659692304846,1788548659812429846,120,820.052,481.683,0.5806018074056112,6.680542340212431
5b4bffcb-62c3-4bc0-9be5-205b0c6d3b57,a2c3d3dd-30f7-4511-8288-d5c7edc7422d,123,1788548659837436846,1788548663010430846,3173,822.809,501.734,0.7551604145862574,5.406712010176791
5b4bffcb-62c3-4bc0-9be5-205b0c6d3b57,a2c3d3dd-30f7-4511-8288-d5c7edc7422d,124,1788548663205551846,1788548663926301846,721,831.199,463.774,1.2940155173567665,7.817420472604204
5b4bffcb-62c3-4bc0-9be5-205b0c6d3b57,a2c3d3dd-30f7-4511-8288-d5c7edc7422d,125,1788548664271551846,1788548664496800846,225,726.92,1146.255,-6.0719272069022345,-35.269523994119105
5b4bffcb-62c3-4bc0-9be5-205b0c6d3b57,a2c3d3dd-30f7-4511-8288-d5c7edc7422d,126,1788548664526800846,1788548664787050846,260,802.485,1085.663,-0.5756949228648468,-31.490951948044405
5b4bffcb-62c3-4bc0-9be5-205b0c6d3b57,a2c3d3dd-30f7-4511-8288-d5c7edc7422d,127,1788548664952175846,1788548665202425846,250,885.643,234.493,4.995205734933356,22.315892196994742
5b4bffcb-62c3-4bc0-9be5-205b0c6d3b57,a2c3d3dd-30f7-4511-8288-d5c7edc7422d,128,1788548665237446846,1788548665447678846,210,820.65,308.001,0.6397634730733779,17.690739299852925
5b4bffcb-62c3-4bc0-9be5-205b0c6d3b57,a2c3d3dd-30f7-4511-8288-d5c7edc7422d,129,1788548665472675846,1788548668925922846,3453,841.938,359.415,2.0109834182084976,14.433784441487191
5b4bffcb-62c3-4bc0-9be5-205b0c6d3b57,a2c3d3dd-30f7-4511-8288-d5c7edc7422d,130,1788548668960922846,1788548669586555846,626,838.556,451.537,1.7664854668334564,8.5937059965844
5b4bffcb-62c3-4bc0-9be5-205b0c6d3b57,a2c3d3dd-30f7-4511-8288-d5c7edc7422d,131,1788548669611546846,1788548669861796846,250,842.467,484.673,2.010088698820184,6.489491042423054
5b4bffcb-62c3-4bc0-9be5-205b0c6d3b57,a2c3d3dd-30f7-4511-8288-d5c7edc7422d,132,1788548669886796846,1788548670452421846,566,851.531,447.42,2.59771686177178,8.85333842111819
5b4bffcb-62c3-4bc0-9be5-205b0c6d3b57,a2c3d3dd-30f7-4511-8288-d5c7edc7422d,133,1788548670482421846,1788548671163045846,681,857.454,393.864,2.998564450883409,12.248195948667481
5b4bffcb-62c3-4bc0-9be5-205b0c6d3b57,a2c3d3dd-30f7-4511-8288-d5c7edc7422d,134,1788548671183045846,1788548672764557846,1582,889.538,320.585,5.1363052852585485,16.872915679231696
5b4bffcb-62c3-4bc0-9be5-205b0c6d3b57,a2c3d3dd-30f7-4511-8288-d5c7edc7422d,135,1788548672794544846,1788548674926542846,2132,903.881,412.098,5.973779284484094,11.076733466695734
5b4bffcb-62c3-4bc0-9be5-205b0c6d3b57,a2c3d3dd-30f7-4511-8288-d5c7edc7422d,136,1788548674946542846,1788548675537167846,591,900.194,505.466,5.682619782505154,5.161143163295364
5b4bffcb-62c3-4bc0-9be5-205b0c6d3b57,a2c3d3dd-30f7-4511-8288-d5c7edc7422d,137,1788548675572176846,1788548678254665846,2682,930.474,374.037,7.727373169359203,13.468059028252497
5b4bffcb-62c3-4bc0-9be5-205b0c6d3b57,a2c3d3dd-30f7-4511-8288-d5c7edc7422d,138,1788548678279790846,1788548679465789846,1186,951.16,375.698,9.060715201350904,13.347026921714917
5b4bffcb-62c3-4bc0-9be5-205b0c6d3b57,a2c3d3dd-30f7-4511-8288-d5c7edc7422d,139,1788548679606038846,1788548680982287846,1376,964.412,484.549,9.782704859533562,6.465224869574337
5b4bffcb-62c3-4bc0-9be5-205b0c6d3b57,a2c3d3dd-30f7-4511-8288-d5c7edc7422d,140,1788548681002287846,1788548681532792846,531,972.724,469.078,10.325685226318786,7.438252205109103
5b4bffcb-62c3-4bc0-9be5-205b0c6d3b57,a2c3d3dd-30f7-4511-8288-d5c7edc7422d,141,1788548681562787846,1788548682533674846,971,989.875,407.83,11.500945522378174,11.287646697078394
5b4bffcb-62c3-4bc0-9be5-205b0c6d3b57,a2c3d3dd-30f7-4511-8288-d5c7edc7422d,142,1788548682588790846,1788548682809036846,220,835.506,351.021,1.5968533676094148,14.966385738689171
5b4bffcb-62c3-4bc0-9be5-205b0c6d3b57,a2c3d3dd-30f7-4511-8288-d5c7edc7422d,143,1788548682859036846,1788548683084285846,225,985.528,382.702,11.265187099576018,12.873943056154545
5b4bffcb-62c3-4bc0-9be5-205b0c6d3b57,a2c3d3dd-30f7-4511-8288-d5c7edc7422d,144,1788548683214410846,1788548683429535846,215,847.813,367.183,2.388300903270761,13.940693827967417
5b4bffcb-62c3-4bc0-9be5-205b0c6d3b57,a2c3d3dd-30f7-4511-8288-d5c7edc7422d,145,1788548683484660846,1788548685266284846,1782,972.445,437.293,10.342420269737035,9.44431870342848
5b4bffcb-62c3-4bc0-9be5-205b0c6d3b57,a2c3d3dd-30f7-4511-8288-d5c7edc7422d,146,1788548685311284846,1788548685831783846,520,830.946,439.608,1.2815297310844103,9.351401905680474
5b4bffcb-62c3-4bc0-9be5-205b0c6d3b57,a2c3d3dd-30f7-4511-8288-d5c7edc7422d,147,1788548686037033846,1788548688929784846,2893,859.075,440.833,3.0828804137196326,9.269984578095949
5b4bffcb-62c3-4bc0-9be5-205b0c6d3b57,a2c3d3dd-30f7-4511-8288-d5c7edc7422d,148,1788548689205031846,1788548689505280846,300,964.738,469.296,9.816374702103682,7.428643532373226
5b4bffcb-62c3-4bc0-9be5-205b0c6d3b57,a2c3d3dd-30f7-4511-8288-d5c7edc7422d,149,1788548689545280846,1788548689805530846,260,869.343,425.473,3.747598542655224,10.241755558489414
5b4bffcb-62c3-4bc0-9be5-205b0c6d3b57,a2c3d3dd-30f7-4511-8288-d5c7edc7422d,150,1788548689830530846,1788548690100905846,270,838.477,412.337,1.7704923554395458,11.080656553883607
5b4bffcb-62c3-4bc0-9be5-205b0c6d3b57,a2c3d3dd-30f7-4511-8288-d5c7edc7422d,151,1788548690165910846,1788548690481163846,315,1039.419,565.505,14.495058906215423,1.3422750922181412
5b4bffcb-62c3-4bc0-9be5-205b0c6d3b57,a2c3d3dd-30f7-4511-8288-d5c7edc7422d,152,1788548690561279846,1788548690886529846,325,822.535,448.18,0.7418417379565662,8.80779937949064
5b4bffcb-62c3-4bc0-9be5-205b0c6d3b57,a2c3d3dd-30f7-4511-8288-d5c7edc7422d,153,1788548691006654846,1788548692327908846,1321,838.109,561.104,1.724955621525098,1.6336720158826756
5b4bffcb-62c3-4bc0-9be5-205b0c6d3b57,a2c3d3dd-30f7-4511-8288-d5c7edc7422d,154,1788548692357907846,1788548692508153846,150,649.544,400.876,-10.373487702576439,11.73359588539631
5b4bffcb-62c3-4bc0-9be5-205b0c6d3b57,a2c3d3dd-30f7-4511-8288-d5c7edc7422d,155,1788548692543152846,1788548692718277846,175,697.748,414.067,-7.266481297670628,10.936953502239946
5b4bffcb-62c3-4bc0-9be5-205b0c6d3b57,a2c3d3dd-30f7-4511-8288-d5c7edc7422d,156,1788548692748278846,1788548693003527846,255,730.116,370.736,-5.223343422479051,13.695821106329381
5b4bffcb-62c3-4bc0-9be5-205b0c6d3b57,a2c3d3dd-30f7-4511-8288-d5c7edc7422d,157,1788548693118657846,1788548697032399846,3914,806.134,446.541,-0.3077177941318205,8.911721843252261
5b4bffcb-62c3-4bc0-9be5-205b0c6d3b57,a2c3d3dd-30f7-4511-8288-d5c7edc7422d,158,1788548697057399846,1788548704164017846,7107,876.436,434.726,4.1977794230542065,9.653183899165837
5b4bffcb-62c3-4bc0-9be5-205b0c6d3b57,a2c3d3dd-30f7-4511-8288-d5c7edc7422d,159,1788548704194142846,1788548705705521846,1511,933.702,430.925,7.869679712661592,9.870366490163036
5b4bffcb-62c3-4bc0-9be5-205b0c6d3b57,a2c3d3dd-30f7-4511-8288-d5c7edc7422d,160,1788548705725516846,1788548706416140846,691,958.466,461.694,9.423366615848717,7.9120872909572055
5b4bffcb-62c3-4bc0-9be5-205b0c6d3b57,a2c3d3dd-30f7-4511-8288-d5c7edc7422d,161,1788548706446265846,1788548708403013846,1957,956.984,529.842,9.2831693301598,3.6046576555422267
5b4bffcb-62c3-4bc0-9be5-205b0c6d3b57,a2c3d3dd-30f7-4511-8288-d5c7edc7422d,162,1788548708418013846,1788548709308888846,891,980.419,498.94,10.789964618911185,5.549654494289702
5b4bffcb-62c3-4bc0-9be5-205b0c6d3b57,a2c3d3dd-30f7-4511-8288-d5c7edc7422d,163,1788548709328888846,1788548710640136846,1311,990.066,439.945,11.465571861023598,9.264597675930977
5b4bffcb-62c3-4bc0-9be5-205b0c6d3b57,a2c3d3dd-30f7-4511-8288-d5c7edc7422d,164,1788548710915386846,1788548712006389846,1091,971.952,436.597,10.311788820587005,9.488538616966238
5b4bffcb-62c3-4bc0-9be5-205b0c6d3b57,a2c3d3dd-30f7-4511-8288-d5c7edc7422d,165,1788548712156635846,1788548712396760846,240,1550.452,328.359,48.57697698929628,14.755390566052808
5b4bffcb-62c3-4bc0-9be5-205b0c6d3b57,a2c3d3dd-30f7-4511-8288-d5c7edc7422d,166,1788548712572010846,1788548712712143846,140,876.084,466.285,4.1608103475391385,7.6517836381192375
5b4bffcb-62c3-4bc0-9be5-205b0c6d3b57,a2c3d3dd-30f7-4511-8288-d5c7edc7422d,167,1788548712752134846,1788548713057384846,305,774.672,424.752,-2.326528356049198,10.290599909502903
5b4bffcb-62c3-4bc0-9be5-205b0c6d3b57,a2c3d3dd-30f7-4511-8288-d5c7edc7422d,168,1788548713102509846,1788548713257634846,155,925.816,491.762,7.320258150416489,6.023284898633465
5b4bffcb-62c3-4bc0-9be5-205b0c6d3b57,a2c3d3dd-30f7-4511-8288-d5c7edc7422d,169,1788548713302634846,1788548713472763846,170,799.702,467.482,-0.7182309931920695,7.58201695242624
5b4bffcb-62c3-4bc0-9be5-205b0c6d3b57,a2c3d3dd-30f7-4511-8288-d5c7edc7422d,170,1788548713492884846,1788548713808133846,315,777.94,469.024,-2.107630692739747,7.482100185115624
5b4bffcb-62c3-4bc0-9be5-205b0c6d3b57,a2c3d3dd-30f7-4511-8288-d5c7edc7422d,171,1788548713873133846,1788548714023383846,150,851.656,675.671,2.592224292050611,-5.640961410618249
5b4bffcb-62c3-4bc0-9be5-205b0c6d3b57,a2c3d3dd-30f7-4511-8288-d5c7edc7422d,172,1788548714103383846,1788548714318633846,215,760.226,625.964,-3.2229789117400927,-2.485459370677192
5b4bffcb-62c3-4bc0-9be5-205b0c6d3b57,a2c3d3dd-30f7-4511-8288-d5c7edc7422d,173,1788548714368633846,1788548714528758846,160,679.519,651.888,-8.350560789251695,-4.113615395213771
5b4bffcb-62c3-4bc0-9be5-205b0c6d3b57,a2c3d3dd-30f7-4511-8288-d5c7edc7422d,174,1788548714764008846,1788548715204393846,440,567.529,654.113,-15.438956104692881,-4.207149050157313
5b4bffcb-62c3-4bc0-9be5-205b0c6d3b57,a2c3d3dd-30f7-4511-8288-d5c7edc7422d,175,1788548715269507846,1788548715559757846,290,786.503,491.54,-1.5583423842403565,6.05328066669343
5b4bffcb-62c3-4bc0-9be5-205b0c6d3b57,a2c3d3dd-30f7-4511-8288-d5c7edc7422d,176,1788548715604768846,1788548715870006846,265,879.932,640.856,4.384834964031785,-3.429260729647999
5b4bffcb-62c3-4bc0-9be5-205b0c6d3b57,a2c3d3dd-30f7-4511-8288-d5c7edc7422d,177,1788548715890132846,1788548716045256846,155,889.988,641.339,5.024064793903833,-3.458578485301223
5b4bffcb-62c3-4bc0-9be5-205b0c6d3b57,a2c3d3dd-30f7-4511-8288-d5c7edc7422d,178,1788548716110256846,1788548716976131846,866,811.577,467.607,0.04018135596965264,7.574452952998207
5b4bffcb-62c3-4bc0-9be5-205b0c6d3b57,a2c3d3dd-30f7-4511-8288-d5c7edc7422d,179,1788548717026130846,1788548717336688846,311,887.797,582.17,4.8801425997434595,0.2950805376940967
5b4bffcb-62c3-4bc0-9be5-205b0c6d3b57,a2c3d3dd-30f7-4511-8288-d5c7edc7422d,180,1788548717366685846,1788548717526807846,160,841.674,571.836,1.951057457193298,0.9516868258994858
5b4bffcb-62c3-4bc0-9be5-205b0c6d3b57,a2c3d3dd-30f7-4511-8288-d5c7edc7422d,181,1788548717551806846,1788548717947180846,395,875.861,584.039,4.122115723124439,0.17641542853021472
5b4bffcb-62c3-4bc0-9be5-205b0c6d3b57,a2c3d3dd-30f7-4511-8288-d5c7edc7422d,182,1788548717967181846,1788548718427680846,460,873.59,579.449,3.978041503063572,0.4678258528357226
5b4bffcb-62c3-4bc0-9be5-205b0c6d3b57,a2c3d3dd-30f7-4511-8288-d5c7edc7422d,183,1788548718487680846,1788548718953184846,466,808.231,422.488,-0.17355514961881424,10.438061737107088
5b4bffcb-62c3-4bc0-9be5-205b0c6d3b57,a2c3d3dd-30f7-4511-8288-d5c7edc7422d,184,1788548718978184846,1788548719373555846,395,812.48,442.93,0.09854708612692628,9.141072219691605
5b4bffcb-62c3-4bc0-9be5-205b0c6d3b57,a2c3d3dd-30f7-4511-8288-d5c7edc7422d,185,1788548719413555846,1788548719568680846,155,755.855,418.649,-3.5359255203737474,10.672872544054634
5b4bffcb-62c3-4bc0-9be5-205b0c6d3b57,a2c3d3dd-30f7-4511-8288-d5c7edc7422d,186,1788548719613805846,1788548719758934846,145,669.437,417.811,-9.076463968992996,10.681728735234701
5b4bffcb-62c3-4bc0-9be5-205b0c6d3b57,a2c3d3dd-30f7-4511-8288-d5c7edc7422d,187,1788548719808930846,1788548720129305846,320,824.538,393.473,0.8773733745213979,12.277937653841331
5b4bffcb-62c3-4bc0-9be5-205b0c6d3b57,a2c3d3dd-30f7-4511-8288-d5c7edc7422d,188,1788548720159305846,1788548720494555846,335,779.286,387.173,-2.0404318627689797,12.673655479868897
5b4bffcb-62c3-4bc0-9be5-205b0c6d3b57,a2c3d3dd-30f7-4511-8288-d5c7edc7422d,189,1788548720529679846,1788548720799929846,270,860.214,396.87,3.174934324745205,12.057024851725917
5b4bffcb-62c3-4bc0-9be5-205b0c6d3b57,a2c3d3dd-30f7-4511-8288-d5c7edc7422d,190,1788548720834929846,1788548721040054846,205,792.625,400.881,-1.178104966868178,11.807104606522124
5b4bffcb-62c3-4bc0-9be5-205b0c6d3b57,a2c3d3dd-30f7-4511-8288-d5c7edc7422d,191,1788548721215304846,1788548721630679846,415,788.52,414.337,-1.439918473159994,10.953414181253928
5b4bffcb-62c3-4bc0-9be5-205b0c6d3b57,a2c3d3dd-30f7-4511-8288-d5c7edc7422d,192,1788548721660679846,1788548721845804846,185,851.597,419.013,2.611288326573866,10.655269631554123
5b4bffcb-62c3-4bc0-9be5-205b0c6d3b57,a2c3d3dd-30f7-4511-8288-d5c7edc7422d,193,1788548721880929846,1788548722411429846,530,784.186,419.075,-1.7173183617138996,10.652312165009855
5b4bffcb-62c3-4bc0-9be5-205b0c6d3b57,a2c3d3dd-30f7-4511-8288-d5c7edc7422d,194,1788548722451429846,1788548722701679846,250,834.509,514.789,1.4991426950125826,4.576941701672637
5b4bffcb-62c3-4bc0-9be5-205b0c6d3b57,a2c3d3dd-30f7-4511-8288-d5c7edc7422d,195,1788548722756679846,1788548723522428846,766,860.114,562.039,3.122981923002582,1.5737861347017068
5b4bffcb-62c3-4bc0-9be5-205b0c6d3b57,a2c3d3dd-30f7-4511-8288-d5c7edc7422d,196,1788548723557432846,1788548723937803846,380,843.274,498.126,2.059381850683108,5.634972400316021
5b4bffcb-62c3-4bc0-9be5-205b0c6d3b57,a2c3d3dd-30f7-4511-8288-d5c7edc7422d,197,1788548723967803846,1788548724563428846,596,860.626,451.322,3.1784114928765215,8.604231242743214
5b4bffcb-62c3-4bc0-9be5-205b0c6d3b57,a2c3d3dd-30f7-4511-8288-d5c7edc7422d,198,1788548724608428846,1788548724963809846,355,852.203,380.776,2.6659733479632717,13.078690894788654
5b4bffcb-62c3-4bc0-9be5-205b0c6d3b57,a2c3d3dd-30f7-4511-8288-d5c7edc7422d,199,1788548724993803846,1788548725158934846,165,865.127,331.23,3.5339452786997914,16.211370001205385
5b4bffcb-62c3-4bc0-9be5-205b0c6d3b57,a2c3d3dd-30f7-4511-8288-d5c7edc7422d,200,1788548725204053846,1788548725469303846,265,855.917,264.589,2.9831864250534066,20.429339620154714
5b4bffcb-62c3-4bc0-9be5-205b0c6d3b57,a2c3d3dd-30f7-4511-8288-d5c7edc7422d,201,1788548725524303846,1788548726159927846,636,871.135,418.83,3.866009178569618,10.66234525643518
5b4bffcb-62c3-4bc0-9be5-205b0c6d3b57,a2c3d3dd-30f7-4511-8288-d5c7edc7422d,202,1788548726199927846,1788548727055802846,856,887.491,509.609,4.872700635490872,4.900585208830295
5b4bffcb-62c3-4bc0-9be5-205b0c6d3b57,a2c3d3dd-30f7-4511-8288-d5c7edc7422d,203,1788548727080802846,1788548727511177846,430,904.334,565.906,5.9312224207463276,1.32672748250268
5b4bffcb-62c3-4bc0-9be5-205b0c6d3b57,a2c3d3dd-30f7-4511-8288-d5c7edc7422d,204,1788548727711427846,1788548728216805846,505,926.713,473.656,7.388352059889789,7.1696002710307205
5b4bffcb-62c3-4bc0-9be5-205b0c6d3b57,a2c3d3dd-30f7-4511-8288-d5c7edc7422d,205,1788548728261928846,1788548728692301846,430,975.599,408.859,10.583118215743593,11.235129578172236
5b4bffcb-62c3-4bc0-9be5-205b0c6d3b57,a2c3d3dd-30f7-4511-8288-d5c7edc7422d,206,1788548728727301846,1788548729508051846,781,927.127,361.114,7.528426517065039,14.286801448997338
5b4bffcb-62c3-4bc0-9be5-205b0c6d3b57,a2c3d3dd-30f7-4511-8288-d5c7edc7422d,207,1788548729543051846,1788548730674176846,1131,949.306,458.179,8.841982429138882,8.13895561702283
5b4bffcb-62c3-4bc0-9be5-205b0c6d3b57,a2c3d3dd-30f7-4511-8288-d5c7edc7422d,208,1788548730714176846,1788548731099559846,385,897.526,523.864,5.506940660449877,3.994549305149481
5b4bffcb-62c3-4bc0-9be5-205b0c6d3b57,a2c3d3dd-30f7-4511-8288-d5c7edc7422d,209,1788548731134551846,1788548731339806846,205,936.036,559.782,7.944528244735661,1.7130256606235958
5b4bffcb-62c3-4bc0-9be5-205b0c6d3b57,a2c3d3dd-30f7-4511-8288-d5c7edc7422d,210,1788548731399800846,1788548732155550846,756,978.764,451.836,10.729014487660164,8.522696399052176
5b4bffcb-62c3-4bc0-9be5-205b0c6d3b57,a2c3d3dd-30f7-4511-8288-d5c7edc7422d,211,1788548732175550846,1788548733136433846,961,971.151,432.871,10.265139802790577,9.72421017408481
5b4bffcb-62c3-4bc0-9be5-205b0c6d3b57,a2c3d3dd-30f7-4511-8288-d5c7edc7422d,212,1788548733191565846,1788548733421800846,230,951.091,316.431,9.162346777293893,17.08455202309956
5b4bffcb-62c3-4bc0-9be5-205b0c6d3b57,a2c3d3dd-30f7-4511-8288-d5c7edc7422d,213,1788548733461800846,1788548734557799846,1096,974.659,430.681,10.492416878381873,9.859854521513686
5b4bffcb-62c3-4bc0-9be5-205b0c6d3b57,a2c3d3dd-30f7-4511-8288-d5c7edc7422d,214,1788548734722924846,1788548735413674846,691,998.638,504.154,11.943651033170378,5.213194756016324
5b4bffcb-62c3-4bc0-9be5-205b0c6d3b57,a2c3d3dd-30f7-4511-8288-d5c7edc7422d,215,1788548735458674846,1788548736529674846,1071,988.362,447.722,11.34669272228022,8.77569866411852
5b4bffcb-62c3-4bc0-9be5-205b0c6d3b57,a2c3d3dd-30f7-4511-8288-d5c7edc7422d,216,1788548736584674846,1788548736759923846,175,823.471,387.368,0.8095504837796971,12.664944261938176
5b4bffcb-62c3-4bc0-9be5-205b0c6d3b57,a2c3d3dd-30f7-4511-8288-d5c7edc7422d,217,1788548736789924846,1788548736940048846,150,782.071,395.774,-1.858607469954154,12.129185015146303
5b4bffcb-62c3-4bc0-9be5-205b0c6d3b57,a2c3d3dd-30f7-4511-8288-d5c7edc7422d,218,1788548736980048846,1788548737330423846,350,877.262,394.824,4.274326309548192,12.181480001809716
5b4bffcb-62c3-4bc0-9be5-205b0c6d3b57,a2c3d3dd-30f7-4511-8288-d5c7edc7422d,219,1788548737505548846,1788548737695807846,190,823.417,397.696,0.8044883970243655,12.010244066927294
5b4bffcb-62c3-4bc0-9be5-205b0c6d3b57,a2c3d3dd-30f7-4511-8288-d5c7edc7422d,220,1788548737720805846,1788548738171173846,450,790.482,409.03,-1.3147042131437343,11.290185443174677
5b4bffcb-62c3-4bc0-9be5-205b0c6d3b57,a2c3d3dd-30f7-4511-8288-d5c7edc7422d,221,1788548738206298846,1788548739277301846,1071,846.892,460.374,2.297544737738086,8.031844869190136
5b4bffcb-62c3-4bc0-9be5-205b0c6d3b57,a2c3d3dd-30f7-4511-8288-d5c7edc7422d,222,1788548739502422846,1788548740578422846,1076,829.223,442.489,1.1707012717569243,9.168692918185458
5b4bffcb-62c3-4bc0-9be5-205b0c6d3b57,a2c3d3dd-30f7-4511-8288-d5c7edc7422d,223,1788548740638547846,1788548740863797846,225,990.107,559.447,11.373829060933339,1.728897666636879
5b4bffcb-62c3-4bc0-9be5-205b0c6d3b57,a2c3d3dd-30f7-4511-8288-d5c7edc7422d,224,1788548740898797846,1788548741619422846,721,1091.26,559.088,17.77612771541591,1.7370495363831728
5b4bffcb-62c3-4bc0-9be5-205b0c6d3b57,a2c3d3dd-30f7-4511-8288-d5c7edc7422d,225,1788548741864671846,1788548742079921846,215,849.195,427.357,2.454289960571164,10.126536982821051
5b4bffcb-62c3-4bc0-9be5-205b0c6d3b57,a2c3d3dd-30f7-4511-8288-d5c7edc7422d,226,1788548742365171846,1788548742515296846,150,883.626,469.059,4.641308101028524,7.4740770951367335
5b4bffcb-62c3-4bc0-9be5-205b0c6d3b57,a2c3d3dd-30f7-4511-8288-d5c7edc7422d,227,1788548742535308846,1788548743205921846,671,827.073,448.835,1.0321591535231096,8.765991205002628
5b4bffcb-62c3-4bc0-9be5-205b0c6d3b57,a2c3d3dd-30f7-4511-8288-d5c7edc7422d,228,1788548743225921846,1788548744452170846,1226,792.962,414.142,-1.1545450303897413,10.966337270900945
5b4bffcb-62c3-4bc0-9be5-205b0c6d3b57,a2c3d3dd-30f7-4511-8288-d5c7edc7422d,229,1788548744542170846,1788548744977670846,436,906.696,547.524,6.0840322194396785,2.4925179620626925
5b4bffcb-62c3-4bc0-9be5-205b0c6d3b57,a2c3d3dd-30f7-4511-8288-d5c7edc7422d,230,1788548745007670846,1788548745172806846,165,941.477,562.79,8.289251074868764,1.5221358311770534
5b4bffcb-62c3-4bc0-9be5-205b0c6d3b57,a2c3d3dd-30f7-4511-8288-d5c7edc7422d,231,1788548745197795846,1788548745928545846,731,870.112,545.316,3.7599247741786876,2.6355711880657604
5b4bffcb-62c3-4bc0-9be5-205b0c6d3b57,a2c3d3dd-30f7-4511-8288-d5c7edc7422d,232,1788548745948555846,1788548746138670846,190,885.464,486.506,4.7514401186558635,6.366869782906648
5b4bffcb-62c3-4bc0-9be5-205b0c6d3b57,a2c3d3dd-30f7-4511-8288-d5c7edc7422d,233,1788548746168677846,1788548746303920846,135,944.704,467.3,8.540513326915967,7.5643839927262695
5b4bffcb-62c3-4bc0-9be5-205b0c6d3b57,a2c3d3dd-30f7-4511-8288-d5c7edc7422d,234,1788548746343920846,1788548747855294846,1511,869.659,491.659,3.7422061586912103,6.042699176746608
5b4bffcb-62c3-4bc0-9be5-205b0c6d3b57,a2c3d3dd-30f7-4511-8288-d5c7edc7422d,235,1788548747890294846,1788548748606044846,716,881.909,562.52,4.50745530800031,1.5425771895017657
5b4bffcb-62c3-4bc0-9be5-205b0c6d3b57,a2c3d3dd-30f7-4511-8288-d5c7edc7422d,236,1788548748641044846,1788548749461793846,821,889.414,474.832,5.008206458436818,7.10654633160562
5b4bffcb-62c3-4bc0-9be5-205b0c6d3b57,a2c3d3dd-30f7-4511-8288-d5c7edc7422d,237,1788548749511918846,1788548750447793846,936,904.161,366.671,6.035226002804737,13.950733766635386
5b4bffcb-62c3-4bc0-9be5-205b0c6d3b57,a2c3d3dd-30f7-4511-8288-d5c7edc7422d,238,1788548750482793846,1788548750863172846,380,903.462,433.315,5.930362558556374,9.733396048222144
5b4bffcb-62c3-4bc0-9be5-205b0c6d3b57,a2c3d3dd-30f7-4511-8288-d5c7edc7422d,239,1788548750893168846,1788548751638917846,746,921.593,492.318,7.050964757688277,5.989294119905071
5b4bffcb-62c3-4bc0-9be5-205b0c6d3b57,a2c3d3dd-30f7-4511-8288-d5c7edc7422d,240,1788548751668924846,1788548752895042846,1226,935.238,524.235,7.904163550780028,3.9642429913514654
5b4bffcb-62c3-4bc0-9be5-205b0c6d3b57,a2c3d3dd-30f7-4511-8288-d5c7edc7422d,241,1788548752915042846,1788548753460552846,546,940.761,444.336,8.308686088660773,9.01857563164447
5b4bffcb-62c3-4bc0-9be5-205b0c6d3b57,a2c3d3dd-30f7-4511-8288-d5c7edc7422d,242,1788548753490667846,1788548754451541846,961,943.828,355.946,8.617768343620158,14.599647882565451
5b4bffcb-62c3-4bc0-9be5-205b0c6d3b57,a2c3d3dd-30f7-4511-8288-d5c7edc7422d,243,1788548754486541846,1788548755057045846,571,956.868,427.259,9.357564505781273,10.088119339300455
5b4bffcb-62c3-4bc0-9be5-205b0c6d3b57,a2c3d3dd-30f7-4511-8288-d5c7edc7422d,244,1788548755087171846,1788548756528415846,1441,968.543,517.472,10.023272272546487,4.3836103382820095
5b4bffcb-62c3-4bc0-9be5-205b0c6d3b57,a2c3d3dd-30f7-4511-8288-d5c7edc7422d,245,1788548756573540846,1788548757099054846,526,975.795,440.119,10.553201725932336,9.26374514604487
5b4bffcb-62c3-4bc0-9be5-205b0c6d3b57,a2c3d3dd-30f7-4511-8288-d5c7edc7422d,246,1788548757124040846,1788548758430290846,1306,987.313,362.969,11.418961400424356,14.114076251907065
5b4bffcb-62c3-4bc0-9be5-205b0c6d3b57,a2c3d3dd-30f7-4511-8288-d5c7edc7422d,247,1788548758460290846,1788548759020790846,560,994.439,396.06,11.81427365746774,12.024301511342076
5b4bffcb-62c3-4bc0-9be5-205b0c6d3b57,a2c3d3dd-30f7-4511-8288-d5c7edc7422d,248,1788548759045789846,1788548759581289846,536,1001.095,438.909,12.171697355953583,9.321399959983859
5b4bffcb-62c3-4bc0-9be5-205b0c6d3b57,a2c3d3dd-30f7-4511-8288-d5c7edc7422d,249,1788548759616414846,1788548760086789846,470,1005.649,506.527,12.387058718796084,5.060710618685249
5b4bffcb-62c3-4bc0-9be5-205b0c6d3b57,a2c3d3dd-30f7-4511-8288-d5c7edc7422d,250,1788548760106789846,1788548760392164846,285,1004.369,548.953,12.281040566535962,2.3884023966845898
5b4bffcb-62c3-4bc0-9be5-205b0c6d3b57,a2c3d3dd-30f7-4511-8288-d5c7edc7422d,251,1788548760442164846,1788548760832539846,390,1010.077,462.948,12.71278444806143,7.801824888586404
5b4bffcb-62c3-4bc0-9be5-205b0c6d3b57,a2c3d3dd-30f7-4511-8288-d5c7edc7422d,252,1788548760857543846,1788548761408038846,550,1014.366,420.973,13.048567108524086,10.438181124287777
5b4bffcb-62c3-4bc0-9be5-205b0c6d3b57,a2c3d3dd-30f7-4511-8288-d5c7edc7422d,253,1788548761458163846,1788548761628288846,170,868.219,372.835,3.7052602144751794,13.577115947160316
5b4bffcb-62c3-4bc0-9be5-205b0c6d3b57,a2c3d3dd-30f7-4511-8288-d5c7edc7422d,254,1788548761663288846,1788548762073663846,410,809.354,406.84,-0.1013176532215168,11.430567293961232
5b4bffcb-62c3-4bc0-9be5-205b0c6d3b57,a2c3d3dd-30f7-4511-8288-d5c7edc7422d,255,1788548762103663846,1788548762529163846,426,810.519,467.663,-0.027392164754479257,7.570912746980765
5b4bffcb-62c3-4bc0-9be5-205b0c6d3b57,a2c3d3dd-30f7-4511-8288-d5c7edc7422d,256,1788548762559163846,1788548763149663846,590,760.679,515.401,-3.1991348513810705,4.535356608727626
5b4bffcb-62c3-4bc0-9be5-205b0c6d3b57,a2c3d3dd-30f7-4511-8288-d5c7edc7422d,257,1788548763184792846,1788548763394913846,210,758.44,535.273,-3.3385186325670615,3.27322572130281
5b4bffcb-62c3-4bc0-9be5-205b0c6d3b57,a2c3d3dd-30f7-4511-8288-d5c7edc7422d,258,1788548763555037846,1788548763705301846,150,776.752,471.696,-2.182980820274766,7.3123316362350765
5b4bffcb-62c3-4bc0-9be5-205b0c6d3b57,a2c3d3dd-30f7-4511-8288-d5c7edc7422d,259,1788548763725287846,1788548767628911846,3904,760.286,465.621,-3.235463602305343,7.695177009529532
5b4bffcb-62c3-4bc0-9be5-205b0c6d3b57,a2c3d3dd-30f7-4511-8288-d5c7edc7422d,260,1788548767819047846,1788548768384660846,566,799.701,413.164,-0.7216736653152911,11.029028731866102
5b4bffcb-62c3-4bc0-9be5-205b0c6d3b57,a2c3d3dd-30f7-4511-8288-d5c7edc7422d,261,1788548768414660846,1788548768760035846,345,803.308,474.6,-0.48770945741544813,7.130167610767068
5b4bffcb-62c3-4bc0-9be5-205b0c6d3b57,a2c3d3dd-30f7-4511-8288-d5c7edc7422d,262,1788548768825035846,1788548769055285846,230,659.96,460.843,-9.636469410939897,7.959290708531727
5b4bffcb-62c3-4bc0-9be5-205b0c6d3b57,a2c3d3dd-30f7-4511-8288-d5c7edc7422d,263,1788548769110285846,1788548769580785846,470,843.638,429.152,2.097291980700421,10.013492747128572
5b4bffcb-62c3-4bc0-9be5-205b0c6d3b57,a2c3d3dd-30f7-4511-8288-d5c7edc7422d,264,1788548769780913846,1788548770071160846,290,876.018,448.246,4.164432930701049,8.796036412113974
5b4bffcb-62c3-4bc0-9be5-205b0c6d3b57,a2c3d3dd-30f7-4511-8288-d5c7edc7422d,265,1788548770096285846,1788548770316409846,220,898.815,473.64,5.608624891227094,7.179637416878204
5b4bffcb-62c3-4bc0-9be5-205b0c6d3b57,a2c3d3dd-30f7-4511-8288-d5c7edc7422d,266,1788548770336421846,1788548770646784846,310,911.722,455.772,6.4432286327973936,8.30774318736014
5b4bffcb-62c3-4bc0-9be5-205b0c6d3b57,a2c3d3dd-30f7-4511-8288-d5c7edc7422d,267,1788548770701784846,1788548770942034846,240,763.095,426.103,-3.068511906910209,10.202343900183006
5b4bffcb-62c3-4bc0-9be5-205b0c6d3b57,a2c3d3dd-30f7-4511-8288-d5c7edc7422d,268,1788548770987040846,1788548771227284846,240,660.135,356.929,-9.762900026689442,14.51232589772102
5b4bffcb-62c3-4bc0-9be5-205b0c6d3b57,a2c3d3dd-30f7-4511-8288-d5c7edc7422d,269,1788548771287415846,1788548771517534846,230,847.521,420.586,2.349052211548868,10.556219213271156
5b4bffcb-62c3-4bc0-9be5-205b0c6d3b57,a2c3d3dd-30f7-4511-8288-d5c7edc7422d,270,1788548771547659846,1788548771892909846,345,792.555,407.911,-1.181598300824888,11.361419891135386
5b4bffcb-62c3-4bc0-9be5-205b0c6d3b57,a2c3d3dd-30f7-4511-8288-d5c7edc7422d,271,1788548771922913846,1788548772158159846,235,820.468,456.925,0.608873235653527,8.252673443442582
5b4bffcb-62c3-4bc0-9be5-205b0c6d3b57,a2c3d3dd-30f7-4511-8288-d5c7edc7422d,272,1788548772188159846,1788548772788787846,601,825.718,515.017,0.9395430869286098,4.562703223667518
5b4bffcb-62c3-4bc0-9be5-205b0c6d3b57,a2c3d3dd-30f7-4511-8288-d5c7edc7422d,273,1788548772818783846,1788548774075033846,1256,852.582,530.962,2.647224928942332,3.5484431932956246
5b4bffcb-62c3-4bc0-9be5-205b0c6d3b57,a2c3d3dd-30f7-4511-8288-d5c7edc7422d,274,1788548774135033846,1788548775241032846,1106,858.613,372.073,3.084576209071741,13.628321761849872
5b4bffcb-62c3-4bc0-9be5-205b0c6d3b57,a2c3d3dd-30f7-4511-8288-d5c7edc7422d,275,1788548775361157846,1788548776437167846,1076,877.522,314.526,4.357675044534637,17.262417733442675
5b4bffcb-62c3-4bc0-9be5-205b0c6d3b57,a2c3d3dd-30f7-4511-8288-d5c7edc7422d,276,1788548776472282846,1788548776862656846,390,891.878,385.754,5.223395071027888,12.749826960180968
5b4bffcb-62c3-4bc0-9be5-205b0c6d3b57,a2c3d3dd-30f7-4511-8288-d5c7edc7422d,277,1788548777117782846,1788548777273031846,155,891.239,440.223,5.142894338904847,9.300233630689503
5b4bffcb-62c3-4bc0-9be5-205b0c6d3b57,a2c3d3dd-30f7-4511-8288-d5c7edc7422d,278,1788548777513156846,1788548777713406846,200,903.608,537.232,5.890116664181141,3.1456530214495535
5b4bffcb-62c3-4bc0-9be5-205b0c6d3b57,a2c3d3dd-30f7-4511-8288-d5c7edc7422d,279,1788548777728406846,1788548778674281846,946,922.743,533.507,7.10700621938443,3.3791495351539855
5b4bffcb-62c3-4bc0-9be5-205b0c6d3b57,a2c3d3dd-30f7-4511-8288-d5c7edc7422d,280,1788548778699281846,1788548780120655846,1421,927.614,577.666,7.4078253260518885,0.5805965522304017
5b4bffcb-62c3-4bc0-9be5-205b0c6d3b57,a2c3d3dd-30f7-4511-8288-d5c7edc7422d,281,1788548780190780846,1788548781341779846,1151,929.238,430.42,7.584192981062813,9.904725714866217
5b4bffcb-62c3-4bc0-9be5-205b0c6d3b57,a2c3d3dd-30f7-4511-8288-d5c7edc7422d,282,1788548781386904846,1788548782047532846,661,975.532,364.977,10.653403092065538,14.000244097442952
5b4bffcb-62c3-4bc0-9be5-205b0c6d3b57,a2c3d3dd-30f7-4511-8288-d5c7edc7422d,283,1788548782092529846,1788548784780028846,2687,962.602,485.888,9.666403577152495,6.381436974207043
5b4bffcb-62c3-4bc0-9be5-205b0c6d3b57,a2c3d3dd-30f7-4511-8288-d5c7edc7422d,284,1788548784800028846,1788548786231402846,1431,977.421,464.352,10.629756817667317,7.73391824795711
5b4bffcb-62c3-4bc0-9be5-205b0c6d3b57,a2c3d3dd-30f7-4511-8288-d5c7edc7422d,285,1788548786286402846,1788548786426536846,140,818.586,414.067,0.49180705806037955,10.972337712825707
5b4bffcb-62c3-4bc0-9be5-205b0c6d3b57,a2c3d3dd-30f7-4511-8288-d5c7edc7422d,286,1788548786461652846,1788548786857027846,395,751.475,421.643,-3.8155344730809615,10.481825541109561
5b4bffcb-62c3-4bc0-9be5-205b0c6d3b57,a2c3d3dd-30f7-4511-8288-d5c7edc7422d,287,1788548787017152846,1788548787382529846,365,763.879,422.309,-3.019620941699942,10.443107132827185
5b4bffcb-62c3-4bc0-9be5-205b0c6d3b57,a2c3d3dd-30f7-4511-8288-d5c7edc7422d,288,1788548787437527846,1788548787852901846,415,656.893,455.696,-9.836755837036401,8.282348716340636
5b4bffcb-62c3-4bc0-9be5-205b0c6d3b57,a2c3d3dd-30f7-4511-8288-d5c7edc7422d,289,1788548787903030846,1788548790795660846,2893,836.716,455.305,1.6480494878217162,8.354643936497865
5b4bffcb-62c3-4bc0-9be5-205b0c6d3b57,a2c3d3dd-30f7-4511-8288-d5c7edc7422d,290,1788548791081025846,1788548791466275846,385,812.561,474.467,0.10288601041882879,7.138873394696771
5b4bffcb-62c3-4bc0-9be5-205b0c6d3b57,a2c3d3dd-30f7-4511-8288-d5c7edc7422d,291,1788548791501399846,1788548791891774846,390,871.557,507.493,3.8589278154533138,5.037192752836233
5b4bffcb-62c3-4bc0-9be5-205b0c6d3b57,a2c3d3dd-30f7-4511-8288-d5c7edc7422d,292,1788548791931774846,1788548792101899846,170,812.877,434.264,0.1242766845375959,9.69105806160875
5b4bffcb-62c3-4bc0-9be5-205b0c6d3b57,a2c3d3dd-30f7-4511-8288-d5c7edc7422d,293,1788548792147024846,1788548792372149846,225,709.687,423.831,-6.492844045540761,10.326006012400883
5b4bffcb-62c3-4bc0-9be5-205b0c6d3b57,a2c3d3dd-30f7-4511-8288-d5c7edc7422d,294,1788548792417274846,1788548793463152846,1046,823.17,416.623,0.7860976011859664,10.810061018348355
5b4bffcb-62c3-4bc0-9be5-205b0c6d3b57,a2c3d3dd-30f7-4511-8288-d5c7edc7422d,295,1788548793508273846,1788548793658402846,150,727.373,437.374,-5.351173549458536,9.476550115695659
5b4bffcb-62c3-4bc0-9be5-205b0c6d3b57,a2c3d3dd-30f7-4511-8288-d5c7edc7422d,296,1788548793693406846,1788548793903648846,210,764.421,405.272,-2.9912829102225484,11.523144082087596
5b4bffcb-62c3-4bc0-9be5-205b0c6d3b57,a2c3d3dd-30f7-4511-8288-d5c7edc7422d,297,1788548793928648846,1788548794389023846,460,718.566,402.574,-5.940481817817061,11.675575211043627
5b4bffcb-62c3-4bc0-9be5-205b0c6d3b57,a2c3d3dd-30f7-4511-8288-d5c7edc7422d,298,1788548794444148846,1788548794719398846,275,845.808,436.998,2.2342093738361792,9.515453533992934
5b4bffcb-62c3-4bc0-9be5-205b0c6d3b57,a2c3d3dd-30f7-4511-8288-d5c7edc7422d,299,1788548794769399846,1788548795039648846,270,893.08,399.963,5.289145207930052,11.849814290864439
5b4bffcb-62c3-4bc0-9be5-205b0c6d3b57,a2c3d3dd-30f7-4511-8288-d5c7edc7422d,300,1788548795064786846,1788548795234898846,170,852.878,383.58,2.7082785569124477,12.900927623403259
5b4bffcb-62c3-4bc0-9be5-205b0c6d3b57,a2c3d3dd-30f7-4511-8288-d5c7edc7422d,301,1788548795269897846,1788548796661272846,1391,843.772,454.955,2.099351719358317,8.376197324415827
5b4bffcb-62c3-4bc0-9be5-205b0c6d3b57,a2c3d3dd-30f7-4511-8288-d5c7edc7422d,302,1788548796701272846,1788548797271772846,570,865.919,543.723,3.4936373543694423,2.736989808231892
5b4bffcb-62c3-4bc0-9be5-205b0c6d3b57,a2c3d3dd-30f7-4511-8288-d5c7edc7422d,303,1788548797301772846,1788548798117646846,816,873.978,466.92,4.026069808460545,7.6119779593214
5b4bffcb-62c3-4bc0-9be5-205b0c6d3b57,a2c3d3dd-30f7-4511-8288-d5c7edc7422d,304,1788548798147646846,1788548799268646846,1121,885.164,366.693,4.805950405522945,13.959157226092831
5b4bffcb-62c3-4bc0-9be5-205b0c6d3b57,a2c3d3dd-30f7-4511-8288-d5c7edc7422d,305,1788548799293645846,1788548799704020846,410,889.732,422.58,5.057475970640043,10.418729374769033
5b4bffcb-62c3-4bc0-9be5-205b0c6d3b57,a2c3d3dd-30f7-4511-8288-d5c7edc7422d,306,1788548799729145846,1788548800204520846,475,897.778,471.024,5.543780746928722,7.345803053571935
5b4bffcb-62c3-4bc0-9be5-205b0c6d3b57,a2c3d3dd-30f7-4511-8288-d5c7edc7422d,307,1788548800229520846,1788548801150394846,921,912.149,544.817,6.4310062049009025,2.6636432377873165
5b4bffcb-62c3-4bc0-9be5-205b0c6d3b57,a2c3d3dd-30f7-4511-8288-d5c7edc7422d,308,1788548801165394846,1788548801425644846,260,928.596,530.493,7.479807615143402,3.5691687028172945
5b4bffcb-62c3-4bc0-9be5-205b0c6d3b57,a2c3d3dd-30f7-4511-8288-d5c7edc7422d,309,1788548801445769846,1788548801926150846,480,918.467,487.354,6.854488374029253,6.304736124397627
5b4bffcb-62c3-4bc0-9be5-205b0c6d3b57,a2c3d3dd-30f7-4511-8288-d5c7edc7422d,310,1788548802056269846,1788548802401644846,345,925.306,416.707,7.345318062449961,10.774205432078777
5b4bffcb-62c3-4bc0-9be5-205b0c6d3b57,a2c3d3dd-30f7-4511-8288-d5c7edc7422d,311,1788548802431644846,1788548803537643846,1106,935.757,372.089,8.071298495645987,13.58718267072393
5b4bffcb-62c3-4bc0-9be5-205b0c6d3b57,a2c3d3dd-30f7-4511-8288-d5c7edc7422d,312,1788548803562768846,1788548804408518846,846,949.469,450.565,8.859405548443931,8.620143582589138
5b4bffcb-62c3-4bc0-9be5-205b0c6d3b57,a2c3d3dd-30f7-4511-8288-d5c7edc7422d,313,1788548804443518846,1788548805094144846,651,951.872,523.033,8.961541945482626,4.036497987687333
5b4bffcb-62c3-4bc0-9be5-205b0c6d3b57,a2c3d3dd-30f7-4511-8288-d5c7edc7422d,314,1788548805124147846,1788548805564653846,441,966.062,471.393,9.898880050682056,7.295482896840394
5b4bffcb-62c3-4bc0-9be5-205b0c6d3b57,a2c3d3dd-30f7-4511-8288-d5c7edc7422d,315,1788548805584642846,1788548806380397846,796,962.951,422.406,9.753250069222641,10.39035498863231
5b4bffcb-62c3-4bc0-9be5-205b0c6d3b57,a2c3d3dd-30f7-4511-8288-d5c7edc7422d,316,1788548806410392846,1788548808052095846,1642,978.771,385.339,10.825148827889288,12.714435870030686
5b4bffcb-62c3-4bc0-9be5-205b0c6d3b57,a2c3d3dd-30f7-4511-8288-d5c7edc7422d,317,1788548808072095846,1788548808397470846,325,983.355,452.389,11.021392705919999,8.484854245044158
5b4bffcb-62c3-4bc0-9be5-205b0c6d3b57,a2c3d3dd-30f7-4511-8288-d5c7edc7422d,318,1788548808427470846,1788548809153220846,726,994.136,494.587,11.66540005331269,5.8182020544776565
5b4bffcb-62c3-4bc0-9be5-205b0c6d3b57,a2c3d3dd-30f7-4511-8288-d5c7edc7422d,319,1788548809168220846,1788548809488470846,320,1001.373,459.384,12.162435031897482,8.032097985150305
5b4bffcb-62c3-4bc0-9be5-205b0c6d3b57,a2c3d3dd-30f7-4511-8288-d5c7edc7422d,320,1788548809513474846,1788548810154095846,641,1000.107,415.206,12.144971678834992,10.814082168075075
5b4bffcb-62c3-4bc0-9be5-205b0c6d3b57,a2c3d3dd-30f7-4511-8288-d5c7edc7422d,321,1788548810204224846,1788548810349345846,145,856.519,366.521,2.9520897586977557,13.980517544886487
5b4bffcb-62c3-4bc0-9be5-205b0c6d3b57,a2c3d3dd-30f7-4511-8288-d5c7edc7422d,322,1788548810384345846,1788548811315220846,931,796.414,388.971,-0.9355806107029695,12.562518872580828
5b4bffcb-62c3-4bc0-9be5-205b0c6d3b57,a2c3d3dd-30f7-4511-8288-d5c7edc7422d,323,1788548811360221846,1788548811715595846,355,684.797,419.725,-8.09080919687529,10.571311381624003
5b4bffcb-62c3-4bc0-9be5-205b0c6d3b57,a2c3d3dd-30f7-4511-8288-d5c7edc7422d,324,1788548811915720846,1788548816334971846,4419,851.818,448.236,2.6158490738868436,8.801541031124003
5b4bffcb-62c3-4bc0-9be5-205b0c6d3b57,a2c3d3dd-30f7-4511-8288-d5c7edc7422d,325,1788548816530095846,1788548819733097846,3203,867.609,439.326,3.630103557153568,9.363760301322898
5b4bffcb-62c3-4bc0-9be5-205b0c6d3b57,a2c3d3dd-30f7-4511-8288-d5c7edc7422d,326,1788548819773219846,1788548820043470846,270,852.679,383.951,2.695215241404821,12.877472047350372
5b4bffcb-62c3-4bc0-9be5-205b0c6d3b57,a2c3d3dd-30f7-4511-8288-d5c7edc7422d,327,1788548820078469846,1788548820263594846,185,903.378,384.401,5.966419561986835,12.829762591897286
5b4bffcb-62c3-4bc0-9be5-205b0c6d3b57,a2c3d3dd-30f7-4511-8288-d5c7edc7422d,328,1788548820298719846,1788548820403719846,105,880.224,431.496,4.442237124805698,9.856853543771313
5b4bffcb-62c3-4bc0-9be5-205b0c6d3b57,a2c3d3dd-30f7-4511-8288-d5c7edc7422d,329,1788548820638984846,1788548824042219846,3403,882.006,440.529,4.551511869078174,9.283737005707316
5b4bffcb-62c3-4bc0-9be5-205b0c6d3b57,a2c3d3dd-30f7-4511-8288-d5c7edc7422d,330,1788548824072220846,1788548824707844846,636,919.414,514.501,6.902035987893753,4.58424788774961
5b4bffcb-62c3-4bc0-9be5-205b0c6d3b57,a2c3d3dd-30f7-4511-8288-d5c7edc7422d,331,1788548824782844846,1788548825253344846,470,927.509,531.835,7.4103381782111075,3.4842937397701017
5b4bffcb-62c3-4bc0-9be5-205b0c6d3b57,a2c3d3dd-30f7-4511-8288-d5c7edc7422d,332,1788548825273352846,1788548825628729846,355,905.126,495.655,6.000571832092392,5.782168879201297
5b4bffcb-62c3-4bc0-9be5-205b0c6d3b57,a2c3d3dd-30f7-4511-8288-d5c7edc7422d,333,1788548825698719846,1788548826244219846,546,933.398,329.196,7.984563480341071,16.29671465926194
5b4bffcb-62c3-4bc0-9be5-205b0c6d3b57,a2c3d3dd-30f7-4511-8288-d5c7edc7422d,334,1788548826434469846,1788548826674719846,240,923.678,419.061,7.238577676672784,10.626174281188703
5b4bffcb-62c3-4bc0-9be5-205b0c6d3b57,a2c3d3dd-30f7-4511-8288-d5c7edc7422d,335,1788548826704719846,1788548827410353846,706,948.912,378.223,8.911831642323367,13.18955051007312
5b4bffcb-62c3-4bc0-9be5-205b0c6d3b57,a2c3d3dd-30f7-4511-8288-d5c7edc7422d,336,1788548827600603846,1788548828115973846,515,939.434,342.527,8.354748768857185,15.450190334019556
5b4bffcb-62c3-4bc0-9be5-205b0c6d3b57,a2c3d3dd-30f7-4511-8288-d5c7edc7422d,337,1788548828151094846,1788548828261105846,110,945.881,410.0,8.67368104037355,11.185473338554745
5b4bffcb-62c3-4bc0-9be5-205b0c6d3b57,a2c3d3dd-30f7-4511-8288-d5c7edc7422d,338,1788548828571469846,1788548829076975846,506,934.215,445.269,7.8892213999309515,8.962865217693404
5b4bffcb-62c3-4bc0-9be5-205b0c6d3b57,a2c3d3dd-30f7-4511-8288-d5c7edc7422d,339,1788548829111969846,1788548829877719846,766,950.101,518.096,8.851325200630644,4.349259471226776
5b4bffcb-62c3-4bc0-9be5-205b0c6d3b57,a2c3d3dd-30f7-4511-8288-d5c7edc7422d,340,1788548830037860846,1788548830398219846,360,950.783,540.715,8.885371282391588,2.918130353830227
5b4bffcb-62c3-4bc0-9be5-205b0c6d3b57,a2c3d3dd-30f7-4511-8288-d5c7edc7422d,341,1788548830423219846,1788548831614348846,1191,959.185,539.129,9.419221272960671,3.0169168038945813
5b4bffcb-62c3-4bc0-9be5-205b0c6d3b57,a2c3d3dd-30f7-4511-8288-d5c7edc7422d,342,1788548831634344846,1788548832019719846,385,968.197,470.352,10.03592887360736,7.3601917016756335
5b4bffcb-62c3-4bc0-9be5-205b0c6d3b57,a2c3d3dd-30f7-4511-8288-d5c7edc7422d,343,1788548832079719846,1788548833270844846,1191,974.212,396.788,10.512640988194118,11.997188918449773
5b4bffcb-62c3-4bc0-9be5-205b0c6d3b57,a2c3d3dd-30f7-4511-8288-d5c7edc7422d,344,1788548833305844846,1788548833671219846,365,966.06,347.47,10.07406902494002,15.112841904131459
5b4bffcb-62c3-4bc0-9be5-205b0c6d3b57,a2c3d3dd-30f7-4511-8288-d5c7edc7422d,345,1788548833836344846,1788548834176719846,340,993.703,440.458,11.697291318854893,9.229590440226177
5b4bffcb-62c3-4bc0-9be5-205b0c6d3b57,a2c3d3dd-30f7-4511-8288-d5c7edc7422d,346,1788548834196721846,1788548834947469846,751,1004.047,460.368,12.331684748209181,7.968320276305649
5b4bffcb-62c3-4bc0-9be5-205b0c6d3b57,a2c3d3dd-30f7-4511-8288-d5c7edc7422d,347,1788548834987469846,1788548836303719846,1316,1008.761,555.367,12.557077973963006,1.9836675382568587
5b4bffcb-62c3-4bc0-9be5-205b0c6d3b57,a2c3d3dd-30f7-4511-8288-d5c7edc7422d,348,1788548836343719846,1788548836829223846,486,937.453,523.55,8.045207636153632,4.007103622733129
5b4bffcb-62c3-4bc0-9be5-205b0c6d3b57,a2c3d3dd-30f7-4511-8288-d5c7edc7422d,349,1788548836869229846,1788548837990348846,1121,1008.247,448.664,12.614761529932954,8.701984898265472
5b4bffcb-62c3-4bc0-9be5-205b0c6d3b57,a2c3d3dd-30f7-4511-8288-d5c7edc7422d,350,1788548838050348846,1788548838160468846,110,854.06,404.531,2.775242469345137,11.572963501177295
5b4bffcb-62c3-4bc0-9be5-205b0c6d3b57,a2c3d3dd-30f7-4511-8288-d5c7edc7422d,351,1788548838410718846,1788548839101344846,691,894.693,537.869,5.323433236932813,3.106285634983063
5b4bffcb-62c3-4bc0-9be5-205b0c6d3b57,a2c3d3dd-30f7-4511-8288-d5c7edc7422d,352,1788548839146343846,1788548839491718846,345,762.082,510.082,-3.1107847942230964,4.873208402553191
5b4bffcb-62c3-4bc0-9be5-205b0c6d3b57,a2c3d3dd-30f7-4511-8288-d5c7edc7422d,353,1788548839596843846,1788548839771972846,175,854.846,421.685,2.818918869800537,10.485226960273476
5b4bffcb-62c3-4bc0-9be5-205b0c6d3b57,a2c3d3dd-30f7-4511-8288-d5c7edc7422d,354,1788548839811981846,1788548842509593846,2698,818.27,523.099,0.46525676368763186,4.049221807771949
5b4bffcb-62c3-4bc0-9be5-205b0c6d3b57,a2c3d3dd-30f7-4511-8288-d5c7edc7422d,355,1788548842554598846,1788548843545593846,991,911.723,533.157,6.4068327651512185,3.403053572729087
5b4bffcb-62c3-4bc0-9be5-205b0c6d3b57,a2c3d3dd-30f7-4511-8288-d5c7edc7422d,356,1788548843590593846,1788548844866722846,1276,870.355,411.485,3.8198056666579467,11.128125800651256
5b4bffcb-62c3-4bc0-9be5-205b0c6d3b57,a2c3d3dd-30f7-4511-8288-d5c7edc7422d,357,1788548845071968846,1788548845262093846,190,938.563,516.167,8.118924113746862,4.4743156496805465
5b4bffcb-62c3-4bc0-9be5-205b0c6d3b57,a2c3d3dd-30f7-4511-8288-d5c7edc7422d,358,1788548845307218846,1788548845792593846,485,872.463,409.302,3.956510439766746,11.265835771597711
5b4bffcb-62c3-4bc0-9be5-205b0c6d3b57,a2c3d3dd-30f7-4511-8288-d5c7edc7422d,359,1788548845822718846,1788548845992843846,170,832.906,384.829,1.4187877117672747,12.825109344477623
5b4bffcb-62c3-4bc0-9be5-205b0c6d3b57,a2c3d3dd-30f7-4511-8288-d5c7edc7422d,360,1788548846017843846,1788548846573343846,556,876.257,372.27,4.225330709391144,13.609984465620515
5b4bffcb-62c3-4bc0-9be5-205b0c6d3b57,a2c3d3dd-30f7-4511-8288-d5c7edc7422d,361,1788548846608468846,1788548846833593846,225,813.847,377.467,0.18925881095935315,13.292572299122241
5b4bffcb-62c3-4bc0-9be5-205b0c6d3b57,a2c3d3dd-30f7-4511-8288-d5c7edc7422d,362,1788548846868718846,1788548847699476846,831,805.805,451.357,-0.3286861213893044,8.606020821986585
5b4bffcb-62c3-4bc0-9be5-205b0c6d3b57,a2c3d3dd-30f7-4511-8288-d5c7edc7422d,363,1788548847729468846,1788548848084843846,355,827.286,500.156,1.0404874448424317,5.506852696978784
5b4bffcb-62c3-4bc0-9be5-205b0c6d3b57,a2c3d3dd-30f7-4511-8288-d5c7edc7422d,364,1788548848249968846,1788548849526102846,1276,844.212,532.29,2.114800545077259,3.4644830198494523
5b4bffcb-62c3-4bc0-9be5-205b0c6d3b57,a2c3d3dd-30f7-4511-8288-d5c7edc7422d,365,1788548849556218846,1788548850156718846,600,842.363,568.643,1.9949409958416653,1.1545597673153853
5b4bffcb-62c3-4bc0-9be5-205b0c6d3b57,a2c3d3dd-30f7-4511-8288-d5c7edc7422d,366,1788548850186843846,1788548851142730846,956,860.18,505.369,3.134956812834577,5.173417820684284
5b4bffcb-62c3-4bc0-9be5-205b0c6d3b57,a2c3d3dd-30f7-4511-8288-d5c7edc7422d,367,1788548851207730846,1788548852548967846,1341,1037.42,500.553,14.409227064743337,5.421333860418242
5b4bffcb-62c3-4bc0-9be5-205b0c6d3b57,a2c3d3dd-30f7-4511-8288-d5c7edc7422d,368,1788548852589092846,1788548852744217846,155,910.489,521.529,6.331924184813827,4.140484546610728
5b4bffcb-62c3-4bc0-9be5-205b0c6d3b57,a2c3d3dd-30f7-4511-8288-d5c7edc7422d,369,1788548852939342846,1788548853655092846,716,895.049,354.461,5.457925828040712,14.727974595662694
5b4bffcb-62c3-4bc0-9be5-205b0c6d3b57,a2c3d3dd-30f7-4511-8288-d5c7edc7422d,370,1788548853695092846,1788548854095467846,400,847.174,281.581,2.3930119258621283,19.357742576183174
5b4bffcb-62c3-4bc0-9be5-205b0c6d3b57,a2c3d3dd-30f7-4511-8288-d5c7edc7422d,371,1788548854120467846,1788548854355717846,235,807.38,254.0,-0.22991280519029852,21.106545146864363
5b4bffcb-62c3-4bc0-9be5-205b0c6d3b57,a2c3d3dd-30f7-4511-8288-d5c7edc7422d,372,1788548854405717846,1788548854660981846,255,931.142,316.174,7.859937082102597,17.120473677424194
5b4bffcb-62c3-4bc0-9be5-205b0c6d3b57,a2c3d3dd-30f7-4511-8288-d5c7edc7422d,373,1788548854731099846,1788548855096467846,365,877.554,524.8,4.236558709586985,3.9376569057326916
5b4bffcb-62c3-4bc0-9be5-205b0c6d3b57,a2c3d3dd-30f7-4511-8288-d5c7edc7422d,374,1788548855126467846,1788548856367594846,1241,923.585,516.018,7.166712429318777,4.487236988924104
5b4bffcb-62c3-4bc0-9be5-205b0c6d3b57,a2c3d3dd-30f7-4511-8288-d5c7edc7422d,375,1788548856582842846,1788548857528717846,946,966.169,464.849,9.911762545753746,7.708743908143761
5b4bffcb-62c3-4bc0-9be5-205b0c6d3b57,a2c3d3dd-30f7-4511-8288-d5c7edc7422d,376,1788548857924092846,1788548858369467846,445,165.855,767.912,-41.33122666527579,-10.468092511836002
5b4bffcb-62c3-4bc0-9be5-205b0c6d3b57,a2c3d3dd-30f7-4511-8288-d5c7edc7422d,377,1788548858564717846,1788548859065092846,500,1003.899,520.052,12.2662546315704,4.2094310033338775
5b4bffcb-62c3-4bc0-9be5-205b0c6d3b57,a2c3d3dd-30f7-4511-8288-d5c7edc7422d,378,1788548859105217846,1788548859915967846,811,936.216,492.827,7.981826327916988,5.952548554732359
5b4bffcb-62c3-4bc0-9be5-205b0c6d3b57,a2c3d3dd-30f7-4511-8288-d5c7edc7422d,379,1788548859975967846,1788548860196217846,220,1034.698,416.706,14.358109657764205,10.685872916492617
5b4bffcb-62c3-4bc0-9be5-205b0c6d3b57,a2c3d3dd-30f7-4511-8288-d5c7edc7422d,380,1788548860396342846,1788548860616592846,220,1609.691,492.75,51.324334892892516,5.341333209463459
5b4bffcb-62c3-4bc0-9be5-205b0c6d3b57,a2c3d3dd-30f7-4511-8288-d5c7edc7422d,381,1788548860786721846,1788548860971967846,185,1012.571,423.201,12.929915342161214,10.29980869528153
5b4bffcb-62c3-4bc0-9be5-205b0c6d3b57,a2c3d3dd-30f7-4511-8288-d5c7edc7422d,382,1788548860996967846,1788548861592467846,596,1047.126,424.235,15.138644099472987,10.200781436303668
5b4bffcb-62c3-4bc0-9be5-205b0c6d3b57,a2c3d3dd-30f7-4511-8288-d5c7edc7422d,383,1788548861647592846,1788548861922842846,275,882.378,495.008,4.551724392514652,5.8280043028651285
5b4bffcb-62c3-4bc0-9be5-205b0c6d3b57,a2c3d3dd-30f7-4511-8288-d5c7edc7422d,384,1788548861957847846,1788548863449217846,1491,814.252,480.898,0.2106095886718977,6.730443005466976
5b4bffcb-62c3-4bc0-9be5-205b0c6d3b57,a2c3d3dd-30f7-4511-8288-d5c7edc7422d,385,1788548863504341846,1788548864365091846,861,887.669,411.221,4.93275375061768,11.13904240456369
5b4bffcb-62c3-4bc0-9be5-205b0c6d3b57,a2c3d3dd-30f7-4511-8288-d5c7edc7422d,386,1788548864550341846,1788548864795591846,245,688.588,469.304,-7.8062929135270505,7.438953480320425
5b4bffcb-62c3-4bc0-9be5-205b0c6d3b57,a2c3d3dd-30f7-4511-8288-d5c7edc7422d,387,1788548864860591846,1788548865170841846,310,864.575,290.436,3.531729643398543,18.791589394508737
5b4bffcb-62c3-4bc0-9be5-205b0c6d3b57,a2c3d3dd-30f7-4511-8288-d5c7edc7422d,388,1788548865210971846,1788548865931591846,721,790.532,254.999,-1.3479566372735452,21.04066639683342
5b4bffcb-62c3-4bc0-9be5-205b0c6d3b57,a2c3d3dd-30f7-4511-8288-d5c7edc7422d,389,1788548866126841846,1788548869374841846,3248,867.658,442.273,3.631927131320245,9.176856011375165
5b4bffcb-62c3-4bc0-9be5-205b0c6d3b57,a2c3d3dd-30f7-4511-8288-d5c7edc7422d,390,1788548869414841846,1788548869564966846,150,774.946,405.509,-2.3144139903487666,11.510699297472636
5b4bffcb-62c3-4bc0-9be5-205b0c6d3b57,a2c3d3dd-30f7-4511-8288-d5c7edc7422d,391,1788548869605091846,1788548873583840846,3979,859.428,424.588,3.1118426957604237,10.300240082330047
5b4bffcb-62c3-4bc0-9be5-205b0c6d3b57,a2c3d3dd-30f7-4511-8288-d5c7edc7422d,392,1788548873613840846,1788548875150215846,1536,879.035,486.454,4.341592068177461,6.371480869520316
5b4bffcb-62c3-4bc0-9be5-205b0c6d3b57,a2c3d3dd-30f7-4511-8288-d5c7edc7422d,393,1788548875170340846,1788548875585715846,415,883.141,433.293,4.6282500756558225,9.742067644128781
5b4bffcb-62c3-4bc0-9be5-205b0c6d3b57,a2c3d3dd-30f7-4511-8288-d5c7edc7422d,394,1788548875620715846,1788548876821840846,1201,888.129,358.88,5.005006315226306,14.452118765580625
5b4bffcb-62c3-4bc0-9be5-205b0c6d3b57,a2c3d3dd-30f7-4511-8288-d5c7edc7422d,395,1788548876851840846,1788548877902840846,1051,908.145,455.402,6.214895344274676,8.332496553258428
5b4bffcb-62c3-4bc0-9be5-205b0c6d3b57,a2c3d3dd-30f7-4511-8288-d5c7edc7422d,396,1788548877932840846,1788548878628590846,696,920.614,532.269,6.972084213415532,3.457950571924887
5b4bffcb-62c3-4bc0-9be5-205b0c6d3b57,a2c3d3dd-30f7-4511-8288-d5c7edc7422d,397,1788548878658590846,1788548879629465846,971,921.234,440.786,7.06264300596532,9.252731066427202
5b4bffcb-62c3-4bc0-9be5-205b0c6d3b57,a2c3d3dd-30f7-4511-8288-d5c7edc7422d,398,1788548879644465846,1788548879909715846,265,930.772,366.511,7.756842880188746,13.94318680531296
5b4bffcb-62c3-4bc0-9be5-205b0c6d3b57,a2c3d3dd-30f7-4511-8288-d5c7edc7422d,399,1788548879929715846,1788548880615464846,686,939.374,332.663,8.367685723089407,16.072583510862465
5b4bffcb-62c3-4bc0-9be5-205b0c6d3b57,a2c3d3dd-30f7-4511-8288-d5c7edc7422d,400,1788548880645465846,1788548881135965846,490,946.384,392.627,8.72834427990377,12.282318260939327
5b4bffcb-62c3-4bc0-9be5-205b0c6d3b57,a2c3d3dd-30f7-4511-8288-d5c7edc7422d,401,1788548881165965846,1788548881876590846,711,967.304,456.755,9.992168006282473,8.219198268012157
5b4bffcb-62c3-4bc0-9be5-205b0c6d3b57,a2c3d3dd-30f7-4511-8288-d5c7edc7422d,402,1788548881896590846,1788548882652339846,756,968.702,497.831,10.04573192656339,5.624351815225957
5b4bffcb-62c3-4bc0-9be5-205b0c6d3b57,a2c3d3dd-30f7-4511-8288-d5c7edc7422d,403,1788548882677339846,1788548883458089846,781,968.146,445.334,10.058222052375648,8.939723068345593
5b4bffcb-62c3-4bc0-9be5-205b0c6d3b57,a2c3d3dd-30f7-4511-8288-d5c7edc7422d,404,1788548883473089846,1788548884003589846,530,972.03,381.498,10.397459046438419,12.962798700304749
5b4bffcb-62c3-4bc0-9be5-205b0c6d3b57,a2c3d3dd-30f7-4511-8288-d5c7edc7422d,405,1788548884023589846,1788548884619214846,596,974.254,343.536,10.613661500084236,15.35178823266243
5b4bffcb-62c3-4bc0-9be5-205b0c6d3b57,a2c3d3dd-30f7-4511-8288-d5c7edc7422d,406,1788548884654214846,1788548885149719846,496,988.781,395.46,11.451587874551386,12.067540688529396
5b4bffcb-62c3-4bc0-9be5-205b0c6d3b57,a2c3d3dd-30f7-4511-8288-d5c7edc7422d,407,1788548885174714846,1788548885590089846,415,996.198,432.692,11.867613857522809,9.71670247901584
5b4bffcb-62c3-4bc0-9be5-205b0c6d3b57,a2c3d3dd-30f7-4511-8288-d5c7edc7422d,408,1788548885620089846,1788548886706089846,1086,997.175,490.917,11.861823844852083,6.048111994599948
5b4bffcb-62c3-4bc0-9be5-205b0c6d3b57,a2c3d3dd-30f7-4511-8288-d5c7edc7422d,409,1788548886736214846,1788548887576967846,841,1006.083,419.928,12.520000321393546,10.511587244919019
5b4bffcb-62c3-4bc0-9be5-205b0c6d3b57,a2c3d3dd-30f7-4511-8288-d5c7edc7422d,410,1788548887626964846,1788548887782214846,155,862.938,367.184,3.367192388847565,13.936667048695488
5b4bffcb-62c3-4bc0-9be5-205b0c6d3b57,a2c3d3dd-30f7-4511-8288-d5c7edc7422d,411,1788548887897214846,1788548888127464846,230,1012.18,394.95,12.956545808018413,12.075817996424068
5b4bffcb-62c3-4bc0-9be5-205b0c6d3b57,a2c3d3dd-30f7-4511-8288-d5c7edc7422d,412,1788548888182589846,1788548889638963846,1456,821.471,389.317,0.6802700821614192,12.541487650833632
5b4bffcb-62c3-4bc0-9be5-205b0c6d3b57,a2c3d3dd-30f7-4511-8288-d5c7edc7422d,413,1788548889864088846,1788548890554713846,691,825.926,387.887,0.967819384421678,12.631903665474665
5b4bffcb-62c3-4bc0-9be5-205b0c6d3b57,a2c3d3dd-30f7-4511-8288-d5c7edc7422d,414,1788548890804975846,1788548891610713846,806,837.631,439.658,1.7097123891104482,9.34764711316561
5b4bffcb-62c3-4bc0-9be5-205b0c6d3b57,a2c3d3dd-30f7-4511-8288-d5c7edc7422d,415,1788548891875963846,1788548894443463846,2568,823.552,435.176,0.8083636015161482,9.633043141060076
5b4bffcb-62c3-4bc0-9be5-205b0c6d3b57,a2c3d3dd-30f7-4511-8288-d5c7edc7422d,416,1788548894483463846,1788548894888838846,405,811.37,396.631,0.028627244755108965,12.077938264268791
5b4bffcb-62c3-4bc0-9be5-205b0c6d3b57,a2c3d3dd-30f7-4511-8288-d5c7edc7422d,417,1788548894913850846,1788548895084088846,170,771.87,397.298,-2.514974834574083,12.030368384000639
5b4bffcb-62c3-4bc0-9be5-205b0c6d3b57,a2c3d3dd-30f7-4511-8288-d5c7edc7422d,418,1788548895119088846,1788548899117837846,3999,812.972,451.627,0.12974597165552545,8.589042434890132
5b4bffcb-62c3-4bc0-9be5-205b0c6d3b57,a2c3d3dd-30f7-4511-8288-d5c7edc7422d,419,1788548899137837846,1788548901174712846,2037,871.691,513.12,3.866094592753629,4.679938420220582
5b4bffcb-62c3-4bc0-9be5-205b0c6d3b57,a2c3d3dd-30f7-4511-8288-d5c7edc7422d,420,1788548901269837846,1788548901830337846,560,879.886,484.603,4.3965004554283285,6.488756044636956
5b4bffcb-62c3-4bc0-9be5-205b0c6d3b57,a2c3d3dd-30f7-4511-8288-d5c7edc7422d,421,1788548901960462846,1788548904878211846,2918,894.695,390.902,5.400631809522547,12.422677806115875
5b4bffcb-62c3-4bc0-9be5-205b0c6d3b57,a2c3d3dd-30f7-4511-8288-d5c7edc7422d,422,1788548904898211846,1788548912585461846,7687,965.362,411.496,9.92229712094384,11.076997254614694
5b4bffcb-62c3-4bc0-9be5-205b0c6d3b57,a2c3d3dd-30f7-4511-8288-d5c7edc7422d,423,1788548912635585846,1788548912810710846,175,867.974,367.982,3.692610213006698,13.884446178664364
5b4bffcb-62c3-4bc0-9be5-205b0c6d3b57,a2c3d3dd-30f7-4511-8288-d5c7edc7422d,424,1788548912860723846,1788548913000835846,140,999.13,397.883,12.1124246421243,11.904923323913374
5b4bffcb-62c3-4bc0-9be5-205b0c6d3b57,a2c3d3dd-30f7-4511-8288-d5c7edc7422d,425,1788548913191085846,1788548913746585846,556,1002.055,392.248,12.310997817698098,12.25641206168687
5b4bffcb-62c3-4bc0-9be5-205b0c6d3b57,a2c3d3dd-30f7-4511-8288-d5c7edc7422d,426,1788548913781585846,1788548914036835846,255,1060.743,484.153,15.908680913441678,6.43555504851262
5b4bffcb-62c3-4bc0-9be5-205b0c6d3b57,a2c3d3dd-30f7-4511-8288-d5c7edc7422d,427,1788548914106960846,1788548914442210846,335,834.639,387.091,1.5300522367778395,12.68154031895766
5b4bffcb-62c3-4bc0-9be5-205b0c6d3b57,a2c3d3dd-30f7-4511-8288-d5c7edc7422d,428,1788548914482343846,1788548915092835846,610,697.801,418.729,-7.258752949359131,10.642235460308761
5b4bffcb-62c3-4bc0-9be5-205b0c6d3b57,a2c3d3dd-30f7-4511-8288-d5c7edc7422d,429,1788548915278085846,1788548915988710846,711,717.106,433.888,-6.010351155248595,9.69300109574447
5b4bffcb-62c3-4bc0-9be5-205b0c6d3b57,a2c3d3dd-30f7-4511-8288-d5c7edc7422d,430,1788548916283959846,1788548917410085846,1126,815.961,465.356,0.3203157529501562,7.717427631830999
5b4bffcb-62c3-4bc0-9be5-205b0c6d3b57,a2c3d3dd-30f7-4511-8288-d5c7edc7422d,431,1788548918360961846,1788548918516090846,155,858.015,448.771,3.0122149495957995,8.76654418295511
5b4bffcb-62c3-4bc0-9be5-205b0c6d3b57,a2c3d3dd-30f7-4511-8288-d5c7edc7422d,432,1788548918636209846,1788548918796348846,160,890.335,313.882,5.196190773199248,17.296063516760988
5b4bffcb-62c3-4bc0-9be5-205b0c6d3b57,a2c3d3dd-30f7-4511-8288-d5c7edc7422d,433,1788548918831334846,1788548918996584846,165,810.793,287.107,-0.004944967317254701,19.012581645903445
5b4bffcb-62c3-4bc0-9be5-205b0c6d3b57,a2c3d3dd-30f7-4511-8288-d5c7edc7422d,434,1788548919041584846,1788548919917459846,876,838.854,462.255,1.783447747218482,7.913278646448822
5b4bffcb-62c3-4bc0-9be5-205b0c6d3b57,a2c3d3dd-30f7-4511-8288-d5c7edc7422d,435,1788548919992459846,1788548920197709846,205,931.052,624.056,7.6287499584028,-2.35724285389058
5b4bffcb-62c3-4bc0-9be5-205b0c6d3b57,a2c3d3dd-30f7-4511-8288-d5c7edc7422d,436,1788548920352834846,1788548921053459846,701,861.133,455.706,3.2093115285899594,8.325969349511377
5b4bffcb-62c3-4bc0-9be5-205b0c6d3b57,a2c3d3dd-30f7-4511-8288-d5c7edc7422d,437,1788548921248709846,1788548921483834846,235,831.115,442.374,1.2918907033800253,9.175854020389945
5b4bffcb-62c3-4bc0-9be5-205b0c6d3b57,a2c3d3dd-30f7-4511-8288-d5c7edc7422d,438,1788548921528959846,1788548921834209846,305,793.639,416.154,-1.1108457033592638,10.838790246544347
5b4bffcb-62c3-4bc0-9be5-205b0c6d3b57,a2c3d3dd-30f7-4511-8288-d5c7edc7422d,439,1788548921864218846,1788548922694958846,831,867.101,436.319,3.5988159349753714,9.554551586247799
5b4bffcb-62c3-4bc0-9be5-205b0c6d3b57,a2c3d3dd-30f7-4511-8288-d5c7edc7422d,440,1788548922730086846,1788548922885208846,155,826.493,410.312,1.000545541579565,11.2101729654148
5b4bffcb-62c3-4bc0-9be5-205b0c6d3b57,a2c3d3dd-30f7-4511-8288-d5c7edc7422d,441,1788548923105464846,1788548924591837846,1486,891.707,472.651,5.155498276348162,7.244283139378442
5b4bffcb-62c3-4bc0-9be5-205b0c6d3b57,a2c3d3dd-30f7-4511-8288-d5c7edc7422d,442,1788548924616833846,1788548925667833846,1051,907.005,500.415,6.118206791623998,5.479973408169231
5b4bffcb-62c3-4bc0-9be5-205b0c6d3b57,a2c3d3dd-30f7-4511-8288-d5c7edc7422d,443,1788548925807958846,1788548926868958846,1061,922.858,550.402,7.109882251976449,2.3084752800917028
5b4bffcb-62c3-4bc0-9be5-205b0c6d3b57,a2c3d3dd-30f7-4511-8288-d5c7edc7422d,444,1788548926918958846,1788548927869832846,951,919.859,488.103,6.942754581581052,6.256862820721069
5b4bffcb-62c3-4bc0-9be5-205b0c6d3b57,a2c3d3dd-30f7-4511-8288-d5c7edc7422d,445,1788548927944957846,1788548928570582846,626,945.008,328.63,8.741816385549175,16.321670917347518
5b4bffcb-62c3-4bc0-9be5-205b0c6d3b57,a2c3d3dd-30f7-4511-8288-d5c7edc7422d,446,1788548928610582846,1788548929506457846,896,942.13,428.862,8.41165072921732,9.996073131116352
5b4bffcb-62c3-4bc0-9be5-205b0c6d3b57,a2c3d3dd-30f7-4511-8288-d5c7edc7422d,447,1788548929566457846,1788548930001832846,435,710.016,430.056,-6.4669046437452105,9.932238463984774
5b4bffcb-62c3-4bc0-9be5-205b0c6d3b57,a2c3d3dd-30f7-4511-8288-d5c7edc7422d,448,1788548930066957846,1788548930992832846,926,968.096,511.373,9.99841815186041,4.769091698650745
5b4bffcb-62c3-4bc0-9be5-205b0c6d3b57,a2c3d3dd-30f7-4511-8288-d5c7edc7422d,449,1788548931062832846,1788548932309082846,1246,944.573,326.525,8.717409573093704,16.454791991491735
5b4bffcb-62c3-4bc0-9be5-205b0c6d3b57,a2c3d3dd-30f7-4511-8288-d5c7edc7422d,450,1788548932339082846,1788548932734461846,395,976.5,306.2,10.846494875386943,17.699079998678663
5b4bffcb-62c3-4bc0-9be5-205b0c6d3b57,a2c3d3dd-30f7-4511-8288-d5c7edc7422d,451,1788548932824582846,1788548933104832846,280,981.594,411.754,10.963377772537026,11.047659466396734
5b4bffcb-62c3-4bc0-9be5-205b0c6d3b57,a2c3d3dd-30f7-4511-8288-d5c7edc7422d,452,1788548933164832846,1788548933890587846,726,994.856,540.193,11.681715870388354,2.94247853989245
5b4bffcb-62c3-4bc0-9be5-205b0c6d3b57,a2c3d3dd-30f7-4511-8288-d5c7edc7422d,453,1788548933915582846,1788548934641206846,726,974.664,511.049,10.415869546759959,4.787368065908848
5b4bffcb-62c3-4bc0-9be5-205b0c6d3b57,a2c3d3dd-30f7-4511-8288-d5c7edc7422d,454,1788548934686335846,1788548935066711846,380,1015.844,442.976,13.107829319697107,9.053732430590104
5b4bffcb-62c3-4bc0-9be5-205b0c6d3b57,a2c3d3dd-30f7-4511-8288-d5c7edc7422d,455,1788548935286831846,1788548935977456846,691,1007.666,367.054,12.725066125390624,13.833722377313848
5b4bffcb-62c3-4bc0-9be5-205b0c6d3b57,a2c3d3dd-30f7-4511-8288-d5c7edc7422d,456,1788548936017586846,1788548936563081846,545,1001.848,289.948,12.553783591067914,18.684738140479443
5b4bffcb-62c3-4bc0-9be5-205b0c6d3b57,a2c3d3dd-30f7-4511-8288-d5c7edc7422d,457,1788548936603081846,1788548937533956846,931,1017.627,407.522,13.281856142458633,11.280191770853662
5b4bffcb-62c3-4bc0-9be5-205b0c6d3b57,a2c3d3dd-30f7-4511-8288-d5c7edc7422d,458,1788548937558956846,1788548939665955846,2107,1028.411,442.165,13.911252983779775,9.094054609997253
5b4bffcb-62c3-4bc0-9be5-205b0c6d3b57,a2c3d3dd-30f7-4511-8288-d5c7edc7422d,459,1788548939896205846,1788548940036330846,140,840.534,363.209,1.9186013668154682,14.193763742822071
5b4bffcb-62c3-4bc0-9be5-205b0c6d3b57,a2c3d3dd-30f7-4511-8288-d5c7edc7422d,460,1788548940061334846,1788548940336597846,275,806.044,374.797,-0.3149155337879382,13.461494278928075
5b4bffcb-62c3-4bc0-9be5-205b0c6d3b57,a2c3d3dd-30f7-4511-8288-d5c7edc7422d,461,1788548940376705846,1788548940756955846,380,902.061,369.379,5.896547496507702,13.780638169874646
5b4bffcb-62c3-4bc0-9be5-205b0c6d3b57,a2c3d3dd-30f7-4511-8288-d5c7edc7422d,462,1788548940802080846,1788548941502705846,701,809.719,381.015,-0.07747148016982378,13.067653365309347
5b4bffcb-62c3-4bc0-9be5-205b0c6d3b57,a2c3d3dd-30f7-4511-8288-d5c7edc7422d,463,1788548941737955846,1788548942433585846,696,787.783,460.429,-1.4802403372713027,8.028866136316886
5b4bffcb-62c3-4bc0-9be5-205b0c6d3b57,a2c3d3dd-30f7-4511-8288-d5c7edc7422d,464,1788548942613705846,1788548942848955846,235,844.98,605.843,2.160953767846097,-1.208919891610773
5b4bffcb-62c3-4bc0-9be5-205b0c6d3b57,a2c3d3dd-30f7-4511-8288-d5c7edc7422d,465,1788548943264330846,1788548943544580846,280,108.21,870.539,-45.885018324699736,-16.12241104849914
5b4bffcb-62c3-4bc0-9be5-205b0c6d3b57,a2c3d3dd-30f7-4511-8288-d5c7edc7422d,466,1788548943829955846,1788548946167082846,2337,864.036,495.775,3.382755278680274,5.782218671406812
5b4bffcb-62c3-4bc0-9be5-205b0c6d3b57,a2c3d3dd-30f7-4511-8288-d5c7edc7422d,467,1788548946197079846,1788548946427340846,230,887.765,446.24,4.917063061230463,8.919926704480158
5b4bffcb-62c3-4bc0-9be5-205b0c6d3b57,a2c3d3dd-30f7-4511-8288-d5c7edc7422d,468,1788548946642590846,1788548947858713846,1216,875.722,411.255,4.164885592013537,11.141084379623722
5b4bffcb-62c3-4bc0-9be5-205b0c6d3b57,a2c3d3dd-30f7-4511-8288-d5c7edc7422d,469,1788548947923704846,1788548948073954846,150,870.665,244.226,3.983188314377899,21.70999945869665
5b4bffcb-62c3-4bc0-9be5-205b0c6d3b57,a2c3d3dd-30f7-4511-8288-d5c7edc7422d,470,1788548948098954846,1788548948269091846,170,856.809,292.502,3.0194366126042573,18.663998508368962
5b4bffcb-62c3-4bc0-9be5-205b0c6d3b57,a2c3d3dd-30f7-4511-8288-d5c7edc7422d,471,1788548948314083846,1788548948599329846,285,909.435,495.281,6.275213994712822,5.804841055334033
5b4bffcb-62c3-4bc0-9be5-205b0c6d3b57,a2c3d3dd-30f7-4511-8288-d5c7edc7422d,472,1788548948644468846,1788548951612203846,2968,769.934,459.582,-2.620879233834207,8.080193082724275
5b4bffcb-62c3-4bc0-9be5-205b0c6d3b57,a2c3d3dd-30f7-4511-8288-d5c7edc7422d,473,1788548951652207846,1788548952493078846,841,897.737,439.996,5.5591296039143865,9.312395279959928
5b4bffcb-62c3-4bc0-9be5-205b0c6d3b57,a2c3d3dd-30f7-4511-8288-d5c7edc7422d,474,1788548952523078846,1788548955210578846,2688,907.449,440.837,6.180313790654318,9.255416602480947
5b4bffcb-62c3-4bc0-9be5-205b0c6d3b57,a2c3d3dd-30f7-4511-8288-d5c7edc7422d,475,1788548955225577846,1788548955485827846,260,916.57,364.441,6.840746129274261,14.083978559001118
5b4bffcb-62c3-4bc0-9be5-205b0c6d3b57,a2c3d3dd-30f7-4511-8288-d5c7edc7422d,476,1788548955540952846,1788548956812077846,1271,944.291,318.684,8.713923578447488,16.949548502700555
5b4bffcb-62c3-4bc0-9be5-205b0c6d3b57,a2c3d3dd-30f7-4511-8288-d5c7edc7422d,477,1788548956842202846,1788548957207452846,365,942.767,356.072,8.548799129285781,14.592580808202003
5b4bffcb-62c3-4bc0-9be5-205b0c6d3b57,a2c3d3dd-30f7-4511-8288-d5c7edc7422d,478,1788548957242582846,1788548958213457846,971,940.936,398.591,8.3699621370176,11.909590353232865
5b4bffcb-62c3-4bc0-9be5-205b0c6d3b57,a2c3d3dd-30f7-4511-8288-d5c7edc7422d,479,1788548958233461846,1788548961066076846,2833,959.665,430.099,9.533285184772764,9.90695171305975
5b4bffcb-62c3-4bc0-9be5-205b0c6d3b57,a2c3d3dd-30f7-4511-8288-d5c7edc7422d,480,1788548961086213846,1788548961566576846,480,971.764,360.723,10.417859048991351,14.272049666547865
5b4bffcb-62c3-4bc0-9be5-205b0c6d3b57,a2c3d3dd-30f7-4511-8288-d5c7edc7422d,481,1788548961586576846,1788548962507451846,921,984.464,343.163,11.277070080277648,15.363576359738383
5b4bffcb-62c3-4bc0-9be5-205b0c6d3b57,a2c3d3dd-30f7-4511-8288-d5c7edc7422d,482,1788548962537451846,1788548964083950846,1546,985.498,408.94,11.21827378489374,11.221637090982972
5b4bffcb-62c3-4bc0-9be5-205b0c6d3b57,a2c3d3dd-30f7-4511-8288-d5c7edc7422d,483,1788548964108951846,1788548964704580846,596,995.788,488.308,11.776012806642507,6.213235337036727
5b4bffcb-62c3-4bc0-9be5-205b0c6d3b57,a2c3d3dd-30f7-4511-8288-d5c7edc7422d,484,1788548964774575846,1788548965159950846,385,988.666,519.293,11.30001949070615,4.262342876297012
5b4bffcb-62c3-4bc0-9be5-205b0c6d3b57,a2c3d3dd-30f7-4511-8288-d5c7edc7422d,485,1788548965210078846,1788548965605330846,395,1002.902,450.441,12.271324491632631,8.59408170463963
5b4bffcb-62c3-4bc0-9be5-205b0c6d3b57,a2c3d3dd-30f7-4511-8288-d5c7edc7422d,486,1788548965635450846,1788548966486200846,851,1009.843,402.921,12.791063604767572,11.577296520958788
5b4bffcb-62c3-4bc0-9be5-205b0c6d3b57,a2c3d3dd-30f7-4511-8288-d5c7edc7422d,487,1788548966541325846,1788548966666450846,125,852.285,343.27,2.690255542013477,15.453635478306854
5b4bffcb-62c3-4bc0-9be5-205b0c6d3b57,a2c3d3dd-30f7-4511-8288-d5c7edc7422d,488,1788548966881575846,1788548967026700846,145,1001.179,403.868,12.23317958882637,11.526409833580223
5b4bffcb-62c3-4bc0-9be5-205b0c6d3b57,a2c3d3dd-30f7-4511-8288-d5c7edc7422d,489,1788548967076825846,1788548967497200846,420,775.369,396.992,-2.2897938086543927,12.050586654527304
5b4bffcb-62c3-4bc0-9be5-205b0c6d3b57,a2c3d3dd-30f7-4511-8288-d5c7edc7422d,490,1788548967687328846,1788548968227825846,540,750.236,482.097,-3.8716779233836895,6.647734052981365
5b4bffcb-62c3-4bc0-9be5-205b0c6d3b57,a2c3d3dd-30f7-4511-8288-d5c7edc7422d,491,1788548968382950846,1788548969904449846,1521,789.949,488.228,-1.3390290476621471,6.263912767443675
5b4bffcb-62c3-4bc0-9be5-205b0c6d3b57,a2c3d3dd-30f7-4511-8288-d5c7edc7422d,492,1788548970139699846,1788548970770199846,630,531.281,642.664,-17.71749104379183,-3.4735604408270095
5b4bffcb-62c3-4bc0-9be5-205b0c6d3b57,a2c3d3dd-30f7-4511-8288-d5c7edc7422d,493,1788548970820324846,1788548971100574846,280,634.403,561.526,-11.19750168892399,1.5969381219985017
5b4bffcb-62c3-4bc0-9be5-205b0c6d3b57,a2c3d3dd-30f7-4511-8288-d5c7edc7422d,494,1788548971756199846,1788548971956324846,200,95.141,928.066,-47.351276227366725,-19.27961618078524
5b4bffcb-62c3-4bc0-9be5-205b0c6d3b57,a2c3d3dd-30f7-4511-8288-d5c7edc7422d,495,1788548972061449846,1788548972356702846,295,17.004,962.235,-52.75689184058554,-20.563652440892795
5b4bffcb-62c3-4bc0-9be5-205b0c6d3b57,a2c3d3dd-30f7-4511-8288-d5c7edc7422d,496,1788548972566957846,1788548972647074846,80,805.468,413.127,-0.3510853117646554,11.031735644596317
5b4bffcb-62c3-4bc0-9be5-205b0c6d3b57,a2c3d3dd-30f7-4511-8288-d5c7edc7422d,497,1788548972667074846,1788548972922333846,255,768.355,434.382,-2.728708336270773,9.678559929847818
5b4bffcb-62c3-4bc0-9be5-205b0c6d3b57,a2c3d3dd-30f7-4511-8288-d5c7edc7422d,498,1788548973002324846,1788548975524698846,2522,972.379,405.413,10.3815402372921,11.455047708805257
5b4bffcb-62c3-4bc0-9be5-205b0c6d3b57,a2c3d3dd-30f7-4511-8288-d5c7edc7422d,499,1788548975584829846,1788548976335448846,751,698.708,472.57,-7.159468171487921,7.236465329908606
5b4bffcb-62c3-4bc0-9be5-205b0c6d3b57,a2c3d3dd-30f7-4511-8288-d5c7edc7422d,500,1788548976400573846,1788548980524447846,4124,906.505,376.74,6.176009976616609,13.312603600242992
5b4bffcb-62c3-4bc0-9be5-205b0c6d3b57,a2c3d3dd-30f7-4511-8288-d5c7edc7422d,501,1788548980549453846,1788548981905696846,1356,909.745,450.095,6.32066259041574,8.668114440952362
5b4bffcb-62c3-4bc0-9be5-205b0c6d3b57,a2c3d3dd-30f7-4511-8288-d5c7edc7422d,502,1788548981955821846,1788548982231077846,275,904.388,396.504,6.020049910572422,12.063431949876147
5b4bffcb-62c3-4bc0-9be5-205b0c6d3b57,a2c3d3dd-30f7-4511-8288-d5c7edc7422d,503,1788548982256071846,1788548982861571846,606,922.126,356.087,7.211397481105153,14.607960465241355
5b4bffcb-62c3-4bc0-9be5-205b0c6d3b57,a2c3d3dd-30f7-4511-8288-d5c7edc7422d,504,1788548982886696846,1788548984282946846,1396,936.252,339.324,8.153297990049497,15.65510422430219
5b4bffcb-62c3-4bc0-9be5-205b0c6d3b57,a2c3d3dd-30f7-4511-8288-d5c7edc7422d,505,1788548984317946846,1788548985739326846,1421,928.332,440.601,7.516994911353505,9.261103557586877
5b4bffcb-62c3-4bc0-9be5-205b0c6d3b57,a2c3d3dd-30f7-4511-8288-d5c7edc7422d,506,1788548985759321846,1788548986670206846,911,938.888,388.697,8.250826831639955,12.535964769355852
5b4bffcb-62c3-4bc0-9be5-205b0c6d3b57,a2c3d3dd-30f7-4511-8288-d5c7edc7422d,507,1788548986695195846,1788548987055570846,360,953.088,318.7,9.288068793110394,16.939462089347494
5b4bffcb-62c3-4bc0-9be5-205b0c6d3b57,a2c3d3dd-30f7-4511-8288-d5c7edc7422d,508,1788548987075570846,1788548987616073846,541,959.769,295.812,9.775995443670947,18.373923959389213
5b4bffcb-62c3-4bc0-9be5-205b0c6d3b57,a2c3d3dd-30f7-4511-8288-d5c7edc7422d,509,1788548987646070846,1788548988331820846,686,965.719,374.549,10.002267651581278,13.406659213063426
5b4bffcb-62c3-4bc0-9be5-205b0c6d3b57,a2c3d3dd-30f7-4511-8288-d5c7edc7422d,510,1788548988366820846,1788548990058445846,1692,973.95,441.793,10.433219231832354,9.159382848598007
5b4bffcb-62c3-4bc0-9be5-205b0c6d3b57,a2c3d3dd-30f7-4511-8288-d5c7edc7422d,511,1788548990088450846,1788548990959194846,871,987.597,358.063,11.447579073494179,14.422447409954923
5b4bffcb-62c3-4bc0-9be5-205b0c6d3b57,a2c3d3dd-30f7-4511-8288-d5c7edc7422d,512,1788548990984319846,1788548991970194846,986,1000.519,312.472,12.39962644526599,17.271999758867228
5b4bffcb-62c3-4bc0-9be5-205b0c6d3b57,a2c3d3dd-30f7-4511-8288-d5c7edc7422d,513,1788548992005194846,1788548992750944846,746,1003.523,399.929,12.390843579923759,11.77183837541673
5b4bffcb-62c3-4bc0-9be5-205b0c6d3b57,a2c3d3dd-30f7-4511-8288-d5c7edc7422d,514,1788548992775944846,1788548993406569846,631,1002.478,462.323,12.229291508117628,7.8462829447160995
5b4bffcb-62c3-4bc0-9be5-205b0c6d3b57,a2c3d3dd-30f7-4511-8288-d5c7edc7422d,515,1788548993446569846,1788548994132193846,686,1020.941,399.106,13.511025020802704,11.805270390536013
5b4bffcb-62c3-4bc0-9be5-205b0c6d3b57,a2c3d3dd-30f7-4511-8288-d5c7edc7422d,516,1788548994152194846,1788548994517568846,365,1020.71,374.964,13.548507379799522,13.321108944897176
5b4bffcb-62c3-4bc0-9be5-205b0c6d3b57,a2c3d3dd-30f7-4511-8288-d5c7edc7422d,517,1788548994562694846,1788548994747823846,185,895.091,321.848,5.497377062241596,16.789712679884268
5b4bffcb-62c3-4bc0-9be5-205b0c6d3b57,a2c3d3dd-30f7-4511-8288-d5c7edc7422d,518,1788548994897948846,1788548995223202846,325,806.986,348.471,-0.2543808001139365,15.12902487582617
5b4bffcb-62c3-4bc0-9be5-205b0c6d3b57,a2c3d3dd-30f7-4511-8288-d5c7edc7422d,519,1788548995258318846,1788548996219193846,961,870.256,354.173,3.850170287134561,14.757707914322708
5b4bffcb-62c3-4bc0-9be5-205b0c6d3b57,a2c3d3dd-30f7-4511-8288-d5c7edc7422d,520,1788548996254193846,1788548996444443846,190,851.359,430.065,2.5921559168612345,9.954387140542538
5b4bffcb-62c3-4bc0-9be5-205b0c6d3b57,a2c3d3dd-30f7-4511-8288-d5c7edc7422d,521,1788548996699697846,1788548999512318846,2813,839.581,499.105,1.8238898524516778,5.573054599806392
5b4bffcb-62c3-4bc0-9be5-205b0c6d3b57,a2c3d3dd-30f7-4511-8288-d5c7edc7422d,522,1788548999747567846,1788549000378067846,630,1016.946,514.441,13.097980180721217,4.557847829890843
5b4bffcb-62c3-4bc0-9be5-205b0c6d3b57,a2c3d3dd-30f7-4511-8288-d5c7edc7422d,523,1788549000398074846,1788549001369067846,971,1039.568,502.701,14.543494428774048,5.2853514264691555
5b4bffcb-62c3-4bc0-9be5-205b0c6d3b57,a2c3d3dd-30f7-4511-8288-d5c7edc7422d,524,1788549001444073846,1788549002259941846,816,753.767,510.819,-3.639640143506364,4.825406293431443
5b4bffcb-62c3-4bc0-9be5-205b0c6d3b57,a2c3d3dd-30f7-4511-8288-d5c7edc7422d,525,1788549002470066846,1788549003005566846,536,847.357,421.295,2.3383100962554586,10.511280323665106
5b4bffcb-62c3-4bc0-9be5-205b0c6d3b57,a2c3d3dd-30f7-4511-8288-d5c7edc7422d,526,1788549003040566846,1788549003385941846,345,736.968,431.461,-4.740341572712022,9.85475436226868
5b4bffcb-62c3-4bc0-9be5-205b0c6d3b57,a2c3d3dd-30f7-4511-8288-d5c7edc7422d,527,1788549003641191846,1788549003966441846,325,678.547,543.903,-8.407387106980194,2.7161323347429676
5b4bffcb-62c3-4bc0-9be5-205b0c6d3b57,a2c3d3dd-30f7-4511-8288-d5c7edc7422d,528,1788549004006566846,1788549004652191846,646,635.237,621.138,-11.145129806533461,-2.161189552149903
5b4bffcb-62c3-4bc0-9be5-205b0c6d3b57,a2c3d3dd-30f7-4511-8288-d5c7edc7422d,529,1788549004712191846,1788549004897320846,185,886.132,641.754,4.7791179382800575,-3.485446453070607
5b4bffcb-62c3-4bc0-9be5-205b0c6d3b57,a2c3d3dd-30f7-4511-8288-d5c7edc7422d,530,1788549004947441846,1788549005102566846,155,1007.657,634.764,12.490500452746925,-3.015626346652571
5b4bffcb-62c3-4bc0-9be5-205b0c6d3b57,a2c3d3dd-30f7-4511-8288-d5c7edc7422d,531,1788549005147566846,1788549005688066846,540,1113.094,614.044,19.152866611685994,-1.6860209004503188
5b4bffcb-62c3-4bc0-9be5-205b0c6d3b57,a2c3d3dd-30f7-4511-8288-d5c7edc7422d,532,1788549005758203846,1788549006313691846,555,862.059,481.403,3.260493970699682,6.694934961941064
5b4bffcb-62c3-4bc0-9be5-205b0c6d3b57,a2c3d3dd-30f7-4511-8288-d5c7edc7422d,533,1788549006343690846,1788549006513941846,170,880.066,509.162,4.40020313713536,4.930106278444953
5b4bffcb-62c3-4bc0-9be5-205b0c6d3b57,a2c3d3dd-30f7-4511-8288-d5c7edc7422d,534,1788549006543940846,1788549007404690846,861,900.59,563.951,5.693708294440188,1.4509541912274841
5b4bffcb-62c3-4bc0-9be5-205b0c6d3b57,a2c3d3dd-30f7-4511-8288-d5c7edc7422d,535,1788549007589940846,1788549007895190846,305,710.206,463.189,-6.432298616622746,7.8348139375957855
5b4bffcb-62c3-4bc0-9be5-205b0c6d3b57,a2c3d3dd-30f7-4511-8288-d5c7edc7422d,536,1788549007950190846,1788549008750940846,801,661.913,358.586,-9.645128669309713,14.409782014126101
5b4bffcb-62c3-4bc0-9be5-205b0c6d3b57,a2c3d3dd-30f7-4511-8288-d5c7edc7422d,537,1788549008826065846,1788549010607689846,1782,1021.683,313.727,13.777476525668837,17.161372654034906
5b4bffcb-62c3-4bc0-9be5-205b0c6d3b57,a2c3d3dd-30f7-4511-8288-d5c7edc7422d,538,1788549010657814846,1788549010782939846,125,905.551,358.188,6.1346298831121855,14.486270270038672
5b4bffcb-62c3-4bc0-9be5-205b0c6d3b57,a2c3d3dd-30f7-4511-8288-d5c7edc7422d,539,1788549010963064846,1788549012199197846,1236,889.155,480.127,4.989355918885798,6.770755384543775
5b4bffcb-62c3-4bc0-9be5-205b0c6d3b57,a2c3d3dd-30f7-4511-8288-d5c7edc7422d,540,1788549012264314846,1788549013220189846,956,671.149,521.251,-8.884632050755396,4.147268770546464
5b4bffcb-62c3-4bc0-9be5-205b0c6d3b57,a2c3d3dd-30f7-4511-8288-d5c7edc7422d,541,1788549013260189846,1788549013575563846,315,704.11,443.788,-6.834292606558438,9.060411802672188
5b4bffcb-62c3-4bc0-9be5-205b0c6d3b57,a2c3d3dd-30f7-4511-8288-d5c7edc7422d,542,1788549013635564846,1788549014726563846,1091,957.675,443.808,9.39065400813496,9.042427631401516
5b4bffcb-62c3-4bc0-9be5-205b0c6d3b57,a2c3d3dd-30f7-4511-8288-d5c7edc7422d,543,1788549014766688846,1788549015317188846,550,1024.891,478.676,13.6368294875487,6.802937254660278
5b4bffcb-62c3-4bc0-9be5-205b0c6d3b57,a2c3d3dd-30f7-4511-8288-d5c7edc7422d,544,1788549015482324846,1788549015937813846,455,976.868,323.912,10.827338094981588,16.584056137393034
5b4bffcb-62c3-4bc0-9be5-205b0c6d3b57,a2c3d3dd-30f7-4511-8288-d5c7edc7422d,545,1788549015972818846,1788549016418188846,445,1017.401,311.086,13.506171401865233,17.333697715790105
5b4bffcb-62c3-4bc0-9be5-205b0c6d3b57,a2c3d3dd-30f7-4511-8288-d5c7edc7422d,546,1788549016458188846,1788549018945562846,2487,999.491,420.944,12.096162022882782,10.453546029207518
5b4bffcb-62c3-4bc0-9be5-205b0c6d3b57,a2c3d3dd-30f7-4511-8288-d5c7edc7422d,547,1788549019085687846,1788549019406062846,320,1038.73,450.192,14.556828553347165,8.581310846322106
5b4bffcb-62c3-4bc0-9be5-205b0c6d3b57,a2c3d3dd-30f7-4511-8288-d5c7edc7422d,548,1788549019591187846,1788549020396937846,806,1026.453,718.814,13.756682128436363,-8.284274535545727
5b4bffcb-62c3-4bc0-9be5-205b0c6d3b57,a2c3d3dd-30f7-4511-8288-d5c7edc7422d,549,1788549020446937846,1788549020607189846,160,845.778,745.258,2.2328179184147765,-10.049928995702166
5b4bffcb-62c3-4bc0-9be5-205b0c6d3b57,a2c3d3dd-30f7-4511-8288-d5c7edc7422d,550,1788549020642187846,1788549021047561846,405,770.754,742.31,-2.573647483199522,-9.860940647808075
5b4bffcb-62c3-4bc0-9be5-205b0c6d3b57,a2c3d3dd-30f7-4511-8288-d5c7edc7422d,551,1788549021202686846,1788549021528061846,325,838.76,557.257,1.7664454842224848,1.8781538693060347
5b4bffcb-62c3-4bc0-9be5-205b0c6d3b57,a2c3d3dd-30f7-4511-8288-d5c7edc7422d,552,1788549021563064846,1788549021968436846,405,764.591,483.707,-2.9562263747233675,6.548105475442354
5b4bffcb-62c3-4bc0-9be5-205b0c6d3b57,a2c3d3dd-30f7-4511-8288-d5c7edc7422d,553,1788549022018436846,1788549022138561846,120,806.373,594.894,-0.2914012385031928,-0.5136123326696729
5b4bffcb-62c3-4bc0-9be5-205b0c6d3b57,a2c3d3dd-30f7-4511-8288-d5c7edc7422d,554,1788549022163561846,1788549022443944846,280,806.812,634.026,-0.2635578788957692,-2.999520015003047
5b4bffcb-62c3-4bc0-9be5-205b0c6d3b57,a2c3d3dd-30f7-4511-8288-d5c7edc7422d,555,1788549022644061846,1788549023059436846,415,775.145,614.528,-2.2749152508557606,-1.7602699320322757
5b4bffcb-62c3-4bc0-9be5-205b0c6d3b57,a2c3d3dd-30f7-4511-8288-d5c7edc7422d,556,1788549023519936846,1788549023790186846,270,780.231,1152.933,-2.210446432720238,-35.74756320970993
5b4bffcb-62c3-4bc0-9be5-205b0c6d3b57,a2c3d3dd-30f7-4511-8288-d5c7edc7422d,557,1788549023810186846,1788549024000311846,190,775.345,1056.279,-2.455486246531346,-29.627174799942615
5b4bffcb-62c3-4bc0-9be5-205b0c6d3b57,a2c3d3dd-30f7-4511-8288-d5c7edc7422d,558,1788549024020311846,1788549024510811846,490,791.314,1043.483,-1.3405557203454963,-28.828164269478354
5b4bffcb-62c3-4bc0-9be5-205b0c6d3b57,a2c3d3dd-30f7-4511-8288-d5c7edc7422d,559,1788549024741061846,1788549025496812846,756,848.026,473.73,2.36695899183398,7.183849332943634
5b4bffcb-62c3-4bc0-9be5-205b0c6d3b57,a2c3d3dd-30f7-4511-8288-d5c7edc7422d,560,1788549025551810846,1788549026287435846,736,819.73,567.841,0.5570811682196904,1.2056524193316158
5b4bffcb-62c3-4bc0-9be5-205b0c6d3b57,a2c3d3dd-30f7-4511-8288-d5c7edc7422d,561,1788549026352560846,1788549026497685846,145,771.327,388.913,-2.552981475956459,12.561536633034653
5b4bffcb-62c3-4bc0-9be5-205b0c6d3b57,a2c3d3dd-30f7-4511-8288-d5c7edc7422d,562,1788549026522699846,1788549026928060846,405,733.612,409.686,-4.968731181675335,11.232631648205947
5b4bffcb-62c3-4bc0-9be5-205b0c6d3b57,a2c3d3dd-30f7-4511-8288-d5c7edc7422d,563,1788549026968185846,1788549027643811846,676,682.473,442.352,-8.21764399654478,9.140095427189635
5b4bffcb-62c3-4bc0-9be5-205b0c6d3b57,a2c3d3dd-30f7-4511-8288-d5c7edc7422d,564,1788549027683810846,1788549027984060846,300,631.102,476.273,-11.457416343898338,6.969539039138171
5b4bffcb-62c3-4bc0-9be5-205b0c6d3b57,a2c3d3dd-30f7-4511-8288-d5c7edc7422d,565,1788549028039185846,1788549032778558846,4739,828.811,525.269,1.135774526558308,3.911171228990953
5b4bffcb-62c3-4bc0-9be5-205b0c6d3b57,a2c3d3dd-30f7-4511-8288-d5c7edc7422d,566,1788549032798569846,1788549041056431846,8258,901.06,480.325,5.748557000508436,6.755223970433533
5b4bffcb-62c3-4bc0-9be5-205b0c6d3b57,a2c3d3dd-30f7-4511-8288-d5c7edc7422d,567,1788549041081445846,1788549043678805846,2597,963.907,508.456,9.733968383303411,4.95478409561439
5b4bffcb-62c3-4bc0-9be5-205b0c6d3b57,a2c3d3dd-30f7-4511-8288-d5c7edc7422d,568,1788549043839055846,1788549045230305846,1391,1004.789,509.21,12.330398123811735,4.892098687639881
5b4bffcb-62c3-4bc0-9be5-205b0c6d3b57,a2c3d3dd-30f7-4511-8288-d5c7edc7422d,569,1788549045250312846,1788549046306304846,1056,1001.314,450.83,12.169438331961906,8.570791919936854
5b4bffcb-62c3-4bc0-9be5-205b0c6d3b57,a2c3d3dd-30f7-4511-8288-d5c7edc7422d,570,1788549046361429846,1788549046531554846,170,837.379,417.086,1.6987415048085095,10.779599565956916
5b4bffcb-62c3-4bc0-9be5-205b0c6d3b57,a2c3d3dd-30f7-4511-8288-d5c7edc7422d,571,1788549046756809846,1788549046896941846,140,1006.856,416.61,12.575076015518398,10.71954370432453
5b4bffcb-62c3-4bc0-9be5-205b0c6d3b57,a2c3d3dd-30f7-4511-8288-d5c7edc7422d,572,1788549047167181846,1788549047327304846,160,919.845,329.596,7.101058157046975,16.282814122278207
5b4bffcb-62c3-4bc0-9be5-205b0c6d3b57,a2c3d3dd-30f7-4511-8288-d5c7edc7422d,573,1788549047352304846,1788549047837809846,486,905.752,230.758,6.345116135114314,22.535612688943488
5b4bffcb-62c3-4bc0-9be5-205b0c6d3b57,a2c3d3dd-30f7-4511-8288-d5c7edc7422d,574,1788549047882804846,1788549048983807846,1101,769.465,388.203,-2.673253868920503,12.606044335488187
5b4bffcb-62c3-4bc0-9be5-205b0c6d3b57,a2c3d3dd-30f7-4511-8288-d5c7edc7422d,575,1788549049023929846,1788549049249054846,225,914.687,541.122,6.593095668098853,2.8976214792600175
5b4bffcb-62c3-4bc0-9be5-205b0c6d3b57,a2c3d3dd-30f7-4511-8288-d5c7edc7422d,576,1788549049544428846,1788549050305053846,761,803.426,476.612,-0.4800975944942154,7.002407801635944
5b4bffcb-62c3-4bc0-9be5-205b0c6d3b57,a2c3d3dd-30f7-4511-8288-d5c7edc7422d,577,1788549050515303846,1788549050650428846,135,788.82,486.125,-1.4111871470644595,6.397377733900964
5b4bffcb-62c3-4bc0-9be5-205b0c6d3b57,a2c3d3dd-30f7-4511-8288-d5c7edc7422d,578,1788549050680428846,1788549053097678846,2417,796.85,505.315,-0.898236193094418,5.178898365937627
5b4bffcb-62c3-4bc0-9be5-205b0c6d3b57,a2c3d3dd-30f7-4511-8288-d5c7edc7422d,579,1788549053122683846,1788549053758303846,636,807.608,446.968,-0.2133766445181883,8.884707267363272
5b4bffcb-62c3-4bc0-9be5-205b0c6d3b57,a2c3d3dd-30f7-4511-8288-d5c7edc7422d,580,1788549053788428846,1788549060634801846,6846,809.406,494.997,-0.09860975826313104,5.834783696068972
5b4bffcb-62c3-4bc0-9be5-205b0c6d3b57,a2c3d3dd-30f7-4511-8288-d5c7edc7422d,581,1788549060674801846,1788549061245426846,571,781.363,456.343,-1.8911658168151153,8.287460082225774
5b4bffcb-62c3-4bc0-9be5-205b0c6d3b57,a2c3d3dd-30f7-4511-8288-d5c7edc7422d,582,1788549061280425846,1788549061570675846,290,840.472,440.589,1.8914977862108917,9.288287910848258
5b4bffcb-62c3-4bc0-9be5-205b0c6d3b57,a2c3d3dd-30f7-4511-8288-d5c7edc7422d,583,1788549061635803846,1788549061991052846,355,661.401,419.347,-9.588957992565266,10.578928118446058
5b4bffcb-62c3-4bc0-9be5-205b0c6d3b57,a2c3d3dd-30f7-4511-8288-d5c7edc7422d,584,1788549062011050846,1788549062471550846,460,624.705,442.727,-11.902453400458121,9.077375845391813
5b4bffcb-62c3-4bc0-9be5-205b0c6d3b57,a2c3d3dd-30f7-4511-8288-d5c7edc7422d,585,1788549062531554846,1788549062831925846,300,844.893,383.713,2.192790875088622,12.894122209738907
5b4bffcb-62c3-4bc0-9be5-205b0c6d3b57,a2c3d3dd-30f7-4511-8288-d5c7edc7422d,586,1788549062941925846,1788549064628554846,1687,855.847,324.366,2.933682806915641,16.648890836411642
5b4bffcb-62c3-4bc0-9be5-205b0c6d3b57,a2c3d3dd-30f7-4511-8288-d5c7edc7422d,587,1788549064648549846,1788549065754674846,1106,881.057,367.891,4.539203960582182,13.885203033966176
5b4bffcb-62c3-4bc0-9be5-205b0c6d3b57,a2c3d3dd-30f7-4511-8288-d5c7edc7422d,588,1788549065879799846,1788549068001799846,2122,903.32,448.032,5.911153907441492,8.801197703809933
5b4bffcb-62c3-4bc0-9be5-205b0c6d3b57,a2c3d3dd-30f7-4511-8288-d5c7edc7422d,589,1788549068161926846,1788549068357048846,195,949.791,502.448,8.840002614309219,5.339264083886865
5b4bffcb-62c3-4bc0-9be5-205b0c6d3b57,a2c3d3dd-30f7-4511-8288-d5c7edc7422d,590,1788549068612299846,1788549071219798846,2607,978.606,644.503,10.652662603858271,-3.638483302458559
5b4bffcb-62c3-4bc0-9be5-205b0c6d3b57,a2c3d3dd-30f7-4511-8288-d5c7edc7422d,591,1788549071359923846,1788549071630173846,270,892.461,571.532,5.17683426970298,0.9701981032750379
5b4bffcb-62c3-4bc0-9be5-205b0c6d3b57,a2c3d3dd-30f7-4511-8288-d5c7edc7422d,592,1788549071925422846,1788549072045547846,120,692.55,578.777,-7.514155167853171,0.5099391817478298
5b4bffcb-62c3-4bc0-9be5-205b0c6d3b57,a2c3d3dd-30f7-4511-8288-d5c7edc7422d,593,1788549072075547846,1788549073366797846,1291,731.123,580.823,-5.068438606889384,0.3805090528301244
5b4bffcb-62c3-4bc0-9be5-205b0c6d3b57,a2c3d3dd-30f7-4511-8288-d5c7edc7422d,594,1788549073411797846,1788549073802172846,390,850.443,648.345,2.511062908397482,-3.9073959683653197
5b4bffcb-62c3-4bc0-9be5-205b0c6d3b57,a2c3d3dd-30f7-4511-8288-d5c7edc7422d,595,1788549073992422846,1788549074708047846,716,774.223,371.198,-2.3725659392167366,13.684428582130668
5b4bffcb-62c3-4bc0-9be5-205b0c6d3b57,a2c3d3dd-30f7-4511-8288-d5c7edc7422d,596,1788549074863172846,1788549075884172846,1021,791.629,487.703,-1.2319359059394295,6.297378609411481
5b4bffcb-62c3-4bc0-9be5-205b0c6d3b57,a2c3d3dd-30f7-4511-8288-d5c7edc7422d,597,1788549076049296846,1788549076920171846,871,862.986,538.19,3.3078873408771834,3.0886428009750495
5b4bffcb-62c3-4bc0-9be5-205b0c6d3b57,a2c3d3dd-30f7-4511-8288-d5c7edc7422d,598,1788549076940181846,1788549077120296846,180,872.822,525.993,3.935355122453634,3.8624070555788346
5b4bffcb-62c3-4bc0-9be5-205b0c6d3b57,a2c3d3dd-30f7-4511-8288-d5c7edc7422d,599,1788549077190421846,1788549077425671846,235,854.604,398.045,2.813060788003316,11.983944825798952
5b4bffcb-62c3-4bc0-9be5-205b0c6d3b57,a2c3d3dd-30f7-4511-8288-d5c7edc7422d,600,1788549077455676846,1788549077871046846,415,790.051,367.387,-1.349990372278077,13.929198217709663
5b4bffcb-62c3-4bc0-9be5-205b0c6d3b57,a2c3d3dd-30f7-4511-8288-d5c7edc7422d,601,1788549077896046846,1788549078076171846,180,753.644,357.204,-3.7114598882737884,14.563285728067589
5b4bffcb-62c3-4bc0-9be5-205b0c6d3b57,a2c3d3dd-30f7-4511-8288-d5c7edc7422d,602,1788549078111296846,1788549078481546846,370,813.102,341.738,0.14313021166582632,15.555587750054796
5b4bffcb-62c3-4bc0-9be5-205b0c6d3b57,a2c3d3dd-30f7-4511-8288-d5c7edc7422d,603,1788549078761921846,1788549078962046846,200,863.494,511.617,3.344652149841217,4.776277643815201
5b4bffcb-62c3-4bc0-9be5-205b0c6d3b57,a2c3d3dd-30f7-4511-8288-d5c7edc7422d,604,1788549078982048846,1788549080138172846,1156,876.531,512.505,4.174328939317829,4.718371491377106
5b4bffcb-62c3-4bc0-9be5-205b0c6d3b57,a2c3d3dd-30f7-4511-8288-d5c7edc7422d,605,1788549080578545846,1788549081914795846,1336,792.469,1067.319,-1.2716390859745936,-30.330502994104755
5b4bffcb-62c3-4bc0-9be5-205b0c6d3b57,a2c3d3dd-30f7-4511-8288-d5c7edc7422d,606,1788549082145044846,1788549082380299846,235,845.009,116.984,2.3926982848386817,29.789730380612863
5b4bffcb-62c3-4bc0-9be5-205b0c6d3b57,a2c3d3dd-30f7-4511-8288-d5c7edc7422d,607,1788549082410304846,1788549082930796846,520,841.449,316.004,1.9980025364191247,17.18168858900114
5b4bffcb-62c3-4bc0-9be5-205b0c6d3b57,a2c3d3dd-30f7-4511-8288-d5c7edc7422d,608,1788549082965794846,1788549083141044846,175,894.189,490.046,5.306173308995144,6.140424712153645
5b4bffcb-62c3-4bc0-9be5-205b0c6d3b57,a2c3d3dd-30f7-4511-8288-d5c7edc7422d,609,1788549083301169846,1788549084517294846,1216,918.272,648.699,6.823334896129638,-3.9199264197247334
5b4bffcb-62c3-4bc0-9be5-205b0c6d3b57,a2c3d3dd-30f7-4511-8288-d5c7edc7422d,610,1788549084797544846,1788549085328044846,530,183.783,801.697,-40.37416368281588,-12.483118096495982
5b4bffcb-62c3-4bc0-9be5-205b0c6d3b57,a2c3d3dd-30f7-4511-8288-d5c7edc7422d,611,1788549085478168846,1788549086399043846,921,932.83,564.16,7.740334314188613,1.4359358637442345
5b4bffcb-62c3-4bc0-9be5-205b0c6d3b57,a2c3d3dd-30f7-4511-8288-d5c7edc7422d,612,1788549086434043846,1788549087254919846,821,903.609,628.27,5.887084300826008,-2.6281604691628995
5b4bffcb-62c3-4bc0-9be5-205b0c6d3b57,a2c3d3dd-30f7-4511-8288-d5c7edc7422d,613,1788549087284925846,1788549087775293846,490,923.673,666.24,7.172910923978683,-5.028871786558202
5b4bffcb-62c3-4bc0-9be5-205b0c6d3b57,a2c3d3dd-30f7-4511-8288-d5c7edc7422d,614,1788549087975545846,1788549088115668846,140,986.576,553.576,11.15173916855179,2.099802775531762
5b4bffcb-62c3-4bc0-9be5-205b0c6d3b57,a2c3d3dd-30f7-4511-8288-d5c7edc7422d,615,1788549088155668846,1788549099121040846,10965,904.552,597.522,5.943830749996591,-0.6784883235848975
5b4bffcb-62c3-4bc0-9be5-205b0c6d3b57,a2c3d3dd-30f7-4511-8288-d5c7edc7422d,616,1788549099321165846,1788549107704162846,8383,1027.962,503.567,13.806075057389325,5.23673554741759
5b4bffcb-62c3-4bc0-9be5-205b0c6d3b57,a2c3d3dd-30f7-4511-8288-d5c7edc7422d,617,1788549107924287846,1788549109035412846,1111,821.08,446.342,0.6489268270957137,8.924483005881847
5b4bffcb-62c3-4bc0-9be5-205b0c6d3b57,a2c3d3dd-30f7-4511-8288-d5c7edc7422d,618,1788549109205537846,1788549109300666846,95,799.833,421.39,-0.7126262561918435,10.507290308971987
5b4bffcb-62c3-4bc0-9be5-205b0c6d3b57,a2c3d3dd-30f7-4511-8288-d5c7edc7422d,619,1788549109330662846,1788549109941162846,610,784.938,463.691,-1.6615617712115107,7.821515347298183
5b4bffcb-62c3-4bc0-9be5-205b0c6d3b57,a2c3d3dd-30f7-4511-8288-d5c7edc7422d,620,1788549109976287846,1788549110837036846,861,756.248,457.196,-3.495903993879479,8.228839516271286
5b4bffcb-62c3-4bc0-9be5-205b0c6d3b57,a2c3d3dd-30f7-4511-8288-d5c7edc7422d,621,1788549110982161846,1788549111988163846,1006,843.789,467.941,2.0976409195259818,7.551821765634637
5b4bffcb-62c3-4bc0-9be5-205b0c6d3b57,a2c3d3dd-30f7-4511-8288-d5c7edc7422d,622,1788549112018161846,1788549112163286846,145,887.299,439.459,4.891060289753932,9.349943182229799
5b4bffcb-62c3-4bc0-9be5-205b0c6d3b57,a2c3d3dd-30f7-4511-8288-d5c7edc7422d,623,1788549112288411846,1788549112553661846,265,847.196,458.192,2.317519634854281,8.170333649053486
5b4bffcb-62c3-4bc0-9be5-205b0c6d3b57,a2c3d3dd-30f7-4511-8288-d5c7edc7422d,624,1788549112583673846,1788549112843911846,260,889.368,508.713,4.99242022212762,4.957136028662582
5b4bffcb-62c3-4bc0-9be5-205b0c6d3b57,a2c3d3dd-30f7-4511-8288-d5c7edc7422d,625,1788549113064161846,1788549113644670846,581,907.731,521.857,6.156455856445683,4.120227623662912
5b4bffcb-62c3-4bc0-9be5-205b0c6d3b57,a2c3d3dd-30f7-4511-8288-d5c7edc7422d,626,1788549113679785846,1788549114390410846,711,834.128,485.602,1.4781195902472253,6.4310703835395024
5b4bffcb-62c3-4bc0-9be5-205b0c6d3b57,a2c3d3dd-30f7-4511-8288-d5c7edc7422d,627,1788549114595542846,1788549114710660846,115,890.037,341.424,5.146084221863672,15.55514479034786
5b4bffcb-62c3-4bc0-9be5-205b0c6d3b57,a2c3d3dd-30f7-4511-8288-d5c7edc7422d,628,1788549114750785846,1788549114910910846,160,812.722,322.229,0.1195991600629001,16.790504714654908
5b4bffcb-62c3-4bc0-9be5-205b0c6d3b57,a2c3d3dd-30f7-4511-8288-d5c7edc7422d,629,1788549114930910846,1788549116061910846,1131,877.12,308.951,4.336983466337852,17.61507197366735
5b4bffcb-62c3-4bc0-9be5-205b0c6d3b57,a2c3d3dd-30f7-4511-8288-d5c7edc7422d,630,1788549116102035846,1788549116382285846,280,947.064,294.427,8.9454465708981,18.475851288453857
5b4bffcb-62c3-4bc0-9be5-205b0c6d3b57,a2c3d3dd-30f7-4511-8288-d5c7edc7422d,631,1788549116432285846,1788549117183034846,751,831.11,288.405,1.3317055149045571,18.92951274409766
5b4bffcb-62c3-4bc0-9be5-205b0c6d3b57,a2c3d3dd-30f7-4511-8288-d5c7edc7422d,632,1788549117218034846,1788549118519284846,1301,759.64,299.093,-3.361211454455705,18.241297694310354
5b4bffcb-62c3-4bc0-9be5-205b0c6d3b57,a2c3d3dd-30f7-4511-8288-d5c7edc7422d,633,1788549118674409846,1788549119064784846,390,979.303,452.091,10.763104672963516,8.506293276039402
5b4bffcb-62c3-4bc0-9be5-205b0c6d3b57,a2c3d3dd-30f7-4511-8288-d5c7edc7422d,634,1788549119094784846,1788549121046658846,1952,945.6,407.304,8.658925699766984,11.355991102028423
5b4bffcb-62c3-4bc0-9be5-205b0c6d3b57,a2c3d3dd-30f7-4511-8288-d5c7edc7422d,635,1788549121076658846,1788549122412908846,1336,951.056,408.812,9.007440911722263,11.25696081587846
5b4bffcb-62c3-4bc0-9be5-205b0c6d3b57,a2c3d3dd-30f7-4511-8288-d5c7edc7422d,636,1788549122718289846,1788549123388908846,671,964.648,476.615,9.804255739029966,6.9663623077732595
5b4bffcb-62c3-4bc0-9be5-205b0c6d3b57,a2c3d3dd-30f7-4511-8288-d5c7edc7422d,637,1788549123413908846,1788549123954407846,540,965.645,506.367,9.84567158616108,5.086205220831441
5b4bffcb-62c3-4bc0-9be5-205b0c6d3b57,a2c3d3dd-30f7-4511-8288-d5c7edc7422d,638,1788549124004407846,1788549124154532846,150,1016.777,567.365,13.061366812279834,1.2273889742634667
5b4bffcb-62c3-4bc0-9be5-205b0c6d3b57,a2c3d3dd-30f7-4511-8288-d5c7edc7422d,639,1788549124194657846,1788549125060407846,866,960.491,555.922,9.496972414090504,1.9549423001001862
5b4bffcb-62c3-4bc0-9be5-205b0c6d3b57,a2c3d3dd-30f7-4511-8288-d5c7edc7422d,640,1788549125235657846,1788549126126407846,891,1001.286,573.424,12.079151250069064,0.8467518518661922
5b4bffcb-62c3-4bc0-9be5-205b0c6d3b57,a2c3d3dd-30f7-4511-8288-d5c7edc7422d,641,1788549126161532846,1788549128999157846,2838,986.979,468.958,11.234212505097315,7.437856653024061
5b4bffcb-62c3-4bc0-9be5-205b0c6d3b57,a2c3d3dd-30f7-4511-8288-d5c7edc7422d,642,1788549129199281846,1788549131471530846,2272,821.437,398.022,0.6769117544003911,11.989684146943244
5b4bffcb-62c3-4bc0-9be5-205b0c6d3b57,a2c3d3dd-30f7-4511-8288-d5c7edc7422d,643,1788549131491530846,1788549131731655846,240,846.965,459.216,2.3024937638260403,8.105389759980886
5b4bffcb-62c3-4bc0-9be5-205b0c6d3b57,a2c3d3dd-30f7-4511-8288-d5c7edc7422d,644,1788549131916905846,1788549133963780846,2047,846.781,492.677,2.2837278149134024,5.980839361197396
5b4bffcb-62c3-4bc0-9be5-205b0c6d3b57,a2c3d3dd-30f7-4511-8288-d5c7edc7422d,645,1788549134033905846,1788549134204029846,170,949.005,731.686,8.830961884225289,-9.151496013192155
5b4bffcb-62c3-4bc0-9be5-205b0c6d3b57,a2c3d3dd-30f7-4511-8288-d5c7edc7422d,646,1788549134254030846,1788549134599404846,345,860.214,708.533,3.1454520396505137,-7.722591345603569
5b4bffcb-62c3-4bc0-9be5-205b0c6d3b57,a2c3d3dd-30f7-4511-8288-d5c7edc7422d,647,1788549134619404846,1788549134819654846,200,821.321,719.743,0.6631769486617148,-8.436854724048363
5b4bffcb-62c3-4bc0-9be5-205b0c6d3b57,a2c3d3dd-30f7-4511-8288-d5c7edc7422d,648,1788549134884654846,1788549135034779846,150,866.551,552.24,3.532808331657014,2.1960350425222215
5b4bffcb-62c3-4bc0-9be5-205b0c6d3b57,a2c3d3dd-30f7-4511-8288-d5c7edc7422d,649,1788549135225029846,1788549135540279846,315,789.027,520.991,-1.3952248612157345,4.18251187189908
5b4bffcb-62c3-4bc0-9be5-205b0c6d3b57,a2c3d3dd-30f7-4511-8288-d5c7edc7422d,650,1788549135575279846,1788549135775529846,200,843.989,519.539,2.101980366872684,4.274647702482183
5b4bffcb-62c3-4bc0-9be5-205b0c6d3b57,a2c3d3dd-30f7-4511-8288-d5c7edc7422d,651,1788549135805529846,1788549136095779846,290,883.202,494.512,4.604414014898321,5.859323057822318
5b4bffcb-62c3-4bc0-9be5-205b0c6d3b57,a2c3d3dd-30f7-4511-8288-d5c7edc7422d,652,1788549136245904846,1788549138923528846,2678,860.053,494.639,3.129253180823853,5.854798579400446
5b4bffcb-62c3-4bc0-9be5-205b0c6d3b57,a2c3d3dd-30f7-4511-8288-d5c7edc7422d,653,1788549138973528846,1788549139944403846,971,868.594,567.856,3.661314611078934,1.204115351807108
5b4bffcb-62c3-4bc0-9be5-205b0c6d3b57,a2c3d3dd-30f7-4511-8288-d5c7edc7422d,654,1788549140124653846,1788549141355777846,1231,990.19,454.457,11.45512172543443,8.350017989574749
5b4bffcb-62c3-4bc0-9be5-205b0c6d3b57,a2c3d3dd-30f7-4511-8288-d5c7edc7422d,655,1788549141385777846,1788549141801152846,415,989.703,545.787,11.352635469690924,2.590739960527781
5b4bffcb-62c3-4bc0-9be5-205b0c6d3b57,a2c3d3dd-30f7-4511-8288-d5c7edc7422d,656,1788549142011402846,1788549142652036846,641,850.682,495.521,2.5318648913418866,5.799854201010932
5b4bffcb-62c3-4bc0-9be5-205b0c6d3b57,a2c3d3dd-30f7-4511-8288-d5c7edc7422d,657,1788549142692027846,1788549143282527846,590,927.911,576.265,7.4267998827149615,0.669355267739847
5b4bffcb-62c3-4bc0-9be5-205b0c6d3b57,a2c3d3dd-30f7-4511-8288-d5c7edc7422d,658,1788549143322652846,1788549144443651846,1121,909.878,643.829,6.288608749630805,-3.6131810499422783
5b4bffcb-62c3-4bc0-9be5-205b0c6d3b57,a2c3d3dd-30f7-4511-8288-d5c7edc7422d,659,1788549144498781846,1788549144648901846,150,1095.894,648.954,18.085541984431046,-3.8666577567450893
5b4bffcb-62c3-4bc0-9be5-205b0c6d3b57,a2c3d3dd-30f7-4511-8288-d5c7edc7422d,660,1788549144708905846,1788549144934151846,225,981.523,489.521,10.867590025335712,6.143584690644572
5b4bffcb-62c3-4bc0-9be5-205b0c6d3b57,a2c3d3dd-30f7-4511-8288-d5c7edc7422d,661,1788549144969151846,1788549146520658846,1552,940.118,420.937,8.291195665991559,10.498144034616367
5b4bffcb-62c3-4bc0-9be5-205b0c6d3b57,a2c3d3dd-30f7-4511-8288-d5c7edc7422d,662,1788549146770901846,1788549148427400846,1656,871.117,602.504,3.8210279426889975,-0.9960379252405246
5b4bffcb-62c3-4bc0-9be5-205b0c6d3b57,a2c3d3dd-30f7-4511-8288-d5c7edc7422d,663,1788549148457400846,1788549150013900846,1556,850.487,571.88,2.5109122935518027,0.9488174735232161
5b4bffcb-62c3-4bc0-9be5-205b0c6d3b57,a2c3d3dd-30f7-4511-8288-d5c7edc7422d,664,1788549150224150846,1788549151034903846,811,841.926,643.374,1.96898982105401,-3.5924500599412537
5b4bffcb-62c3-4bc0-9be5-205b0c6d3b57,a2c3d3dd-30f7-4511-8288-d5c7edc7422d,665,1788549151094900846,1788549151645409846,551,700.939,618.791,-6.984142414877929,-2.024345244673539
5b4bffcb-62c3-4bc0-9be5-205b0c6d3b57,a2c3d3dd-30f7-4511-8288-d5c7edc7422d,666,1788549152080907846,1788549153036774846,956,992.768,544.199,11.547613312345108,2.690260943718036
5b4bffcb-62c3-4bc0-9be5-205b0c6d3b57,a2c3d3dd-30f7-4511-8288-d5c7edc7422d,667,1788549153091780846,1788549153352024846,260,870.717,447.257,3.825627171277299,8.860013176394425
5b4bffcb-62c3-4bc0-9be5-205b0c6d3b57,a2c3d3dd-30f7-4511-8288-d5c7edc7422d,668,1788549153387149846,1788549156980534846,3593,810.048,460.496,-0.057343561072045114,8.025996633918597
5b4bffcb-62c3-4bc0-9be5-205b0c6d3b57,a2c3d3dd-30f7-4511-8288-d5c7edc7422d,669,1788549157160651846,1788549157375898846,215,864.236,519.309,3.3904151927771267,4.287760340699565
5b4bffcb-62c3-4bc0-9be5-205b0c6d3b57,a2c3d3dd-30f7-4511-8288-d5c7edc7422d,670,1788549157405898846,1788549158877272846,1471,869.009,441.955,3.7186214574181156,9.196711779175045
5b4bffcb-62c3-4bc0-9be5-205b0c6d3b57,a2c3d3dd-30f7-4511-8288-d5c7edc7422d,671,1788549158992397846,1788549161830021846,2838,818.404,431.558,0.4787111098039182,9.862767185304481
5b4bffcb-62c3-4bc0-9be5-205b0c6d3b57,a2c3d3dd-30f7-4511-8288-d5c7edc7422d,672,1788549162025271846,1788549162265396846,240,750.921,414.965,-3.8543051480495936,10.904786123678173
5b4bffcb-62c3-4bc0-9be5-205b0c6d3b57,a2c3d3dd-30f7-4511-8288-d5c7edc7422d,673,1788549162285521846,1788549162635782846,350,606.397,309.281,-13.360341127466894,17.435376913910336
5b4bffcb-62c3-4bc0-9be5-205b0c6d3b57,a2c3d3dd-30f7-4511-8288-d5c7edc7422d,674,1788549162660776846,1788549162866021846,205,564.588,291.826,-16.148030086082052,18.451063190795715
5b4bffcb-62c3-4bc0-9be5-205b0c6d3b57,a2c3d3dd-30f7-4511-8288-d5c7edc7422d,675,1788549162891021846,1788549163176271846,285,583.938,281.617,-14.92076346794093,19.127433219588976
5b4bffcb-62c3-4bc0-9be5-205b0c6d3b57,a2c3d3dd-30f7-4511-8288-d5c7edc7422d,676,1788549163216396846,1788549163501657846,285,526.929,321.482,-18.481569110374295,16.526327828709025
5b4bffcb-62c3-4bc0-9be5-205b0c6d3b57,a2c3d3dd-30f7-4511-8288-d5c7edc7422d,677,1788549163631771846,1788549164812895846,1181,735.26,547.901,-4.80894221062709,2.469586315860736
5b4bffcb-62c3-4bc0-9be5-205b0c6d3b57,a2c3d3dd-30f7-4511-8288-d5c7edc7422d,678,1788549164847895846,1788549164953020846,105,849.478,585.512,2.446497537963183,0.08270689418089659
5b4bffcb-62c3-4bc0-9be5-205b0c6d3b57,a2c3d3dd-30f7-4511-8288-d5c7edc7422d,679,1788549164973020846,1788549165348395846,375,850.489,675.76,2.5178797382730433,-5.646730867750442
5b4bffcb-62c3-4bc0-9be5-205b0c6d3b57,a2c3d3dd-30f7-4511-8288-d5c7edc7422d,680,1788549165573520846,1788549166104020846,530,817.871,597.201,0.4388676499338778,-0.6602136831827254
5b4bffcb-62c3-4bc0-9be5-205b0c6d3b57,a2c3d3dd-30f7-4511-8288-d5c7edc7422d,681,1788549166124028846,1788549169877644846,3754,811.952,547.785,0.06304947078927026,2.480362533464455
5b4bffcb-62c3-4bc0-9be5-205b0c6d3b57,a2c3d3dd-30f7-4511-8288-d5c7edc7422d,682,1788549169907644846,1788549171894518846,1987,807.278,425.031,-0.23469300525237355,10.276715872065903
5b4bffcb-62c3-4bc0-9be5-205b0c6d3b57,a2c3d3dd-30f7-4511-8288-d5c7edc7422d,683,1788549171929532846,1788549173175768846,1246,850.451,449.296,2.5280915350284343,8.734453446197971
5b4bffcb-62c3-4bc0-9be5-205b0c6d3b57,a2c3d3dd-30f7-4511-8288-d5c7edc7422d,684,1788549173420903846,1788549174291768846,871,880.681,488.212,4.445882490384859,6.259619921474106
5b4bffcb-62c3-4bc0-9be5-205b0c6d3b57,a2c3d3dd-30f7-4511-8288-d5c7edc7422d,685,1788549174316768846,1788549175943267846,1626,916.953,546.359,6.735776474021349,2.5653582891511943
5b4bffcb-62c3-4bc0-9be5-205b0c6d3b57,a2c3d3dd-30f7-4511-8288-d5c7edc7422d,686,1788549175998397846,1788549179336516846,3338,682.157,589.675,-8.172131506535143,-0.17977119882682835
5b4bffcb-62c3-4bc0-9be5-205b0c6d3b57,a2c3d3dd-30f7-4511-8288-d5c7edc7422d,687,1788549179391516846,1788549179576771846,185,729.721,444.476,-5.196892745382539,9.027499609574825
5b4bffcb-62c3-4bc0-9be5-205b0c6d3b57,a2c3d3dd-30f7-4511-8288-d5c7edc7422d,688,1788549179591766846,1788549179751891846,160,693.203,440.057,-7.534192859209686,9.291005204684035
5b4bffcb-62c3-4bc0-9be5-205b0c6d3b57,a2c3d3dd-30f7-4511-8288-d5c7edc7422d,689,1788549179972141846,1788549180137266846,165,729.913,418.127,-5.2005677008757925,10.696535624828005
5b4bffcb-62c3-4bc0-9be5-205b0c6d3b57,a2c3d3dd-30f7-4511-8288-d5c7edc7422d,690,1788549180167266846,1788549180602641846,435,705.323,452.265,-6.750836521740223,8.524494006092278
5b4bffcb-62c3-4bc0-9be5-205b0c6d3b57,a2c3d3dd-30f7-4511-8288-d5c7edc7422d,691,1788549180913016846,1788549182104140846,1191,884.083,537.307,4.649135899090564,3.1430375537469555
5b4bffcb-62c3-4bc0-9be5-205b0c6d3b57,a2c3d3dd-30f7-4511-8288-d5c7edc7422d,692,1788549182154140846,1788549182709640846,556,811.343,568.761,0.02423360644668517,1.1471869810650908
5b4bffcb-62c3-4bc0-9be5-205b0c6d3b57,a2c3d3dd-30f7-4511-8288-d5c7edc7422d,693,1788549182959890846,1788549183885775846,926,731.904,638.78,-5.0229155299999535,-3.2953379769583564
5b4bffcb-62c3-4bc0-9be5-205b0c6d3b57,a2c3d3dd-30f7-4511-8288-d5c7edc7422d,694,1788549184156015846,1788549184516402846,360,861.041,503.36,3.190233603954674,5.300954254356981
5b4bffcb-62c3-4bc0-9be5-205b0c6d3b57,a2c3d3dd-30f7-4511-8288-d5c7edc7422d,695,1788549184581390846,1788549186783514846,2202,1097.529,624.283,18.17333418268276,-2.3285260282837887
5b4bffcb-62c3-4bc0-9be5-205b0c6d3b57,a2c3d3dd-30f7-4511-8288-d5c7edc7422d,696,1788549187053764846,1788549187133889846,80,686.06,616.163,-7.92675816834262,-1.8560168959338157
5b4bffcb-62c3-4bc0-9be5-205b0c6d3b57,a2c3d3dd-30f7-4511-8288-d5c7edc7422d,697,1788549187173889846,1788549187494139846,320,611.494,619.605,-12.645623693968354,-2.0592945427299716
5b4bffcb-62c3-4bc0-9be5-205b0c6d3b57,a2c3d3dd-30f7-4511-8288-d5c7edc7422d,698,1788549187559263846,1788549187889513846,330,797.81,457.841,-0.8396645784281608,8.194033152489995
5b4bffcb-62c3-4bc0-9be5-205b0c6d3b57,a2c3d3dd-30f7-4511-8288-d5c7edc7422d,699,1788549187929638846,1788549188179888846,250,751.736,437.65,-3.791791388827531,9.467223756247657
5b4bffcb-62c3-4bc0-9be5-205b0c6d3b57,a2c3d3dd-30f7-4511-8288-d5c7edc7422d,700,1788549188214888846,1788549188465138846,250,803.538,433.72,-0.47432200301171756,9.725273785478388
5b4bffcb-62c3-4bc0-9be5-205b0c6d3b57,a2c3d3dd-30f7-4511-8288-d5c7edc7422d,701,1788549188495138846,1788549189350888846,856,843.034,460.667,2.050927784783803,8.013708567643686
5b4bffcb-62c3-4bc0-9be5-205b0c6d3b57,a2c3d3dd-30f7-4511-8288-d5c7edc7422d,702,1788549189365888846,1788549192053520846,2688,830.571,462.643,1.2540844259821229,7.889252395351457
5b4bffcb-62c3-4bc0-9be5-205b0c6d3b57,a2c3d3dd-30f7-4511-8288-d5c7edc7422d,703,1788549192083512846,1788549194625886846,2542,865.593,511.759,3.4782756340668555,4.767047482134902
5b4bffcb-62c3-4bc0-9be5-205b0c6d3b57,a2c3d3dd-30f7-4511-8288-d5c7edc7422d,704,1788549194670886846,1788549196797886846,2127,883.639,421.041,4.667481645251905,10.518350982381268
5b4bffcb-62c3-4bc0-9be5-205b0c6d3b57,a2c3d3dd-30f7-4511-8288-d5c7edc7422d,705,1788549196818011846,1788549197919010846,1101,912.1,512.373,6.437689495978741,4.720721602291106
5b4bffcb-62c3-4bc0-9be5-205b0c6d3b57,a2c3d3dd-30f7-4511-8288-d5c7edc7422d,706,1788549198109135846,1788549199185135846,1076,917.917,559.273,6.79448944324528,1.7465817713690346
5b4bffcb-62c3-4bc0-9be5-205b0c6d3b57,a2c3d3dd-30f7-4511-8288-d5c7edc7422d,707,1788549199215260846,1788549200791760846,1576,936.804,454.436,8.046792166710638,8.381761586148192
5b4bffcb-62c3-4bc0-9be5-205b0c6d3b57,a2c3d3dd-30f7-4511-8288-d5c7edc7422d,708,1788549200821760846,1788549201577384846,756,932.475,383.421,7.844319769565548,12.873836053047699
5b4bffcb-62c3-4bc0-9be5-205b0c6d3b57,a2c3d3dd-30f7-4511-8288-d5c7edc7422d,709,1788549201602509846,1788549202112884846,510,924.619,452.471,7.269826609633485,8.511616291531418
5b4bffcb-62c3-4bc0-9be5-205b0c6d3b57,a2c3d3dd-30f7-4511-8288-d5c7edc7422d,710,1788549202138009846,1788549203454259846,1316,934.994,516.369,7.891965649923934,4.4623778929031825
5b4bffcb-62c3-4bc0-9be5-205b0c6d3b57,a2c3d3dd-30f7-4511-8288-d5c7edc7422d,711,1788549203549259846,1788549204725383846,1176,941.677,580.526,8.299882553278373,0.3993421177618251
5b4bffcb-62c3-4bc0-9be5-205b0c6d3b57,a2c3d3dd-30f7-4511-8288-d5c7edc7422d,712,1788549204750383846,1788549205065758846,315,952.805,517.77,9.023307597549977,4.3692001834252725
5b4bffcb-62c3-4bc0-9be5-205b0c6d3b57,a2c3d3dd-30f7-4511-8288-d5c7edc7422d,713,1788549205090758846,1788549205761383846,671,961.521,485.978,9.597535020465024,6.376191824404341
5b4bffcb-62c3-4bc0-9be5-205b0c6d3b57,a2c3d3dd-30f7-4511-8288-d5c7edc7422d,714,1788549205811383846,1788549205951508846,140,799.354,447.375,-0.7415962124624065,8.85846436164379
5b4bffcb-62c3-4bc0-9be5-205b0c6d3b57,a2c3d3dd-30f7-4511-8288-d5c7edc7422d,715,1788549206096633846,1788549206271883846,175,1003.847,481.695,12.295003263787658,6.625576310574748
5b4bffcb-62c3-4bc0-9be5-205b0c6d3b57,a2c3d3dd-30f7-4511-8288-d5c7edc7422d,716,1788549206427008846,1788549207307883846,881,713.688,498.366,-6.1928218800137245,5.607466921357253
5b4bffcb-62c3-4bc0-9be5-205b0c6d3b57,a2c3d3dd-30f7-4511-8288-d5c7edc7422d,717,1788549207352882846,1788549208524007846,1171,598.508,549.262,-13.470184859728832,2.3633627340669743
5b4bffcb-62c3-4bc0-9be5-205b0c6d3b57,a2c3d3dd-30f7-4511-8288-d5c7edc7422d,718,1788549208709132846,1788549209129507846,420,664.926,482.925,-9.302279952670396,6.567303777278808
5b4bffcb-62c3-4bc0-9be5-205b0c6d3b57,a2c3d3dd-30f7-4511-8288-d5c7edc7422d,719,1788549209164632846,1788549210225632846,1061,710.234,475.029,-6.423758292187172,7.084949208926127
5b4bffcb-62c3-4bc0-9be5-205b0c6d3b57,a2c3d3dd-30f7-4511-8288-d5c7edc7422d,720,1788549210605881846,1788549210836132846,230,1071.835,521.789,16.57137545262403,4.073651460358011
5b4bffcb-62c3-4bc0-9be5-205b0c6d3b57,a2c3d3dd-30f7-4511-8288-d5c7edc7422d,721,1788549210876131846,1788549212137381846,1261,992.081,552.556,11.501017667638209,2.1633224827664197
5b4bffcb-62c3-4bc0-9be5-205b0c6d3b57,a2c3d3dd-30f7-4511-8288-d5c7edc7422d,722,1788549212182381846,1788549212592760846,410,918.362,505.139,6.839070797222869,5.177796764314181
5b4bffcb-62c3-4bc0-9be5-205b0c6d3b57,a2c3d3dd-30f7-4511-8288-d5c7edc7422d,723,1788549212652885846,1788549213108264846,455,698.899,464.111,-7.152670849689201,7.771919063594687
5b4bffcb-62c3-4bc0-9be5-205b0c6d3b57,a2c3d3dd-30f7-4511-8288-d5c7edc7422d,724,1788549213138256846,1788549213278506846,140,666.734,441.527,-9.223332800307293,9.182813397934417
5b4bffcb-62c3-4bc0-9be5-205b0c6d3b57,a2c3d3dd-30f7-4511-8288-d5c7edc7422d,725,1788549213508631846,1788549213588756846,80,653.183,471.743,-10.057967938554906,7.267582771825688
5b4bffcb-62c3-4bc0-9be5-205b0c6d3b57,a2c3d3dd-30f7-4511-8288-d5c7edc7422d,726,1788549213638756846,1788549214945005846,1306,572.215,520.26,-15.14820292885433,4.174959397816043
5b4bffcb-62c3-4bc0-9be5-205b0c6d3b57,a2c3d3dd-30f7-4511-8288-d5c7edc7422d,727,1788549214995005846,1788549216686637846,1692,742.522,472.487,-4.366733804074837,7.255628080301814
5b4bffcb-62c3-4bc0-9be5-205b0c6d3b57,a2c3d3dd-30f7-4511-8288-d5c7edc7422d,728,1788549216851755846,1788549217267255846,416,650.326,591.824,-10.187094572358333,-0.3142173114410608
5b4bffcb-62c3-4bc0-9be5-205b0c6d3b57,a2c3d3dd-30f7-4511-8288-d5c7edc7422d,729,1788549217327255846,1788549217957892846,631,864.064,479.234,3.3890509529337383,6.832304507891018
5b4bffcb-62c3-4bc0-9be5-205b0c6d3b57,a2c3d3dd-30f7-4511-8288-d5c7edc7422d,730,1788549218002879846,1788549218793637846,791,608.083,345.669,-13.151090258793586,15.156443653333415
5b4bffcb-62c3-4bc0-9be5-205b0c6d3b57,a2c3d3dd-30f7-4511-8288-d5c7edc7422d,731,1788549218998879846,1788549219279129846,280,953.479,-88.84,11.362814137246291,42.957402397964266
5b4bffcb-62c3-4bc0-9be5-205b0c6d3b57,a2c3d3dd-30f7-4511-8288-d5c7edc7422d,732,1788549219304129846,1788549219824629846,520,931.05,-62.125,9.375971335801003,41.2614499875014
5b4bffcb-62c3-4bc0-9be5-205b0c6d3b57,a2c3d3dd-30f7-4511-8288-d5c7edc7422d,733,1788549219914754846,1788549220144879846,230,881.882,-3.641,5.318731312343543,37.51985545669197
5b4bffcb-62c3-4bc0-9be5-205b0c6d3b57,a2c3d3dd-30f7-4511-8288-d5c7edc7422d,734,1788549220280004846,1788549220575254846,295,422.517,316.088,-25.278672421620787,16.61340328540821
5b4bffcb-62c3-4bc0-9be5-205b0c6d3b57,a2c3d3dd-30f7-4511-8288-d5c7edc7422d,735,1788549220745504846,1788549220955629846,210,862.84,699.419,3.3104139614337704,-7.1447659470182225
5b4bffcb-62c3-4bc0-9be5-205b0c6d3b57,a2c3d3dd-30f7-4511-8288-d5c7edc7422d,736,1788549220995754846,1788549221145878846,150,749.799,748.669,-3.9179250659811657,-10.257190844039616
5b4bffcb-62c3-4bc0-9be5-205b0c6d3b57,a2c3d3dd-30f7-4511-8288-d5c7edc7422d,737,1788549221180878846,1788549221766378846,586,693.703,732.27,-7.495035444275847,-9.195998112952378
5b4bffcb-62c3-4bc0-9be5-205b0c6d3b57,a2c3d3dd-30f7-4511-8288-d5c7edc7422d,738,1788549221811503846,1788549225104641846,3293,864.096,621.806,3.376234270089129,-2.2218649825883814
5b4bffcb-62c3-4bc0-9be5-205b0c6d3b57,a2c3d3dd-30f7-4511-8288-d5c7edc7422d,739,1788549225234752846,1788549226335752846,1101,871.02,712.663,3.8367854713864475,-7.981922816342466
5b4bffcb-62c3-4bc0-9be5-205b0c6d3b57,a2c3d3dd-30f7-4511-8288-d5c7edc7422d,740,1788549226360752846,1788549227276626846,916,848.767,619.059,2.402101060990167,-2.048236675608015
5b4bffcb-62c3-4bc0-9be5-205b0c6d3b57,a2c3d3dd-30f7-4511-8288-d5c7edc7422d,741,1788549227331626846,1788549227461751846,130,1003.754,625.124,12.239658925487404,-2.4098855713731306
5b4bffcb-62c3-4bc0-9be5-205b0c6d3b57,a2c3d3dd-30f7-4511-8288-d5c7edc7422d,742,1788549227491764846,1788549228297638846,806,966.383,615.075,9.868528580227844,-1.7836652845491816
5b4bffcb-62c3-4bc0-9be5-205b0c6d3b57,a2c3d3dd-30f7-4511-8288-d5c7edc7422d,743,1788549228362626846,1788549228572876846,210,818.334,585.308,0.4682749200155455,0.09557300374345715
5b4bffcb-62c3-4bc0-9be5-205b0c6d3b57,a2c3d3dd-30f7-4511-8288-d5c7edc7422d,744,1788549228703001846,1788549229058251846,355,1440.546,521.615,40.12840895127789,3.8623458504570647
5b4bffcb-62c3-4bc0-9be5-205b0c6d3b57,a2c3d3dd-30f7-4511-8288-d5c7edc7422d,745,1788549229298501846,1788549229373626846,75,297.44,537.004,-32.461672049746,3.010030468871323
5b4bffcb-62c3-4bc0-9be5-205b0c6d3b57,a2c3d3dd-30f7-4511-8288-d5c7edc7422d,746,1788549229408627846,1788549229613876846,205,207.364,581.54,-38.165711280481084,0.34891747261869194
5b4bffcb-62c3-4bc0-9be5-205b0c6d3b57,a2c3d3dd-30f7-4511-8288-d5c7edc7422d,747,1788549229718876846,1788549229849001846,130,897.807,506.971,5.530129975543906,5.066121659043762
5b4bffcb-62c3-4bc0-9be5-205b0c6d3b57,a2c3d3dd-30f7-4511-8288-d5c7edc7422d,748,1788549229884126846,1788549230930000846,1046,965.64,508.811,9.843836590776062,4.931792931384814
5b4bffcb-62c3-4bc0-9be5-205b0c6d3b57,a2c3d3dd-30f7-4511-8288-d5c7edc7422d,749,1788549231070250846,1788549231155250846,85,1516.533,464.162,45.338672069876715,7.1085216493474075
5b4bffcb-62c3-4bc0-9be5-205b0c6d3b57,a2c3d3dd-30f7-4511-8288-d5c7edc7422d,750,1788549231270375846,1788549231415500846,145,1498.857,667.142,43.970578156571946,-4.574382678525154
5b4bffcb-62c3-4bc0-9be5-205b0c6d3b57,a2c3d3dd-30f7-4511-8288-d5c7edc7422d,751,1788549231455500846,1788549231886000846,430,1519.446,548.013,45.26744684582152,2.289674216641771
5b4bffcb-62c3-4bc0-9be5-205b0c6d3b57,a2c3d3dd-30f7-4511-8288-d5c7edc7422d,752,1788549232126125846,1788549232866875846,741,690.418,575.957,-7.649420227195854,0.6884625635663595
5b4bffcb-62c3-4bc0-9be5-205b0c6d3b57,a2c3d3dd-30f7-4511-8288-d5c7edc7422d,753,1788549232901875846,1788549233847749846,946,841.867,544.037,1.9646743887821505,2.7181388279008774
5b4bffcb-62c3-4bc0-9be5-205b0c6d3b57,a2c3d3dd-30f7-4511-8288-d5c7edc7422d,754,1788549233867874846,1788549235729624846,1862,886.279,536.82,4.788834554631221,3.1737226627689497
5b4bffcb-62c3-4bc0-9be5-205b0c6d3b57,a2c3d3dd-30f7-4511-8288-d5c7edc7422d,755,1788549235754624846,1788549236990748846,1236,874.782,507.691,4.064214332233704,5.024243422900903
5b4bffcb-62c3-4bc0-9be5-205b0c6d3b57,a2c3d3dd-30f7-4511-8288-d5c7edc7422d,756,1788549237160874846,1788549238346998846,1186,726.218,432.039,-5.4283604350211645,9.814004605789494
5b4bffcb-62c3-4bc0-9be5-205b0c6d3b57,a2c3d3dd-30f7-4511-8288-d5c7edc7422d,757,1788549238377123846,1788549238562248846,185,702.397,402.271,-6.97957240019207,11.685479767566795
5b4bffcb-62c3-4bc0-9be5-205b0c6d3b57,a2c3d3dd-30f7-4511-8288-d5c7edc7422d,758,1788549238607248846,1788549241459997846,2853,645.401,411.016,-10.62424426957402,11.091129536382235
5b4bffcb-62c3-4bc0-9be5-205b0c6d3b57,a2c3d3dd-30f7-4511-8288-d5c7edc7422d,759,1788549241590122846,1788549242731126846,1141,781.635,395.739,-1.886698822574956,12.131337203972969
5b4bffcb-62c3-4bc0-9be5-205b0c6d3b57,a2c3d3dd-30f7-4511-8288-d5c7edc7422d,760,1788549242756247846,1788549245128371846,2372,821.645,412.587,0.6885607486895073,11.066122309629055
5b4bffcb-62c3-4bc0-9be5-205b0c6d3b57,a2c3d3dd-30f7-4511-8288-d5c7edc7422d,761,1788549245148496846,1788549246314506846,1166,847.825,349.771,2.3971075701240845,15.043227866392298
5b4bffcb-62c3-4bc0-9be5-205b0c6d3b57,a2c3d3dd-30f7-4511-8288-d5c7edc7422d,762,1788549246429620846,1788549246694879846,265,863.594,321.329,3.4415369418855013,16.838278370378816
5b4bffcb-62c3-4bc0-9be5-205b0c6d3b57,a2c3d3dd-30f7-4511-8288-d5c7edc7422d,763,1788549246724870846,1788549247860995846,1136,864.718,375.962,3.476973316166883,13.380241646364032
5b4bffcb-62c3-4bc0-9be5-205b0c6d3b57,a2c3d3dd-30f7-4511-8288-d5c7edc7422d,764,1788549247886004846,1788549248511620846,626,868.543,428.817,3.6947056056710337,10.029927128981699
5b4bffcb-62c3-4bc0-9be5-205b0c6d3b57,a2c3d3dd-30f7-4511-8288-d5c7edc7422d,765,1788549248541620846,1788549249747744846,1206,873.444,492.285,3.9832966452492666,6.002385899597271
5b4bffcb-62c3-4bc0-9be5-205b0c6d3b57,a2c3d3dd-30f7-4511-8288-d5c7edc7422d,766,1788549249782749846,1788549250108119846,325,885.278,441.621,4.760465214147348,9.213492715863742
5b4bffcb-62c3-4bc0-9be5-205b0c6d3b57,a2c3d3dd-30f7-4511-8288-d5c7edc7422d,767,1788549250133119846,1788549252735618846,2602,905.598,339.175,6.160515667090225,15.687952594866328
5b4bffcb-62c3-4bc0-9be5-205b0c6d3b57,a2c3d3dd-30f7-4511-8288-d5c7edc7422d,768,1788549252750618846,1788549253421253846,671,920.018,365.265,7.06285784724868,14.029573864730729
5b4bffcb-62c3-4bc0-9be5-205b0c6d3b57,a2c3d3dd-30f7-4511-8288-d5c7edc7422d,769,1788549253441243846,1788549253816618846,375,914.191,407.221,6.640668100264469,11.38025030343801
5b4bffcb-62c3-4bc0-9be5-205b0c6d3b57,a2c3d3dd-30f7-4511-8288-d5c7edc7422d,770,1788549253846618846,1788549255288002846,1441,918.974,479.256,6.8913447796306935,6.817588251438471
5b4bffcb-62c3-4bc0-9be5-205b0c6d3b57,a2c3d3dd-30f7-4511-8288-d5c7edc7422d,771,1788549255302993846,1788549255533243846,230,934.736,446.819,7.921160837394372,8.864587063646708
5b4bffcb-62c3-4bc0-9be5-205b0c6d3b57,a2c3d3dd-30f7-4511-8288-d5c7edc7422d,772,1788549255563242846,1788549256574256846,1011,945.87,386.795,8.703284177807193,12.650884398212735
5b4bffcb-62c3-4bc0-9be5-205b0c6d3b57,a2c3d3dd-30f7-4511-8288-d5c7edc7422d,773,1788549256629242846,1788549256749367846,120,789.853,317.617,-1.374391192372237,17.079831224569144
5b4bffcb-62c3-4bc0-9be5-205b0c6d3b57,a2c3d3dd-30f7-4511-8288-d5c7edc7422d,774,1788549256914492846,1788549257079617846,165,939.635,400.688,8.283688066995264,11.777989644386974
5b4bffcb-62c3-4bc0-9be5-205b0c6d3b57,a2c3d3dd-30f7-4511-8288-d5c7edc7422d,775,1788549257334867846,1788549259351741846,2017,671.139,542.332,-8.877348751280378,2.814247196704918
5b4bffcb-62c3-4bc0-9be5-205b0c6d3b57,a2c3d3dd-30f7-4511-8288-d5c7edc7422d,776,1788549259566991846,1788549260052491846,486,777.659,436.545,-2.1320908771110574,9.543133013107868
5b4bffcb-62c3-4bc0-9be5-205b0c6d3b57,a2c3d3dd-30f7-4511-8288-d5c7edc7422d,777,1788549260122491846,1788549260377741846,255,696.965,288.872,-7.486588259728535,18.840157217844812
5b4bffcb-62c3-4bc0-9be5-205b0c6d3b57,a2c3d3dd-30f7-4511-8288-d5c7edc7422d,778,1788549260412741846,1788549260592991846,180,711.202,363.914,-6.452239535341961,14.115499741624975
5b4bffcb-62c3-4bc0-9be5-205b0c6d3b57,a2c3d3dd-30f7-4511-8288-d5c7edc7422d,779,1788549260662991846,1788549260843241846,180,747.647,603.516,-4.020162740357645,-1.0599130967741748
5b4bffcb-62c3-4bc0-9be5-205b0c6d3b57,a2c3d3dd-30f7-4511-8288-d5c7edc7422d,780,1788549260873241846,1788549261128491846,255,755.785,637.2,-3.5061042676074434,-3.1981100182128603
5b4bffcb-62c3-4bc0-9be5-205b0c6d3b57,a2c3d3dd-30f7-4511-8288-d5c7edc7422d,781,1788549261168491846,1788549261353626846,185,836.724,655.562,1.6392013262315248,-4.366366038536595
5b4bffcb-62c3-4bc0-9be5-205b0c6d3b57,a2c3d3dd-30f7-4511-8288-d5c7edc7422d,782,1788549261658991846,1788549261919243846,260,1028.191,969.279,14.606783181414777,-23.915053589872777
5b4bffcb-62c3-4bc0-9be5-205b0c6d3b57,a2c3d3dd-30f7-4511-8288-d5c7edc7422d,783,1788549261964241846,1788549262164490846,200,923.203,850.246,7.317650205548827,-16.633333401885775
5b4bffcb-62c3-4bc0-9be5-205b0c6d3b57,a2c3d3dd-30f7-4511-8288-d5c7edc7422d,784,1788549262239490846,1788549262414631846,175,896.543,575.396,5.435748777044481,0.724930068922756
5b4bffcb-62c3-4bc0-9be5-205b0c6d3b57,a2c3d3dd-30f7-4511-8288-d5c7edc7422d,785,1788549262464743846,1788549262614865846,150,772.147,548.987,-2.4662693414083265,2.402964872327685
5b4bffcb-62c3-4bc0-9be5-205b0c6d3b57,a2c3d3dd-30f7-4511-8288-d5c7edc7422d,786,1788549262674868846,1788549262920115846,245,731.214,443.184,-5.102173843573562,9.109926662468123
5b4bffcb-62c3-4bc0-9be5-205b0c6d3b57,a2c3d3dd-30f7-4511-8288-d5c7edc7422d,787,1788549262965240846,1788549263410615846,445,748.473,539.08,-3.971180828934956,3.0306411684245864
5b4bffcb-62c3-4bc0-9be5-205b0c6d3b57,a2c3d3dd-30f7-4511-8288-d5c7edc7422d,788,1788549263460626846,1788549264141365846,681,754.921,461.722,-3.57916764564327,7.941424979897839
5b4bffcb-62c3-4bc0-9be5-205b0c6d3b57,a2c3d3dd-30f7-4511-8288-d5c7edc7422d,789,1788549264356490846,1788549264441619846,85,449.202,598.341,-22.8628506326216,-0.6982074681993445
5b4bffcb-62c3-4bc0-9be5-205b0c6d3b57,a2c3d3dd-30f7-4511-8288-d5c7edc7422d,790,1788549264511615846,1788549264676750846,165,200.999,606.429,-38.57543365899368,-1.110041259389823
5b4bffcb-62c3-4bc0-9be5-205b0c6d3b57,a2c3d3dd-30f7-4511-8288-d5c7edc7422d,791,1788549264826990846,1788549265027115846,200,688.579,1048.796,-8.448146265072968,-29.059305718848854
5b4bffcb-62c3-4bc0-9be5-205b0c6d3b57,a2c3d3dd-30f7-4511-8288-d5c7edc7422d,792,1788549265087239846,1788549265367489846,280,861.343,1042.974,3.4964260488052696,-28.78628223008155
5b4bffcb-62c3-4bc0-9be5-205b0c6d3b57,a2c3d3dd-30f7-4511-8288-d5c7edc7422d,793,1788549265427489846,1788549265542614846,115,869.083,885.108,3.822764027656912,-18.8622213223711
5b4bffcb-62c3-4bc0-9be5-205b0c6d3b57,a2c3d3dd-30f7-4511-8288-d5c7edc7422d,794,1788549265587619846,1788549265847864846,260,732.181,850.824,-5.1268741476488335,-16.689270139974145
5b4bffcb-62c3-4bc0-9be5-205b0c6d3b57,a2c3d3dd-30f7-4511-8288-d5c7edc7422d,795,1788549265942989846,1788549266478489846,536,795.657,353.194,-0.9893394070705264,14.828905388979944
5b4bffcb-62c3-4bc0-9be5-205b0c6d3b57,a2c3d3dd-30f7-4511-8288-d5c7edc7422d,796,1788549266823864846,1788549266943989846,120,1018.072,936.158,13.783992437506482,-21.873893690614892
5b4bffcb-62c3-4bc0-9be5-205b0c6d3b57,a2c3d3dd-30f7-4511-8288-d5c7edc7422d,797,1788549266983989846,1788549267639614846,656,974.276,858.094,10.659833148945502,-17.070284322791668
5b4bffcb-62c3-4bc0-9be5-205b0c6d3b57,a2c3d3dd-30f7-4511-8288-d5c7edc7422d,798,1788549267804739846,1788549267934863846,130,880.33,395.781,4.471296783541935,12.119754687754
5b4bffcb-62c3-4bc0-9be5-205b0c6d3b57,a2c3d3dd-30f7-4511-8288-d5c7edc7422d,799,1788549267979871846,1788549268084988846,105,818.323,376.297,0.47855962891420356,13.366730272420593
5b4bffcb-62c3-4bc0-9be5-205b0c6d3b57,a2c3d3dd-30f7-4511-8288-d5c7edc7422d,800,1788549268280238846,1788549268575488846,295,973.573,933.439,10.818437511836924,-21.78524189782446
5b4bffcb-62c3-4bc0-9be5-205b0c6d3b57,a2c3d3dd-30f7-4511-8288-d5c7edc7422d,801,1788549268600488846,1788549268880738846,280,939.346,915.048,8.500210513606552,-20.68232106708948
5b4bffcb-62c3-4bc0-9be5-205b0c6d3b57,a2c3d3dd-30f7-4511-8288-d5c7edc7422d,802,1788549269120988846,1788549269561368846,440,802.537,604.3,-0.5350706955724256,-1.1111905940685887
5b4bffcb-62c3-4bc0-9be5-205b0c6d3b57,a2c3d3dd-30f7-4511-8288-d5c7edc7422d,803,1788549269676488846,1788549270982737846,1306,834.012,688.784,1.4699462776304404,-6.474085241354878
5b4bffcb-62c3-4bc0-9be5-205b0c6d3b57,a2c3d3dd-30f7-4511-8288-d5c7edc7422d,804,1788549271132862846,1788549271653362846,520,696.089,643.921,-7.296995550101669,-3.6141724748298043
5b4bffcb-62c3-4bc0-9be5-205b0c6d3b57,a2c3d3dd-30f7-4511-8288-d5c7edc7422d,805,1788549271698379846,1788549271838612846,140,825.81,538.063,0.9442307447626163,3.0981391412859822
5b4bffcb-62c3-4bc0-9be5-205b0c6d3b57,a2c3d3dd-30f7-4511-8288-d5c7edc7422d,806,1788549271873612846,1788549272053747846,180,807.799,490.729,-0.20104563301214481,6.10585794167178
5b4bffcb-62c3-4bc0-9be5-205b0c6d3b57,a2c3d3dd-30f7-4511-8288-d5c7edc7422d,807,1788549272103741846,1788549272409112846,305,803.295,412.662,-0.4907694258485706,11.061069539722727
5b4bffcb-62c3-4bc0-9be5-205b0c6d3b57,a2c3d3dd-30f7-4511-8288-d5c7edc7422d,808,1788549272449112846,1788549272634362846,185,817.117,475.432,0.3936554137587535,7.077582059739161
5b4bffcb-62c3-4bc0-9be5-205b0c6d3b57,a2c3d3dd-30f7-4511-8288-d5c7edc7422d,809,1788549272669362846,1788549273249862846,580,823.738,549.533,0.8120998748686803,2.369247093804206
5b4bffcb-62c3-4bc0-9be5-205b0c6d3b57,a2c3d3dd-30f7-4511-8288-d5c7edc7422d,810,1788549273500112846,1788549273710362846,210,845.041,589.698,2.1646717717954496,-0.1832717634196694
5b4bffcb-62c3-4bc0-9be5-205b0c6d3b57,a2c3d3dd-30f7-4511-8288-d5c7edc7422d,811,1788549273745362846,1788549274085612846,340,868.867,653.882,3.683635919976431,-4.256939075793125
5b4bffcb-62c3-4bc0-9be5-205b0c6d3b57,a2c3d3dd-30f7-4511-8288-d5c7edc7422d,812,1788549274100736846,1788549274591111846,490,874.983,674.187,4.077314876543737,-5.543557439140106
5b4bffcb-62c3-4bc0-9be5-205b0c6d3b57,a2c3d3dd-30f7-4511-8288-d5c7edc7422d,813,1788549274836361846,1788549274951486846,115,976.593,643.312,10.524488468007215,-3.564017437506187
5b4bffcb-62c3-4bc0-9be5-205b0c6d3b57,a2c3d3dd-30f7-4511-8288-d5c7edc7422d,814,1788549274991486846,1788549275737236846,746,883.285,647.55,4.599232733229566,-3.853402738285193
5b4bffcb-62c3-4bc0-9be5-205b0c6d3b57,a2c3d3dd-30f7-4511-8288-d5c7edc7422d,815,1788549275772236846,1788549276087611846,315,886.511,571.732,4.799013792912076,0.9576352506824943
5b4bffcb-62c3-4bc0-9be5-205b0c6d3b57,a2c3d3dd-30f7-4511-8288-d5c7edc7422d,816,1788549276117611846,1788549276472861846,355,875.585,533.082,4.109713568784977,3.4120432951223365
5b4bffcb-62c3-4bc0-9be5-205b0c6d3b57,a2c3d3dd-30f7-4511-8288-d5c7edc7422d,817,1788549276502986846,1788549276948361846,445,901.582,592.32,5.755199835642496,-0.3486957517908232
5b4bffcb-62c3-4bc0-9be5-205b0c6d3b57,a2c3d3dd-30f7-4511-8288-d5c7edc7422d,818,1788549276993361846,1788549278229610846,1236,915.585,711.779,6.681339156360184,-7.911745847839299
5b4bffcb-62c3-4bc0-9be5-205b0c6d3b57,a2c3d3dd-30f7-4511-8288-d5c7edc7422d,819,1788549278269610846,1788549278564864846,295,975.75,676.194,10.488969716985958,-5.638104050995336
5b4bffcb-62c3-4bc0-9be5-205b0c6d3b57,a2c3d3dd-30f7-4511-8288-d5c7edc7422d,820,1788549278780110846,1788549279225485846,445,971.778,622.956,10.212316469255919,-2.2804143545510676
5b4bffcb-62c3-4bc0-9be5-205b0c6d3b57,a2c3d3dd-30f7-4511-8288-d5c7edc7422d,821,1788549279290610846,1788549280531734846,1241,953.543,497.876,9.081515670311548,5.627178568690243
5b4bffcb-62c3-4bc0-9be5-205b0c6d3b57,a2c3d3dd-30f7-4511-8288-d5c7edc7422d,822,1788549280706859846,1788549281627734846,921,967.858,618.732,9.962755646022748,-2.014401954472768
5b4bffcb-62c3-4bc0-9be5-205b0c6d3b57,a2c3d3dd-30f7-4511-8288-d5c7edc7422d,823,1788549281682859846,1788549282093234846,410,958.259,709.745,9.401655847182932,-7.762646728192987
5b4bffcb-62c3-4bc0-9be5-205b0c6d3b57,a2c3d3dd-30f7-4511-8288-d5c7edc7422d,824,1788549282113238846,1788549282433484846,320,985.87,675.529,11.13159126486919,-5.591393783821475
5b4bffcb-62c3-4bc0-9be5-205b0c6d3b57,a2c3d3dd-30f7-4511-8288-d5c7edc7422d,825,1788549282488609846,1788549282653734846,165,973.619,547.939,10.331976879674107,2.4576485449572565
5b4bffcb-62c3-4bc0-9be5-205b0c6d3b57,a2c3d3dd-30f7-4511-8288-d5c7edc7422d,826,1788549282703734846,1788549283129234846,426,797.464,501.796,-0.8592447206847711,5.402465341721998
5b4bffcb-62c3-4bc0-9be5-205b0c6d3b57,a2c3d3dd-30f7-4511-8288-d5c7edc7422d,827,1788549283184234846,1788549283379359846,195,804.919,386.059,-0.38722535606807906,12.74782385889686
5b4bffcb-62c3-4bc0-9be5-205b0c6d3b57,a2c3d3dd-30f7-4511-8288-d5c7edc7422d,828,1788549283409493846,1788549283574609846,165,756.768,385.907,-3.4929007313848874,12.747515424818525
5b4bffcb-62c3-4bc0-9be5-205b0c6d3b57,a2c3d3dd-30f7-4511-8288-d5c7edc7422d,829,1788549283664733846,1788549283809858846,145,840.71,474.911,1.8996507184890064,7.109557196685953
5b4bffcb-62c3-4bc0-9be5-205b0c6d3b57,a2c3d3dd-30f7-4511-8288-d5c7edc7422d,830,1788549283849859846,1788549283999983846,150,800.163,503.693,-0.6872914236391928,5.282059001981423
5b4bffcb-62c3-4bc0-9be5-205b0c6d3b57,a2c3d3dd-30f7-4511-8288-d5c7edc7422d,831,1788549284195233846,1788549284600624846,405,771.555,514.384,-2.5074298215215327,4.6010583907440346
5b4bffcb-62c3-4bc0-9be5-205b0c6d3b57,a2c3d3dd-30f7-4511-8288-d5c7edc7422d,832,1788549284630608846,1788549285271233846,641,737.084,508.979,-4.701272097383945,4.93956777233168
5b4bffcb-62c3-4bc0-9be5-205b0c6d3b57,a2c3d3dd-30f7-4511-8288-d5c7edc7422d,833,1788549285311233846,1788549285881733846,570,794.634,536.983,-1.0378664750617648,3.166584048858534
5b4bffcb-62c3-4bc0-9be5-205b0c6d3b57,a2c3d3dd-30f7-4511-8288-d5c7edc7422d,834,1788549285921858846,1788549286222108846,300,831.071,681.082,1.28173197421088,-5.985860324677778
5b4bffcb-62c3-4bc0-9be5-205b0c6d3b57,a2c3d3dd-30f7-4511-8288-d5c7edc7422d,835,1788549286247108846,1788549286697482846,450,812.094,683.979,0.07276900306393327,-6.170023886865715
5b4bffcb-62c3-4bc0-9be5-205b0c6d3b57,a2c3d3dd-30f7-4511-8288-d5c7edc7422d,836,1788549286727607846,1788549286972732846,245,777.856,677.96,-2.1077826720419086,-5.786184721249534
5b4bffcb-62c3-4bc0-9be5-205b0c6d3b57,a2c3d3dd-30f7-4511-8288-d5c7edc7422d,837,1788549287122986846,1788549289094732846,1972,754.291,659.464,-3.604265753092793,-4.610107890519367
5b4bffcb-62c3-4bc0-9be5-205b0c6d3b57,a2c3d3dd-30f7-4511-8288-d5c7edc7422d,838,1788549289129857846,1788549289835481846,706,759.787,703.691,-3.263986511100518,-7.414038061203284
5b4bffcb-62c3-4bc0-9be5-205b0c6d3b57,a2c3d3dd-30f7-4511-8288-d5c7edc7422d,839,1788549289880481846,1788549290486106846,606,869.621,684.224,3.7385105988118545,-6.180685926257758
5b4bffcb-62c3-4bc0-9be5-205b0c6d3b57,a2c3d3dd-30f7-4511-8288-d5c7edc7422d,840,1788549290621231846,1788549291041606846,420,776.645,686.123,-2.185955948002669,-6.303629440419601
5b4bffcb-62c3-4bc0-9be5-205b0c6d3b57,a2c3d3dd-30f7-4511-8288-d5c7edc7422d,841,1788549291071606846,1788549291507106846,436,753.589,698.911,-3.6578649630094566,-7.109944869760613
5b4bffcb-62c3-4bc0-9be5-205b0c6d3b57,a2c3d3dd-30f7-4511-8288-d5c7edc7422d,842,1788549291572106846,1788549292052606846,480,1006.97,665.581,12.464201064166987,-4.954800017314744
5b4bffcb-62c3-4bc0-9be5-205b0c6d3b57,a2c3d3dd-30f7-4511-8288-d5c7edc7422d,843,1788549292232731846,1788549293063481846,831,975.633,490.774,10.491913346665756,6.067168037291293
5b4bffcb-62c3-4bc0-9be5-205b0c6d3b57,a2c3d3dd-30f7-4511-8288-d5c7edc7422d,844,1788549293118605846,1788549293263730846,145,808.205,475.895,-0.17513493640173167,7.048090293434399
5b4bffcb-62c3-4bc0-9be5-205b0c6d3b57,a2c3d3dd-30f7-4511-8288-d5c7edc7422d,845,1788549293318730846,1788549293483980846,165,695.226,306.679,-7.569586374312716,17.715330857300106
5b4bffcb-62c3-4bc0-9be5-205b0c6d3b57,a2c3d3dd-30f7-4511-8288-d5c7edc7422d,846,1788549293508980846,1788549293769239846,260,648.272,309.513,-10.62997042077635,17.48270976541058
5b4bffcb-62c3-4bc0-9be5-205b0c6d3b57,a2c3d3dd-30f7-4511-8288-d5c7edc7422d,847,1788549293794230846,1788549294004355846,210,625.368,341.436,-12.043129085646875,15.445848746501476
5b4bffcb-62c3-4bc0-9be5-205b0c6d3b57,a2c3d3dd-30f7-4511-8288-d5c7edc7422d,848,1788549294039480846,1788549294339730846,300,690.193,324.142,-7.869003632949423,16.609058147023365
5b4bffcb-62c3-4bc0-9be5-205b0c6d3b57,a2c3d3dd-30f7-4511-8288-d5c7edc7422d,849,1788549294364741846,1788549294785105846,420,728.258,321.345,-5.39249580909347,16.81682906559701
5b4bffcb-62c3-4bc0-9be5-205b0c6d3b57,a2c3d3dd-30f7-4511-8288-d5c7edc7422d,850,1788549294815230846,1788549295310605846,495,680.037,335.542,-8.510473861127794,15.88029418855338
5b4bffcb-62c3-4bc0-9be5-205b0c6d3b57,a2c3d3dd-30f7-4511-8288-d5c7edc7422d,851,1788549295410730846,1788549295570855846,160,785.408,360.036,-1.6522859184498198,14.393883903466435
5b4bffcb-62c3-4bc0-9be5-205b0c6d3b57,a2c3d3dd-30f7-4511-8288-d5c7edc7422d,852,1788549295590855846,1788549295806109846,215,884.224,438.826,4.694523342594768,9.391003863809935
5b4bffcb-62c3-4bc0-9be5-205b0c6d3b57,a2c3d3dd-30f7-4511-8288-d5c7edc7422d,853,1788549295836110846,1788549296716979846,881,956.478,512.563,9.259426782743086,4.697472944248027
5b4bffcb-62c3-4bc0-9be5-205b0c6d3b57,a2c3d3dd-30f7-4511-8288-d5c7edc7422d,854,1788549296766979846,1788549297582729846,816,781.178,552.108,-1.8923508425019657,2.205043258858292
5b4bffcb-62c3-4bc0-9be5-205b0c6d3b57,a2c3d3dd-30f7-4511-8288-d5c7edc7422d,855,1788549297617854846,1788549298148354846,530,707.146,490.805,-6.612349411705931,6.084683116556372
5b4bffcb-62c3-4bc0-9be5-205b0c6d3b57,a2c3d3dd-30f7-4511-8288-d5c7edc7422d,856,1788549298258354846,1788549298668854846,410,951.169,242.518,9.345951391353804,21.742437653982588
5b4bffcb-62c3-4bc0-9be5-205b0c6d3b57,a2c3d3dd-30f7-4511-8288-d5c7edc7422d,857,1788549298693854846,1788549299139229846,445,878.93,180.914,4.631997044599646,25.71040069692376
5b4bffcb-62c3-4bc0-9be5-205b0c6d3b57,a2c3d3dd-30f7-4511-8288-d5c7edc7422d,858,1788549299164229846,1788549299644733846,481,855.33,144.748,3.073297195596717,28.018828971554505
5b4bffcb-62c3-4bc0-9be5-205b0c6d3b57,a2c3d3dd-30f7-4511-8288-d5c7edc7422d,859,1788549299679728846,1788549300035103846,355,725.033,196.179,-5.793593296623293,24.720469356189515
5b4bffcb-62c3-4bc0-9be5-205b0c6d3b57,a2c3d3dd-30f7-4511-8288-d5c7edc7422d,860,1788549300055103846,1788549300305353846,250,646.794,213.875,-11.006111854708468,23.49536226223183
5b4bffcb-62c3-4bc0-9be5-205b0c6d3b57,a2c3d3dd-30f7-4511-8288-d5c7edc7422d,861,1788549300490478846,1788549301481480846,991,739.166,185.422,-4.856953302967874,25.414299127924505
5b4bffcb-62c3-4bc0-9be5-205b0c6d3b57,a2c3d3dd-30f7-4511-8288-d5c7edc7422d,862,1788549301641603846,1788549301776728846,135,1014.514,-46.078,15.666328905126006,39.98126052097967
5b4bffcb-62c3-4bc0-9be5-205b0c6d3b57,a2c3d3dd-30f7-4511-8288-d5c7edc7422d,863,1788549301811736846,1788549302192102846,380,1068.835,-164.9,21.89400044278946,47.33308757824354
5b4bffcb-62c3-4bc0-9be5-205b0c6d3b57,a2c3d3dd-30f7-4511-8288-d5c7edc7422d,864,1788549302227114846,1788549302492352846,265,1054.32,-119.893,19.860579387734052,44.5689963357266
5b4bffcb-62c3-4bc0-9be5-205b0c6d3b57,a2c3d3dd-30f7-4511-8288-d5c7edc7422d,865,1788549302552477846,1788549302882727846,330,1143.995,-188.483,28.723496710947597,48.172590101557596
5b4bffcb-62c3-4bc0-9be5-205b0c6d3b57,a2c3d3dd-30f7-4511-8288-d5c7edc7422d,866,1788549302927852846,1788549303067977846,140,1267.079,-104.327,36.365050485446,41.94532449134872
5b4bffcb-62c3-4bc0-9be5-205b0c6d3b57,a2c3d3dd-30f7-4511-8288-d5c7edc7422d,867,1788549303563352846,1788549303763607846,200,1054.074,-224.218,21.896620143590155,51.122215139129324
5b4bffcb-62c3-4bc0-9be5-205b0c6d3b57,a2c3d3dd-30f7-4511-8288-d5c7edc7422d,868,1788549305380102846,1788549305460227846,80,809.525,469.396,-0.09085934236455613,7.460832566814577
5b4bffcb-62c3-4bc0-9be5-205b0c6d3b57,a2c3d3dd-30f7-4511-8288-d5c7edc7422d,869,1788549306350976846,1788549306426101846,75,782.316,418.72,-1.8374379929578288,10.674501046445624
