section id,recording id,saccade id,start timestamp [ns],end timestamp [ns],duration [ms],amplitude [px],amplitude [deg],mean velocity [px/s],peak velocity [px/s]
5b4bffcb-62c3-4bc0-9be5-205b0c6d3b57,a2c3d3dd-30f7-4511-8288-d5c7edc7422d,1,1788548578310734846,1788548578345857846,35,76.50178527832031,4.853482723236084,2020.7760009765625,2733.075927734375
5b4bffcb-62c3-4bc0-9be5-205b0c6d3b57,a2c3d3dd-30f7-4511-8288-d5c7edc7422d,2,1788548578816231846,1788548578851231846,35,64.54833221435547,4.091612339019775,2337.117431640625,3002.863037109375
5b4bffcb-62c3-4bc0-9be5-205b0c6d3b57,a2c3d3dd-30f7-4511-8288-d5c7edc7422d,3,1788548579621981846,1788548579817231846,195,629.9388427734375,39.75954055786133,3357.737548828125,6320.654296875
5b4bffcb-62c3-4bc0-9be5-205b0c6d3b57,a2c3d3dd-30f7-4511-8288-d5c7edc7422d,4,1788548580122481846,1788548580342731846,220,705.8336791992188,44.60680389404297,5962.548828125,15775.8994140625
5b4bffcb-62c3-4bc0-9be5-205b0c6d3b57,a2c3d3dd-30f7-4511-8288-d5c7edc7422d,5,1788548580993236846,1788548581043356846,50,58.78828430175781,3.7326772212982178,1440.53125,2229.2744140625
5b4bffcb-62c3-4bc0-9be5-205b0c6d3b57,a2c3d3dd-30f7-4511-8288-d5c7edc7422d,6,1788548581398734846,1788548581428730846,30,54.472930908203125,3.4548211097717285,1695.5467529296875,2104.5048828125
5b4bffcb-62c3-4bc0-9be5-205b0c6d3b57,a2c3d3dd-30f7-4511-8288-d5c7edc7422d,7,1788548581899105846,1788548581954230846,55,107.58899688720703,6.830726146697998,2101.797119140625,2914.8740234375
5b4bffcb-62c3-4bc0-9be5-205b0c6d3b57,a2c3d3dd-30f7-4511-8288-d5c7edc7422d,8,1788548582164355846,1788548582189481846,25,30.689620971679688,1.9473137855529785,1145.9111328125,1370.447509765625
5b4bffcb-62c3-4bc0-9be5-205b0c6d3b57,a2c3d3dd-30f7-4511-8288-d5c7edc7422d,9,1788548582379612846,1788548582419605846,40,53.20967102050781,3.3793537616729736,1332.19140625,1887.5147705078125
5b4bffcb-62c3-4bc0-9be5-205b0c6d3b57,a2c3d3dd-30f7-4511-8288-d5c7edc7422d,10,1788548582684854846,1788548582734991846,50,130.84544372558594,8.309006690979004,2623.05615234375,4131.65283203125
5b4bffcb-62c3-4bc0-9be5-205b0c6d3b57,a2c3d3dd-30f7-4511-8288-d5c7edc7422d,11,1788548582915104846,1788548582950104846,35,94.26167297363281,5.985344886779785,2663.2626953125,3489.794677734375
5b4bffcb-62c3-4bc0-9be5-205b0c6d3b57,a2c3d3dd-30f7-4511-8288-d5c7edc7422d,12,1788548583515729846,1788548583540729846,25,28.229875564575195,1.7929881811141968,1155.5908203125,1343.3743896484375
5b4bffcb-62c3-4bc0-9be5-205b0c6d3b57,a2c3d3dd-30f7-4511-8288-d5c7edc7422d,13,1788548585687733846,1788548585727728846,40,110.8843765258789,7.027352333068848,3276.8701171875,4733.18505859375
5b4bffcb-62c3-4bc0-9be5-205b0c6d3b57,a2c3d3dd-30f7-4511-8288-d5c7edc7422d,14,1788548586143102846,1788548586193227846,50,126.29451751708984,7.985170841217041,2757.21240234375,4122.63232421875
5b4bffcb-62c3-4bc0-9be5-205b0c6d3b57,a2c3d3dd-30f7-4511-8288-d5c7edc7422d,15,1788548586593602846,1788548586618605846,25,30.31671714782715,1.9193520545959473,1188.9588623046875,1364.40576171875
5b4bffcb-62c3-4bc0-9be5-205b0c6d3b57,a2c3d3dd-30f7-4511-8288-d5c7edc7422d,16,1788548586823735846,1788548586863852846,40,116.93444061279297,7.3936920166015625,2938.88818359375,4156.5634765625
5b4bffcb-62c3-4bc0-9be5-205b0c6d3b57,a2c3d3dd-30f7-4511-8288-d5c7edc7422d,17,1788548587589477846,1788548587609477846,20,24.117816925048828,1.5122359991073608,1181.20556640625,1320.0921630859375
5b4bffcb-62c3-4bc0-9be5-205b0c6d3b57,a2c3d3dd-30f7-4511-8288-d5c7edc7422d,18,1788548588445351846,1788548588490351846,45,126.67877960205078,7.992518901824951,2821.8955078125,4139.91552734375
5b4bffcb-62c3-4bc0-9be5-205b0c6d3b57,a2c3d3dd-30f7-4511-8288-d5c7edc7422d,19,1788548588760601846,1788548588795601846,35,66.45875549316406,4.205620288848877,1894.2886962890625,2547.08935546875
5b4bffcb-62c3-4bc0-9be5-205b0c6d3b57,a2c3d3dd-30f7-4511-8288-d5c7edc7422d,20,1788548588950726846,1788548589000854846,50,134.17730712890625,8.507492065429688,2696.2685546875,4130.296875
5b4bffcb-62c3-4bc0-9be5-205b0c6d3b57,a2c3d3dd-30f7-4511-8288-d5c7edc7422d,21,1788548589326101846,1788548589376237846,50,140.11985778808594,8.884303092956543,2828.58740234375,4525.529296875
5b4bffcb-62c3-4bc0-9be5-205b0c6d3b57,a2c3d3dd-30f7-4511-8288-d5c7edc7422d,22,1788548589546351846,1788548589716476846,170,109.82438659667969,6.9650163650512695,3086.457275390625,7511.60888671875
5b4bffcb-62c3-4bc0-9be5-205b0c6d3b57,a2c3d3dd-30f7-4511-8288-d5c7edc7422d,23,1788548589851600846,1788548589876600846,25,26.108720779418945,1.6588366031646729,1052.885986328125,1414.431884765625
5b4bffcb-62c3-4bc0-9be5-205b0c6d3b57,a2c3d3dd-30f7-4511-8288-d5c7edc7422d,24,1788548590061850846,1788548590116850846,55,151.13429260253906,9.594640731811523,2855.264404296875,4563.78955078125
5b4bffcb-62c3-4bc0-9be5-205b0c6d3b57,a2c3d3dd-30f7-4511-8288-d5c7edc7422d,25,1788548590757475846,1788548590812475846,55,133.84246826171875,8.498178482055664,2435.619140625,4076.104736328125
5b4bffcb-62c3-4bc0-9be5-205b0c6d3b57,a2c3d3dd-30f7-4511-8288-d5c7edc7422d,26,1788548591067741846,1788548591107852846,40,44.849849700927734,2.8481905460357666,1233.2646484375,1579.1614990234375
5b4bffcb-62c3-4bc0-9be5-205b0c6d3b57,a2c3d3dd-30f7-4511-8288-d5c7edc7422d,27,1788548591893599846,1788548591943599846,50,127.51580810546875,8.07822036743164,2556.8291015625,4013.51953125
5b4bffcb-62c3-4bc0-9be5-205b0c6d3b57,a2c3d3dd-30f7-4511-8288-d5c7edc7422d,28,1788548592594229846,1788548592779349846,185,77.54520416259766,4.920101165771484,3845.3466796875,11102.11328125
5b4bffcb-62c3-4bc0-9be5-205b0c6d3b57,a2c3d3dd-30f7-4511-8288-d5c7edc7422d,29,1788548592934477846,1788548592964611846,30,45.807403564453125,2.908662796020508,1579.1995849609375,2002.5272216796875
5b4bffcb-62c3-4bc0-9be5-205b0c6d3b57,a2c3d3dd-30f7-4511-8288-d5c7edc7422d,30,1788548593289849846,1788548593324848846,35,40.3828125,2.5637660026550293,1162.102294921875,1467.710205078125
5b4bffcb-62c3-4bc0-9be5-205b0c6d3b57,a2c3d3dd-30f7-4511-8288-d5c7edc7422d,31,1788548593474973846,1788548593500098846,25,33.430381774902344,2.1194121837615967,1340.55224609375,1528.45263671875
5b4bffcb-62c3-4bc0-9be5-205b0c6d3b57,a2c3d3dd-30f7-4511-8288-d5c7edc7422d,32,1788548594005486846,1788548594040598846,35,40.61240005493164,2.5783820152282715,1176.4722900390625,1447.903564453125
5b4bffcb-62c3-4bc0-9be5-205b0c6d3b57,a2c3d3dd-30f7-4511-8288-d5c7edc7422d,33,1788548594876352846,1788548594916351846,40,57.038909912109375,3.6208581924438477,1431.300537109375,1937.9425048828125
5b4bffcb-62c3-4bc0-9be5-205b0c6d3b57,a2c3d3dd-30f7-4511-8288-d5c7edc7422d,34,1788548595136598846,1788548595171601846,35,60.97072219848633,3.871137857437134,1753.179443359375,2267.2958984375
5b4bffcb-62c3-4bc0-9be5-205b0c6d3b57,a2c3d3dd-30f7-4511-8288-d5c7edc7422d,35,1788548595426851846,1788548595456851846,30,52.98491668701172,3.363349676132202,1772.2213134765625,2290.98779296875
5b4bffcb-62c3-4bc0-9be5-205b0c6d3b57,a2c3d3dd-30f7-4511-8288-d5c7edc7422d,36,1788548596052472846,1788548596102481846,50,168.92689514160156,10.721757888793945,3453.1044921875,5781.0537109375
5b4bffcb-62c3-4bc0-9be5-205b0c6d3b57,a2c3d3dd-30f7-4511-8288-d5c7edc7422d,37,1788548596312722846,1788548596357722846,45,131.3317413330078,8.338391304016113,2924.33203125,4462.3759765625
5b4bffcb-62c3-4bc0-9be5-205b0c6d3b57,a2c3d3dd-30f7-4511-8288-d5c7edc7422d,38,1788548597153471846,1788548597198471846,45,121.75955963134766,7.730912685394287,2709.857421875,4012.1123046875
5b4bffcb-62c3-4bc0-9be5-205b0c6d3b57,a2c3d3dd-30f7-4511-8288-d5c7edc7422d,39,1788548597393721846,1788548597438727846,45,116.54003143310547,7.399452209472656,2632.0732421875,4018.77783203125
5b4bffcb-62c3-4bc0-9be5-205b0c6d3b57,a2c3d3dd-30f7-4511-8288-d5c7edc7422d,40,1788548597678971846,1788548597728971846,50,126.46963500976562,8.03023910522461,2560.47216796875,4072.152099609375
5b4bffcb-62c3-4bc0-9be5-205b0c6d3b57,a2c3d3dd-30f7-4511-8288-d5c7edc7422d,41,1788548597959221846,1788548597999221846,40,74.06997680664062,4.705406665802002,1861.4432373046875,2603.14208984375
5b4bffcb-62c3-4bc0-9be5-205b0c6d3b57,a2c3d3dd-30f7-4511-8288-d5c7edc7422d,42,1788548598264471846,1788548598299596846,35,47.81867218017578,3.0363852977752686,1370.2752685546875,1790.843505859375
5b4bffcb-62c3-4bc0-9be5-205b0c6d3b57,a2c3d3dd-30f7-4511-8288-d5c7edc7422d,43,1788548598594846846,1788548598784970846,190,16.549110412597656,1.050990104675293,3188.10009765625,7722.79150390625
5b4bffcb-62c3-4bc0-9be5-205b0c6d3b57,a2c3d3dd-30f7-4511-8288-d5c7edc7422d,44,1788548599130345846,1788548599165345846,35,59.039207458496094,3.749819278717041,1742.7420654296875,1990.53173828125
5b4bffcb-62c3-4bc0-9be5-205b0c6d3b57,a2c3d3dd-30f7-4511-8288-d5c7edc7422d,45,1788548599896095846,1788548599931095846,35,80.35054016113281,5.099771022796631,2310.4609375,3065.099853515625
5b4bffcb-62c3-4bc0-9be5-205b0c6d3b57,a2c3d3dd-30f7-4511-8288-d5c7edc7422d,46,1788548600756844846,1788548600786848846,30,34.615516662597656,2.197793483734131,1173.3795166015625,1351.404052734375
5b4bffcb-62c3-4bc0-9be5-205b0c6d3b57,a2c3d3dd-30f7-4511-8288-d5c7edc7422d,47,1788548600942094846,1788548600972094846,30,48.35063552856445,3.0702412128448486,1610.5430908203125,1875.4742431640625
5b4bffcb-62c3-4bc0-9be5-205b0c6d3b57,a2c3d3dd-30f7-4511-8288-d5c7edc7422d,48,1788548602658603846,1788548602923968846,265,868.6571655273438,55.51405715942383,5794.33154296875,11560.6201171875
5b4bffcb-62c3-4bc0-9be5-205b0c6d3b57,a2c3d3dd-30f7-4511-8288-d5c7edc7422d,49,1788548603084093846,1788548603099096846,15,18.394981384277344,1.1399941444396973,2199.679931640625,2295.9423828125
5b4bffcb-62c3-4bc0-9be5-205b0c6d3b57,a2c3d3dd-30f7-4511-8288-d5c7edc7422d,50,1788548603899842846,1788548604125092846,225,922.148681640625,58.24118423461914,5842.89501953125,8410.4697265625
5b4bffcb-62c3-4bc0-9be5-205b0c6d3b57,a2c3d3dd-30f7-4511-8288-d5c7edc7422d,51,1788548604515467846,1788548604555467846,40,124.74081420898438,7.922673225402832,2840.892578125,4546.41796875
5b4bffcb-62c3-4bc0-9be5-205b0c6d3b57,a2c3d3dd-30f7-4511-8288-d5c7edc7422d,52,1788548606041841846,1788548606086841846,45,126.5329818725586,8.036803245544434,2835.4833984375,3866.645751953125
5b4bffcb-62c3-4bc0-9be5-205b0c6d3b57,a2c3d3dd-30f7-4511-8288-d5c7edc7422d,53,1788548606236971846,1788548606272091846,35,57.45430374145508,3.6307566165924072,1598.83349609375,2004.266845703125
5b4bffcb-62c3-4bc0-9be5-205b0c6d3b57,a2c3d3dd-30f7-4511-8288-d5c7edc7422d,54,1788548606877590846,1788548606942715846,65,176.0717315673828,11.130821228027344,2650.1689453125,4460.8037109375
5b4bffcb-62c3-4bc0-9be5-205b0c6d3b57,a2c3d3dd-30f7-4511-8288-d5c7edc7422d,55,1788548607242965846,1788548607277965846,35,52.90266418457031,3.3191354274749756,1543.384521484375,1942.5882568359375
5b4bffcb-62c3-4bc0-9be5-205b0c6d3b57,a2c3d3dd-30f7-4511-8288-d5c7edc7422d,56,1788548607838590846,1788548608088715846,250,297.07861328125,18.778287887573242,3578.402099609375,9233.21875
5b4bffcb-62c3-4bc0-9be5-205b0c6d3b57,a2c3d3dd-30f7-4511-8288-d5c7edc7422d,57,1788548608814464846,1788548608884471846,70,267.7170715332031,16.948810577392578,3858.712646484375,6419.81787109375
5b4bffcb-62c3-4bc0-9be5-205b0c6d3b57,a2c3d3dd-30f7-4511-8288-d5c7edc7422d,58,1788548609560089846,1788548609605214846,45,149.11842346191406,9.458827018737793,3308.57080078125,5180.97412109375
5b4bffcb-62c3-4bc0-9be5-205b0c6d3b57,a2c3d3dd-30f7-4511-8288-d5c7edc7422d,59,1788548609795339846,1788548609985588846,190,135.1118927001953,8.570355415344238,5028.73681640625,14382.5947265625
5b4bffcb-62c3-4bc0-9be5-205b0c6d3b57,a2c3d3dd-30f7-4511-8288-d5c7edc7422d,60,1788548611491963846,1788548611657087846,165,173.63697814941406,10.954381942749023,6728.45263671875,18569.84375
5b4bffcb-62c3-4bc0-9be5-205b0c6d3b57,a2c3d3dd-30f7-4511-8288-d5c7edc7422d,61,1788548611777212846,1788548611832342846,55,170.0107879638672,10.73575496673584,3111.693603515625,5045.37548828125
5b4bffcb-62c3-4bc0-9be5-205b0c6d3b57,a2c3d3dd-30f7-4511-8288-d5c7edc7422d,62,1788548612607971846,1788548612663097846,55,120.52971649169922,7.642315864562988,2252.22119140625,3435.90771484375
5b4bffcb-62c3-4bc0-9be5-205b0c6d3b57,a2c3d3dd-30f7-4511-8288-d5c7edc7422d,63,1788548613238586846,1788548613283587846,45,156.71780395507812,9.914651870727539,3512.763427734375,5449.8583984375
5b4bffcb-62c3-4bc0-9be5-205b0c6d3b57,a2c3d3dd-30f7-4511-8288-d5c7edc7422d,64,1788548614029336846,1788548614074336846,45,128.81790161132812,8.137883186340332,2893.743896484375,4294.39794921875
5b4bffcb-62c3-4bc0-9be5-205b0c6d3b57,a2c3d3dd-30f7-4511-8288-d5c7edc7422d,65,1788548614224598846,1788548614274586846,50,157.51385498046875,9.951676368713379,3192.080322265625,5121.38525390625
5b4bffcb-62c3-4bc0-9be5-205b0c6d3b57,a2c3d3dd-30f7-4511-8288-d5c7edc7422d,66,1788548614755089846,1788548614795085846,40,98.3559341430664,6.21419095993042,2474.773193359375,3505.360595703125
5b4bffcb-62c3-4bc0-9be5-205b0c6d3b57,a2c3d3dd-30f7-4511-8288-d5c7edc7422d,67,1788548615100346846,1788548615155460846,55,171.818603515625,10.847140312194824,3119.9052734375,5055.29150390625
5b4bffcb-62c3-4bc0-9be5-205b0c6d3b57,a2c3d3dd-30f7-4511-8288-d5c7edc7422d,68,1788548615405585846,1788548615705960846,300,763.7545776367188,48.270992279052734,3940.25732421875,9870.81640625
5b4bffcb-62c3-4bc0-9be5-205b0c6d3b57,a2c3d3dd-30f7-4511-8288-d5c7edc7422d,69,1788548616091335846,1788548616126335846,35,73.68356323242188,4.6186604499816895,2049.339599609375,2730.85595703125
5b4bffcb-62c3-4bc0-9be5-205b0c6d3b57,a2c3d3dd-30f7-4511-8288-d5c7edc7422d,70,1788548616456585846,1788548616491709846,35,62.132347106933594,3.9092564582824707,1815.5362548828125,2385.635498046875
5b4bffcb-62c3-4bc0-9be5-205b0c6d3b57,a2c3d3dd-30f7-4511-8288-d5c7edc7422d,71,1788548616586709846,1788548616776959846,190,1069.525634765625,67.64693450927734,7143.87841796875,13167.0185546875
5b4bffcb-62c3-4bc0-9be5-205b0c6d3b57,a2c3d3dd-30f7-4511-8288-d5c7edc7422d,72,1788548617037209846,1788548617227334846,190,940.6875610351562,59.46351623535156,6979.720703125,18779.947265625
5b4bffcb-62c3-4bc0-9be5-205b0c6d3b57,a2c3d3dd-30f7-4511-8288-d5c7edc7422d,73,1788548618043095846,1788548618208333846,165,977.8740234375,61.797996520996094,6147.00830078125,9858.5322265625
5b4bffcb-62c3-4bc0-9be5-205b0c6d3b57,a2c3d3dd-30f7-4511-8288-d5c7edc7422d,74,1788548619749707846,1788548619799832846,50,159.31410217285156,10.055326461791992,3185.601806640625,4710.78955078125
5b4bffcb-62c3-4bc0-9be5-205b0c6d3b57,a2c3d3dd-30f7-4511-8288-d5c7edc7422d,75,1788548620220207846,1788548620270207846,50,121.96868133544922,7.66643762588501,2475.386474609375,3929.936279296875
5b4bffcb-62c3-4bc0-9be5-205b0c6d3b57,a2c3d3dd-30f7-4511-8288-d5c7edc7422d,76,1788548620655582846,1788548620705582846,50,111.25251007080078,7.022763252258301,2282.7587890625,3353.537109375
5b4bffcb-62c3-4bc0-9be5-205b0c6d3b57,a2c3d3dd-30f7-4511-8288-d5c7edc7422d,77,1788548621431336846,1788548621471331846,40,68.49693298339844,4.297910690307617,1685.5543212890625,2381.645751953125
5b4bffcb-62c3-4bc0-9be5-205b0c6d3b57,a2c3d3dd-30f7-4511-8288-d5c7edc7422d,78,1788548621826706846,1788548621861711846,35,55.36484909057617,3.498201847076416,1592.4515380859375,2018.3126220703125
5b4bffcb-62c3-4bc0-9be5-205b0c6d3b57,a2c3d3dd-30f7-4511-8288-d5c7edc7422d,79,1788548622317081846,1788548622342206846,25,28.059587478637695,1.7686076164245605,1129.00439453125,1304.585693359375
5b4bffcb-62c3-4bc0-9be5-205b0c6d3b57,a2c3d3dd-30f7-4511-8288-d5c7edc7422d,80,1788548623713455846,1788548623743455846,30,33.97001266479492,2.144134044647217,1160.9984130859375,1387.205322265625
5b4bffcb-62c3-4bc0-9be5-205b0c6d3b57,a2c3d3dd-30f7-4511-8288-d5c7edc7422d,81,1788548624424079846,1788548624459204846,35,61.058555603027344,3.85074520111084,1764.8831787109375,2303.37109375
5b4bffcb-62c3-4bc0-9be5-205b0c6d3b57,a2c3d3dd-30f7-4511-8288-d5c7edc7422d,82,1788548625465079846,1788548625490079846,25,28.835466384887695,1.7977577447891235,1165.8675537109375,1273.1329345703125
5b4bffcb-62c3-4bc0-9be5-205b0c6d3b57,a2c3d3dd-30f7-4511-8288-d5c7edc7422d,83,1788548626756328846,1788548626836328846,80,284.7943420410156,17.823265075683594,3572.298828125,5034.56396484375
5b4bffcb-62c3-4bc0-9be5-205b0c6d3b57,a2c3d3dd-30f7-4511-8288-d5c7edc7422d,84,1788548627051578846,1788548627116702846,65,312.5315856933594,19.577665328979492,4817.1767578125,7471.701171875
5b4bffcb-62c3-4bc0-9be5-205b0c6d3b57,a2c3d3dd-30f7-4511-8288-d5c7edc7422d,85,1788548627336827846,1788548627361831846,25,23.97411346435547,1.516391634941101,967.0059814453125,1112.01708984375
5b4bffcb-62c3-4bc0-9be5-205b0c6d3b57,a2c3d3dd-30f7-4511-8288-d5c7edc7422d,86,1788548627577077846,1788548627797327846,220,46.847694396972656,2.945063591003418,3693.18408203125,9849.4677734375
5b4bffcb-62c3-4bc0-9be5-205b0c6d3b57,a2c3d3dd-30f7-4511-8288-d5c7edc7422d,87,1788548629153576846,1788548629208580846,55,71.6171875,4.528807163238525,1383.76171875,1944.5390625
5b4bffcb-62c3-4bc0-9be5-205b0c6d3b57,a2c3d3dd-30f7-4511-8288-d5c7edc7422d,88,1788548631575825846,1788548631620825846,45,150.91949462890625,9.363633155822754,3373.1826171875,5075.11669921875
5b4bffcb-62c3-4bc0-9be5-205b0c6d3b57,a2c3d3dd-30f7-4511-8288-d5c7edc7422d,89,1788548631796074846,1788548631831074846,35,57.87218475341797,3.577115535736084,1661.1029052734375,2220.930419921875
5b4bffcb-62c3-4bc0-9be5-205b0c6d3b57,a2c3d3dd-30f7-4511-8288-d5c7edc7422d,90,1788548632256449846,1788548632296455846,40,92.2585678100586,5.7277350425720215,2273.787841796875,3198.264892578125
5b4bffcb-62c3-4bc0-9be5-205b0c6d3b57,a2c3d3dd-30f7-4511-8288-d5c7edc7422d,91,1788548632671824846,1788548632842074846,170,69.70262908935547,4.4174394607543945,2289.369873046875,4776.962890625
5b4bffcb-62c3-4bc0-9be5-205b0c6d3b57,a2c3d3dd-30f7-4511-8288-d5c7edc7422d,92,1788548633142324846,1788548633182324846,40,68.12823486328125,4.3230719566345215,1766.7315673828125,2314.53955078125
5b4bffcb-62c3-4bc0-9be5-205b0c6d3b57,a2c3d3dd-30f7-4511-8288-d5c7edc7422d,93,1788548634013073846,1788548634078202846,65,196.6117401123047,12.448564529418945,3117.4306640625,5564.06884765625
5b4bffcb-62c3-4bc0-9be5-205b0c6d3b57,a2c3d3dd-30f7-4511-8288-d5c7edc7422d,94,1788548634283323846,1788548634348451846,65,201.826904296875,12.789320945739746,3108.55859375,4662.6484375
5b4bffcb-62c3-4bc0-9be5-205b0c6d3b57,a2c3d3dd-30f7-4511-8288-d5c7edc7422d,95,1788548635429447846,1788548635614588846,185,29.704341888427734,1.8851498365402222,4276.16552734375,10573.2607421875
5b4bffcb-62c3-4bc0-9be5-205b0c6d3b57,a2c3d3dd-30f7-4511-8288-d5c7edc7422d,96,1788548636625577846,1788548636690702846,65,226.7754669189453,14.35378360748291,3535.86572265625,5755.2861328125
5b4bffcb-62c3-4bc0-9be5-205b0c6d3b57,a2c3d3dd-30f7-4511-8288-d5c7edc7422d,97,1788548636815835846,1788548636855821846,40,67.51176452636719,4.267541408538818,1735.33056640625,2421.08984375
5b4bffcb-62c3-4bc0-9be5-205b0c6d3b57,a2c3d3dd-30f7-4511-8288-d5c7edc7422d,98,1788548637321196846,1788548637401321846,80,310.069580078125,19.615215301513672,3912.7900390625,5675.4609375
5b4bffcb-62c3-4bc0-9be5-205b0c6d3b57,a2c3d3dd-30f7-4511-8288-d5c7edc7422d,99,1788548637556445846,1788548637576445846,20,17.055938720703125,1.08150053024292,865.7996215820312,912.3079223632812
5b4bffcb-62c3-4bc0-9be5-205b0c6d3b57,a2c3d3dd-30f7-4511-8288-d5c7edc7422d,100,1788548638262070846,1788548638297195846,35,48.108482360839844,3.048064947128296,1367.3978271484375,1714.92529296875
5b4bffcb-62c3-4bc0-9be5-205b0c6d3b57,a2c3d3dd-30f7-4511-8288-d5c7edc7422d,101,1788548638472320846,1788548638507320846,35,54.37109375,3.4396564960479736,1544.2657470703125,1991.0419921875
5b4bffcb-62c3-4bc0-9be5-205b0c6d3b57,a2c3d3dd-30f7-4511-8288-d5c7edc7422d,102,1788548638667445846,1788548638712583846,45,118.05977630615234,7.467947483062744,2632.184326171875,4014.0361328125
5b4bffcb-62c3-4bc0-9be5-205b0c6d3b57,a2c3d3dd-30f7-4511-8288-d5c7edc7422d,103,1788548639258069846,1788548639313069846,55,95.75927734375,6.051942825317383,1756.4281005859375,2653.306884765625
5b4bffcb-62c3-4bc0-9be5-205b0c6d3b57,a2c3d3dd-30f7-4511-8288-d5c7edc7422d,104,1788548639468319846,1788548639508330846,40,92.93457794189453,5.873315811157227,2328.495361328125,3313.269287109375
5b4bffcb-62c3-4bc0-9be5-205b0c6d3b57,a2c3d3dd-30f7-4511-8288-d5c7edc7422d,105,1788548639668446846,1788548639698444846,30,32.16965103149414,2.0322797298431396,1075.97265625,1325.3148193359375
5b4bffcb-62c3-4bc0-9be5-205b0c6d3b57,a2c3d3dd-30f7-4511-8288-d5c7edc7422d,106,1788548639843569846,1788548639893702846,50,166.28457641601562,10.499727249145508,3337.453125,5134.47216796875
5b4bffcb-62c3-4bc0-9be5-205b0c6d3b57,a2c3d3dd-30f7-4511-8288-d5c7edc7422d,107,1788548640038819846,1788548640068829846,30,40.891117095947266,2.5827300548553467,1354.6832275390625,1671.7972412109375
5b4bffcb-62c3-4bc0-9be5-205b0c6d3b57,a2c3d3dd-30f7-4511-8288-d5c7edc7422d,108,1788548640384069846,1788548640514193846,130,195.41888427734375,12.342214584350586,3340.240966796875,8458.71875
5b4bffcb-62c3-4bc0-9be5-205b0c6d3b57,a2c3d3dd-30f7-4511-8288-d5c7edc7422d,109,1788548640809568846,1788548640844568846,35,50.307861328125,3.1881654262542725,1450.824951171875,1895.3773193359375
5b4bffcb-62c3-4bc0-9be5-205b0c6d3b57,a2c3d3dd-30f7-4511-8288-d5c7edc7422d,110,1788548641114818846,1788548641159822846,45,113.2876205444336,7.159655570983887,2543.83349609375,3945.160400390625
5b4bffcb-62c3-4bc0-9be5-205b0c6d3b57,a2c3d3dd-30f7-4511-8288-d5c7edc7422d,111,1788548641900568846,1788548641945567846,45,130.53085327148438,8.249468803405762,2919.24365234375,4251.98779296875
5b4bffcb-62c3-4bc0-9be5-205b0c6d3b57,a2c3d3dd-30f7-4511-8288-d5c7edc7422d,112,1788548645939318846,1788548645959315846,20,20.69025421142578,1.3125557899475098,1041.193603515625,1111.257080078125
5b4bffcb-62c3-4bc0-9be5-205b0c6d3b57,a2c3d3dd-30f7-4511-8288-d5c7edc7422d,113,1788548650073187846,1788548650218311846,145,38.62896728515625,2.4289157390594482,3520.02490234375,8979.4560546875
5b4bffcb-62c3-4bc0-9be5-205b0c6d3b57,a2c3d3dd-30f7-4511-8288-d5c7edc7422d,114,1788548653711684846,1788548653741684846,30,45.55506134033203,2.8869409561157227,1524.88623046875,1826.8387451171875
5b4bffcb-62c3-4bc0-9be5-205b0c6d3b57,a2c3d3dd-30f7-4511-8288-d5c7edc7422d,115,1788548654112062846,1788548654137059846,25,25.097728729248047,1.5895802974700928,1004.947021484375,1157.624755859375
5b4bffcb-62c3-4bc0-9be5-205b0c6d3b57,a2c3d3dd-30f7-4511-8288-d5c7edc7422d,116,1788548654567433846,1788548654587433846,20,17.284854888916016,1.0961848497390747,857.5808715820312,904.6909790039062
5b4bffcb-62c3-4bc0-9be5-205b0c6d3b57,a2c3d3dd-30f7-4511-8288-d5c7edc7422d,117,1788548656539307846,1788548656584307846,45,157.73716735839844,9.927282333374023,3525.55224609375,5173.27490234375
5b4bffcb-62c3-4bc0-9be5-205b0c6d3b57,a2c3d3dd-30f7-4511-8288-d5c7edc7422d,118,1788548656874556846,1788548657009806846,135,130.757568359375,8.229575157165527,3149.760986328125,7983.6318359375
5b4bffcb-62c3-4bc0-9be5-205b0c6d3b57,a2c3d3dd-30f7-4511-8288-d5c7edc7422d,119,1788548657124806846,1788548657169931846,45,117.18014526367188,7.371114253997803,2587.694091796875,4086.506591796875
5b4bffcb-62c3-4bc0-9be5-205b0c6d3b57,a2c3d3dd-30f7-4511-8288-d5c7edc7422d,120,1788548658511180846,1788548658646305846,135,161.96177673339844,10.155582427978516,2497.91064453125,5356.64697265625
5b4bffcb-62c3-4bc0-9be5-205b0c6d3b57,a2c3d3dd-30f7-4511-8288-d5c7edc7422d,121,1788548659211805846,1788548659251804846,40,135.0567169189453,8.548181533813477,3181.0341796875,4507.21923828125
5b4bffcb-62c3-4bc0-9be5-205b0c6d3b57,a2c3d3dd-30f7-4511-8288-d5c7edc7422d,122,1788548659457057846,1788548659692304846,235,10.990493774414062,0.7037678360939026,4016.871826171875,9606.1328125
5b4bffcb-62c3-4bc0-9be5-205b0c6d3b57,a2c3d3dd-30f7-4511-8288-d5c7edc7422d,123,1788548659812429846,1788548659837436846,25,23.93561363220215,1.5203943252563477,1022.5973510742188,1157.66943359375
5b4bffcb-62c3-4bc0-9be5-205b0c6d3b57,a2c3d3dd-30f7-4511-8288-d5c7edc7422d,124,1788548663010430846,1788548663205551846,195,39.31785202026367,2.5017435550689697,3105.5009765625,9029.375
5b4bffcb-62c3-4bc0-9be5-205b0c6d3b57,a2c3d3dd-30f7-4511-8288-d5c7edc7422d,125,1788548663926301846,1788548664271551846,345,782.4783325195312,49.50978088378906,4172.876953125,9831.4541015625
5b4bffcb-62c3-4bc0-9be5-205b0c6d3b57,a2c3d3dd-30f7-4511-8288-d5c7edc7422d,126,1788548664496800846,1788548664526800846,30,55.74312973022461,3.4235470294952393,2229.042236328125,2667.32470703125
5b4bffcb-62c3-4bc0-9be5-205b0c6d3b57,a2c3d3dd-30f7-4511-8288-d5c7edc7422d,127,1788548664787050846,1788548664952175846,165,973.1364135742188,61.5062141418457,6526.69384765625,11271.357421875
5b4bffcb-62c3-4bc0-9be5-205b0c6d3b57,a2c3d3dd-30f7-4511-8288-d5c7edc7422d,128,1788548665202425846,1788548665237446846,35,77.05122375488281,4.802822113037109,2417.896484375,3171.00927734375
5b4bffcb-62c3-4bc0-9be5-205b0c6d3b57,a2c3d3dd-30f7-4511-8288-d5c7edc7422d,129,1788548665447678846,1788548665472675846,25,27.64508819580078,1.731202244758606,1153.8223876953125,1314.890625
5b4bffcb-62c3-4bc0-9be5-205b0c6d3b57,a2c3d3dd-30f7-4511-8288-d5c7edc7422d,130,1788548668925922846,1788548668960922846,35,56.439552307128906,3.574336051940918,1610.115966796875,2113.27734375
5b4bffcb-62c3-4bc0-9be5-205b0c6d3b57,a2c3d3dd-30f7-4511-8288-d5c7edc7422d,131,1788548669586555846,1788548669611546846,25,23.773210525512695,1.5084134340286255,958.8994140625,1105.9979248046875
5b4bffcb-62c3-4bc0-9be5-205b0c6d3b57,a2c3d3dd-30f7-4511-8288-d5c7edc7422d,132,1788548669861796846,1788548669886796846,25,24.659116744995117,1.565935492515564,992.6861572265625,1085.212158203125
5b4bffcb-62c3-4bc0-9be5-205b0c6d3b57,a2c3d3dd-30f7-4511-8288-d5c7edc7422d,133,1788548670452421846,1788548670482421846,30,32.4373779296875,2.0575735569000244,1112.4119873046875,1342.24365234375
5b4bffcb-62c3-4bc0-9be5-205b0c6d3b57,a2c3d3dd-30f7-4511-8288-d5c7edc7422d,134,1788548671163045846,1788548671183045846,20,18.605541229248047,1.1774730682373047,935.1139526367188,1008.5885009765625
5b4bffcb-62c3-4bc0-9be5-205b0c6d3b57,a2c3d3dd-30f7-4511-8288-d5c7edc7422d,135,1788548672764557846,1788548672794544846,30,51.226959228515625,3.2301275730133057,1716.337890625,2082.579345703125
5b4bffcb-62c3-4bc0-9be5-205b0c6d3b57,a2c3d3dd-30f7-4511-8288-d5c7edc7422d,136,1788548674926542846,1788548674946542846,20,20.442363739013672,1.2953237295150757,1035.3980712890625,1125.5477294921875
5b4bffcb-62c3-4bc0-9be5-205b0c6d3b57,a2c3d3dd-30f7-4511-8288-d5c7edc7422d,137,1788548675537167846,1788548675572176846,35,33.66960525512695,2.1358606815338135,990.4357299804688,1109.977783203125
5b4bffcb-62c3-4bc0-9be5-205b0c6d3b57,a2c3d3dd-30f7-4511-8288-d5c7edc7422d,138,1788548678254665846,1788548678279790846,25,25.441701889038086,1.6092911958694458,1045.5982666015625,1219.801025390625
5b4bffcb-62c3-4bc0-9be5-205b0c6d3b57,a2c3d3dd-30f7-4511-8288-d5c7edc7422d,139,1788548679465789846,1788548679606038846,140,21.514970779418945,1.355324387550354,3632.626220703125,9090.5693359375
5b4bffcb-62c3-4bc0-9be5-205b0c6d3b57,a2c3d3dd-30f7-4511-8288-d5c7edc7422d,140,1788548680982287846,1788548681002287846,20,19.004812240600586,1.202107310295105,968.1483154296875,1026.007080078125
5b4bffcb-62c3-4bc0-9be5-205b0c6d3b57,a2c3d3dd-30f7-4511-8288-d5c7edc7422d,141,1788548681532792846,1788548681562787846,30,37.108280181884766,2.3459274768829346,1239.455810546875,1524.5313720703125
5b4bffcb-62c3-4bc0-9be5-205b0c6d3b57,a2c3d3dd-30f7-4511-8288-d5c7edc7422d,142,1788548682533674846,1788548682588790846,55,158.70274353027344,9.963659286499023,2922.708984375,4604.5634765625
5b4bffcb-62c3-4bc0-9be5-205b0c6d3b57,a2c3d3dd-30f7-4511-8288-d5c7edc7422d,143,1788548682809036846,1788548682859036846,50,152.2156982421875,9.538484573364258,3071.22900390625,4825.14501953125
5b4bffcb-62c3-4bc0-9be5-205b0c6d3b57,a2c3d3dd-30f7-4511-8288-d5c7edc7422d,144,1788548683084285846,1788548683214410846,130,167.36622619628906,10.495549201965332,2955.0478515625,7056.54541015625
5b4bffcb-62c3-4bc0-9be5-205b0c6d3b57,a2c3d3dd-30f7-4511-8288-d5c7edc7422d,145,1788548683429535846,1788548683484660846,55,158.2270050048828,9.949553489685059,2928.908447265625,4914.04931640625
5b4bffcb-62c3-4bc0-9be5-205b0c6d3b57,a2c3d3dd-30f7-4511-8288-d5c7edc7422d,146,1788548685266284846,1788548685311284846,45,131.44293212890625,8.300759315490723,2996.708984375,4166.427734375
5b4bffcb-62c3-4bc0-9be5-205b0c6d3b57,a2c3d3dd-30f7-4511-8288-d5c7edc7422d,147,1788548685831783846,1788548686037033846,205,32.85663604736328,2.0779969692230225,2350.775146484375,4840.04345703125
5b4bffcb-62c3-4bc0-9be5-205b0c6d3b57,a2c3d3dd-30f7-4511-8288-d5c7edc7422d,148,1788548688929784846,1788548689205031846,275,99.66680908203125,6.290637493133545,3112.117919921875,8858.7900390625
5b4bffcb-62c3-4bc0-9be5-205b0c6d3b57,a2c3d3dd-30f7-4511-8288-d5c7edc7422d,149,1788548689505280846,1788548689545280846,40,110.7206802368164,6.982766628265381,2743.9345703125,3909.0830078125
5b4bffcb-62c3-4bc0-9be5-205b0c6d3b57,a2c3d3dd-30f7-4511-8288-d5c7edc7422d,150,1788548689805530846,1788548689830530846,25,23.64581298828125,1.4915099143981934,936.7444458007812,1032.015625
5b4bffcb-62c3-4bc0-9be5-205b0c6d3b57,a2c3d3dd-30f7-4511-8288-d5c7edc7422d,151,1788548690100905846,1788548690165910846,65,268.8185119628906,16.96394157409668,4164.11962890625,6644.84375
5b4bffcb-62c3-4bc0-9be5-205b0c6d3b57,a2c3d3dd-30f7-4511-8288-d5c7edc7422d,152,1788548690481163846,1788548690561279846,80,289.3922424316406,18.278377532958984,3553.851318359375,6580.40576171875
5b4bffcb-62c3-4bc0-9be5-205b0c6d3b57,a2c3d3dd-30f7-4511-8288-d5c7edc7422d,153,1788548690886529846,1788548691006654846,120,154.46820068359375,9.775727272033691,2854.443603515625,6074.70751953125
5b4bffcb-62c3-4bc0-9be5-205b0c6d3b57,a2c3d3dd-30f7-4511-8288-d5c7edc7422d,154,1788548692327908846,1788548692357907846,30,52.4699592590332,3.3087317943573,1641.7291259765625,2010.1773681640625
5b4bffcb-62c3-4bc0-9be5-205b0c6d3b57,a2c3d3dd-30f7-4511-8288-d5c7edc7422d,155,1788548692508153846,1788548692543152846,35,50.368247985839844,3.181816816329956,1440.611328125,1740.882080078125
5b4bffcb-62c3-4bc0-9be5-205b0c6d3b57,a2c3d3dd-30f7-4511-8288-d5c7edc7422d,156,1788548692718277846,1788548692748278846,30,32.372066497802734,2.0376269817352295,1041.671142578125,1145.30224609375
5b4bffcb-62c3-4bc0-9be5-205b0c6d3b57,a2c3d3dd-30f7-4511-8288-d5c7edc7422d,157,1788548693003527846,1788548693118657846,115,33.2928352355957,2.092097520828247,5183.03759765625,11523.7578125
5b4bffcb-62c3-4bc0-9be5-205b0c6d3b57,a2c3d3dd-30f7-4511-8288-d5c7edc7422d,158,1788548697032399846,1788548697057399846,25,25.05683708190918,1.5889402627944946,995.47314453125,1063.4012451171875
5b4bffcb-62c3-4bc0-9be5-205b0c6d3b57,a2c3d3dd-30f7-4511-8288-d5c7edc7422d,159,1788548704164017846,1788548704194142846,30,36.831787109375,2.318249225616455,1238.740478515625,1526.75341796875
5b4bffcb-62c3-4bc0-9be5-205b0c6d3b57,a2c3d3dd-30f7-4511-8288-d5c7edc7422d,160,1788548705705521846,1788548705725516846,20,18.53204917907715,1.1680716276168823,933.8916625976562,1056.790283203125
5b4bffcb-62c3-4bc0-9be5-205b0c6d3b57,a2c3d3dd-30f7-4511-8288-d5c7edc7422d,161,1788548706416140846,1788548706446265846,30,30.648366928100586,1.9361603260040283,1055.476318359375,1206.1163330078125
5b4bffcb-62c3-4bc0-9be5-205b0c6d3b57,a2c3d3dd-30f7-4511-8288-d5c7edc7422d,162,1788548708403013846,1788548708418013846,15,12.497071266174316,0.7923506498336792,846.972412109375,880.522216796875
5b4bffcb-62c3-4bc0-9be5-205b0c6d3b57,a2c3d3dd-30f7-4511-8288-d5c7edc7422d,163,1788548709308888846,1788548709328888846,20,17.499479293823242,1.1057711839675903,891.510498046875,962.7709350585938
5b4bffcb-62c3-4bc0-9be5-205b0c6d3b57,a2c3d3dd-30f7-4511-8288-d5c7edc7422d,164,1788548710640136846,1788548710915386846,275,19.534530639648438,1.2359883785247803,4125.6982421875,9908.2744140625
5b4bffcb-62c3-4bc0-9be5-205b0c6d3b57,a2c3d3dd-30f7-4511-8288-d5c7edc7422d,165,1788548712006389846,1788548712156635846,150,625.2183227539062,40.341102600097656,4455.67333984375,7369.916015625
5b4bffcb-62c3-4bc0-9be5-205b0c6d3b57,a2c3d3dd-30f7-4511-8288-d5c7edc7422d,166,1788548712396760846,1788548712572010846,175,658.2161254882812,42.253780364990234,4722.4091796875,9408.0224609375
5b4bffcb-62c3-4bc0-9be5-205b0c6d3b57,a2c3d3dd-30f7-4511-8288-d5c7edc7422d,167,1788548712712143846,1788548712752134846,40,93.72999572753906,5.928291320800781,2352.577880859375,3390.650634765625
5b4bffcb-62c3-4bc0-9be5-205b0c6d3b57,a2c3d3dd-30f7-4511-8288-d5c7edc7422d,168,1788548713057384846,1788548713102509846,45,157.24551391601562,9.944496154785156,3479.906982421875,5479.21435546875
5b4bffcb-62c3-4bc0-9be5-205b0c6d3b57,a2c3d3dd-30f7-4511-8288-d5c7edc7422d,169,1788548713257634846,1788548713302634846,45,138.56112670898438,8.772834777832031,3123.060302734375,4721.97607421875
5b4bffcb-62c3-4bc0-9be5-205b0c6d3b57,a2c3d3dd-30f7-4511-8288-d5c7edc7422d,170,1788548713472763846,1788548713492884846,20,18.031423568725586,1.141627550125122,927.1116333007812,1015.6556396484375
5b4bffcb-62c3-4bc0-9be5-205b0c6d3b57,a2c3d3dd-30f7-4511-8288-d5c7edc7422d,171,1788548713808133846,1788548713873133846,65,214.3435821533203,13.610379219055176,3142.124267578125,5815.54736328125
5b4bffcb-62c3-4bc0-9be5-205b0c6d3b57,a2c3d3dd-30f7-4511-8288-d5c7edc7422d,172,1788548714023383846,1788548714103383846,80,100.03610229492188,6.347227573394775,1882.3492431640625,3482.653564453125
5b4bffcb-62c3-4bc0-9be5-205b0c6d3b57,a2c3d3dd-30f7-4511-8288-d5c7edc7422d,173,1788548714318633846,1788548714368633846,50,82.36553955078125,5.215799808502197,1672.0625,2433.4453125
5b4bffcb-62c3-4bc0-9be5-205b0c6d3b57,a2c3d3dd-30f7-4511-8288-d5c7edc7422d,174,1788548714528758846,1788548714764008846,235,120.66617584228516,7.620084285736084,4146.6611328125,8935.6845703125
5b4bffcb-62c3-4bc0-9be5-205b0c6d3b57,a2c3d3dd-30f7-4511-8288-d5c7edc7422d,175,1788548715204393846,1788548715269507846,65,279.3180236816406,17.658958435058594,4080.806640625,7210.8173828125
5b4bffcb-62c3-4bc0-9be5-205b0c6d3b57,a2c3d3dd-30f7-4511-8288-d5c7edc7422d,176,1788548715559757846,1788548715604768846,45,149.3370819091797,9.483505249023438,3293.537353515625,4915.2548828125
5b4bffcb-62c3-4bc0-9be5-205b0c6d3b57,a2c3d3dd-30f7-4511-8288-d5c7edc7422d,177,1788548715870006846,1788548715890132846,20,20.237627029418945,1.2830058336257935,1168.1702880859375,1278.6162109375
5b4bffcb-62c3-4bc0-9be5-205b0c6d3b57,a2c3d3dd-30f7-4511-8288-d5c7edc7422d,178,1788548716045256846,1788548716110256846,65,160.40553283691406,10.181192398071289,2546.114013671875,3644.198974609375
5b4bffcb-62c3-4bc0-9be5-205b0c6d3b57,a2c3d3dd-30f7-4511-8288-d5c7edc7422d,179,1788548716976131846,1788548717026130846,50,169.3811492919922,10.750473022460938,3075.065673828125,5698.1806640625
5b4bffcb-62c3-4bc0-9be5-205b0c6d3b57,a2c3d3dd-30f7-4511-8288-d5c7edc7422d,180,1788548717336688846,1788548717366685846,30,47.38943862915039,3.009845733642578,1573.455810546875,1995.07470703125
5b4bffcb-62c3-4bc0-9be5-205b0c6d3b57,a2c3d3dd-30f7-4511-8288-d5c7edc7422d,181,1788548717526807846,1788548717551806846,25,26.324234008789062,1.6716728210449219,1044.9385986328125,1247.4300537109375
5b4bffcb-62c3-4bc0-9be5-205b0c6d3b57,a2c3d3dd-30f7-4511-8288-d5c7edc7422d,182,1788548717947180846,1788548717967181846,20,19.258026123046875,1.2239190340042114,998.08203125,1142.3682861328125
5b4bffcb-62c3-4bc0-9be5-205b0c6d3b57,a2c3d3dd-30f7-4511-8288-d5c7edc7422d,183,1788548718427680846,1788548718487680846,60,174.79762268066406,11.090503692626953,2985.94287109375,4614.35205078125
5b4bffcb-62c3-4bc0-9be5-205b0c6d3b57,a2c3d3dd-30f7-4511-8288-d5c7edc7422d,184,1788548718953184846,1788548718978184846,25,28.638696670532227,1.8168349266052246,1160.010009765625,1342.073974609375
5b4bffcb-62c3-4bc0-9be5-205b0c6d3b57,a2c3d3dd-30f7-4511-8288-d5c7edc7422d,185,1788548719373555846,1788548719413555846,40,50.550907135009766,3.193460464477539,1322.35791015625,1774.4410400390625
5b4bffcb-62c3-4bc0-9be5-205b0c6d3b57,a2c3d3dd-30f7-4511-8288-d5c7edc7422d,186,1788548719568680846,1788548719613805846,45,81.59497833251953,5.141383647918701,1865.9996337890625,2668.652099609375
5b4bffcb-62c3-4bc0-9be5-205b0c6d3b57,a2c3d3dd-30f7-4511-8288-d5c7edc7422d,187,1788548719758934846,1788548719808930846,50,169.75347900390625,10.684136390686035,3414.07373046875,5210.23583984375
5b4bffcb-62c3-4bc0-9be5-205b0c6d3b57,a2c3d3dd-30f7-4511-8288-d5c7edc7422d,188,1788548720129305846,1788548720159305846,30,37.761104583740234,2.3779008388519287,1262.1827392578125,1480.7716064453125
5b4bffcb-62c3-4bc0-9be5-205b0c6d3b57,a2c3d3dd-30f7-4511-8288-d5c7edc7422d,189,1788548720494555846,1788548720529679846,35,79.94715118408203,5.034258842468262,2279.663330078125,3033.980712890625
5b4bffcb-62c3-4bc0-9be5-205b0c6d3b57,a2c3d3dd-30f7-4511-8288-d5c7edc7422d,190,1788548720799929846,1788548720834929846,35,58.331642150878906,3.67521333694458,1668.0052490234375,2161.26025390625
5b4bffcb-62c3-4bc0-9be5-205b0c6d3b57,a2c3d3dd-30f7-4511-8288-d5c7edc7422d,191,1788548721040054846,1788548721215304846,175,20.182706832885742,1.2935729026794434,3987.63818359375,9935.9775390625
5b4bffcb-62c3-4bc0-9be5-205b0c6d3b57,a2c3d3dd-30f7-4511-8288-d5c7edc7422d,192,1788548721630679846,1788548721660679846,30,48.23689651489258,3.046998977661133,1508.435302734375,1774.7034912109375
5b4bffcb-62c3-4bc0-9be5-205b0c6d3b57,a2c3d3dd-30f7-4511-8288-d5c7edc7422d,193,1788548721845804846,1788548721880929846,35,54.04304885864258,3.4096150398254395,1502.615478515625,1984.09033203125
5b4bffcb-62c3-4bc0-9be5-205b0c6d3b57,a2c3d3dd-30f7-4511-8288-d5c7edc7422d,194,1788548722411429846,1788548722451429846,40,109.73893737792969,6.960180759429932,2740.482666015625,3973.240234375
5b4bffcb-62c3-4bc0-9be5-205b0c6d3b57,a2c3d3dd-30f7-4511-8288-d5c7edc7422d,195,1788548722701679846,1788548722756679846,55,76.98468780517578,4.889499664306641,1489.593505859375,2036.9503173828125
5b4bffcb-62c3-4bc0-9be5-205b0c6d3b57,a2c3d3dd-30f7-4511-8288-d5c7edc7422d,196,1788548723522428846,1788548723557432846,35,36.372528076171875,2.3091657161712646,1049.908447265625,1229.6016845703125
5b4bffcb-62c3-4bc0-9be5-205b0c6d3b57,a2c3d3dd-30f7-4511-8288-d5c7edc7422d,197,1788548723937803846,1788548723967803846,30,38.99774932861328,2.476471185684204,1308.1600341796875,1598.873779296875
5b4bffcb-62c3-4bc0-9be5-205b0c6d3b57,a2c3d3dd-30f7-4511-8288-d5c7edc7422d,198,1788548724563428846,1788548724608428846,45,58.50093078613281,3.7092511653900146,1325.2598876953125,1695.6446533203125
5b4bffcb-62c3-4bc0-9be5-205b0c6d3b57,a2c3d3dd-30f7-4511-8288-d5c7edc7422d,199,1788548724963809846,1788548724993803846,30,46.87641143798828,2.9674973487854004,1560.6285400390625,1879.518798828125
5b4bffcb-62c3-4bc0-9be5-205b0c6d3b57,a2c3d3dd-30f7-4511-8288-d5c7edc7422d,200,1788548725158934846,1788548725204053846,45,64.28307342529297,4.06209659576416,1472.276611328125,2035.65869140625
5b4bffcb-62c3-4bc0-9be5-205b0c6d3b57,a2c3d3dd-30f7-4511-8288-d5c7edc7422d,201,1788548725469303846,1788548725524303846,55,136.61863708496094,8.632732391357422,2516.775390625,3996.43798828125
5b4bffcb-62c3-4bc0-9be5-205b0c6d3b57,a2c3d3dd-30f7-4511-8288-d5c7edc7422d,202,1788548726159927846,1788548726199927846,40,55.35808563232422,3.5099709033966064,1390.87158203125,1819.6634521484375
5b4bffcb-62c3-4bc0-9be5-205b0c6d3b57,a2c3d3dd-30f7-4511-8288-d5c7edc7422d,203,1788548727055802846,1788548727080802846,25,32.394168853759766,2.054610013961792,1324.853759765625,1550.5596923828125
5b4bffcb-62c3-4bc0-9be5-205b0c6d3b57,a2c3d3dd-30f7-4511-8288-d5c7edc7422d,204,1788548727511177846,1788548727711427846,200,90.49803924560547,5.740370750427246,3068.180908203125,6316.7158203125
5b4bffcb-62c3-4bc0-9be5-205b0c6d3b57,a2c3d3dd-30f7-4511-8288-d5c7edc7422d,205,1788548728216805846,1788548728261928846,45,79.9998779296875,5.071568489074707,1799.653564453125,2623.125732421875
5b4bffcb-62c3-4bc0-9be5-205b0c6d3b57,a2c3d3dd-30f7-4511-8288-d5c7edc7422d,206,1788548728692301846,1788548728727301846,35,60.166709899902344,3.771090030670166,1730.51318359375,2090.43603515625
5b4bffcb-62c3-4bc0-9be5-205b0c6d3b57,a2c3d3dd-30f7-4511-8288-d5c7edc7422d,207,1788548729508051846,1788548729543051846,35,100.9448013305664,6.349669933319092,2886.732421875,3875.273681640625
5b4bffcb-62c3-4bc0-9be5-205b0c6d3b57,a2c3d3dd-30f7-4511-8288-d5c7edc7422d,208,1788548730674176846,1788548730714176846,40,66.77738189697266,4.2361531257629395,1696.8350830078125,2316.460693359375
5b4bffcb-62c3-4bc0-9be5-205b0c6d3b57,a2c3d3dd-30f7-4511-8288-d5c7edc7422d,209,1788548731099559846,1788548731134551846,35,53.86302947998047,3.4130699634552,1563.5513916015625,2090.909912109375
5b4bffcb-62c3-4bc0-9be5-205b0c6d3b57,a2c3d3dd-30f7-4511-8288-d5c7edc7422d,210,1788548731339806846,1788548731399800846,60,97.87830352783203,6.1977128982543945,1667.89306640625,2150.767333984375
5b4bffcb-62c3-4bc0-9be5-205b0c6d3b57,a2c3d3dd-30f7-4511-8288-d5c7edc7422d,211,1788548732155550846,1788548732175550846,20,19.00269889831543,1.1939042806625366,957.7166748046875,1105.645263671875
5b4bffcb-62c3-4bc0-9be5-205b0c6d3b57,a2c3d3dd-30f7-4511-8288-d5c7edc7422d,212,1788548733136433846,1788548733191565846,55,125.5095443725586,7.900509834289551,2293.83154296875,3499.223388671875
5b4bffcb-62c3-4bc0-9be5-205b0c6d3b57,a2c3d3dd-30f7-4511-8288-d5c7edc7422d,213,1788548733421800846,1788548733461800846,40,83.29106140136719,5.239442348480225,2084.436767578125,2855.132080078125
5b4bffcb-62c3-4bc0-9be5-205b0c6d3b57,a2c3d3dd-30f7-4511-8288-d5c7edc7422d,214,1788548734557799846,1788548734722924846,165,61.188961029052734,3.853362560272217,2264.55615234375,5741.70849609375
5b4bffcb-62c3-4bc0-9be5-205b0c6d3b57,a2c3d3dd-30f7-4511-8288-d5c7edc7422d,215,1788548735413674846,1788548735458674846,45,61.11705017089844,3.8466694355010986,1424.4810791015625,1935.177734375
5b4bffcb-62c3-4bc0-9be5-205b0c6d3b57,a2c3d3dd-30f7-4511-8288-d5c7edc7422d,216,1788548736529674846,1788548736584674846,55,183.77227783203125,11.568170547485352,3436.866455078125,5527.384765625
5b4bffcb-62c3-4bc0-9be5-205b0c6d3b57,a2c3d3dd-30f7-4511-8288-d5c7edc7422d,217,1788548736759923846,1788548736789924846,30,37.91739273071289,2.3868985176086426,1268.033447265625,1575.372314453125
5b4bffcb-62c3-4bc0-9be5-205b0c6d3b57,a2c3d3dd-30f7-4511-8288-d5c7edc7422d,218,1788548736940048846,1788548736980048846,40,81.29740142822266,5.119649887084961,2040.3359375,2836.07763671875
5b4bffcb-62c3-4bc0-9be5-205b0c6d3b57,a2c3d3dd-30f7-4511-8288-d5c7edc7422d,219,1788548737330423846,1788548737505548846,175,68.6959228515625,4.317285537719727,3196.7646484375,6644.626953125
5b4bffcb-62c3-4bc0-9be5-205b0c6d3b57,a2c3d3dd-30f7-4511-8288-d5c7edc7422d,220,1788548737695807846,1788548737720805846,25,26.121540069580078,1.647701382637024,1044.1256103515625,1196.31005859375
5b4bffcb-62c3-4bc0-9be5-205b0c6d3b57,a2c3d3dd-30f7-4511-8288-d5c7edc7422d,221,1788548738171173846,1788548738206298846,35,61.87423324584961,3.9163739681243896,1772.4111328125,2312.052490234375
5b4bffcb-62c3-4bc0-9be5-205b0c6d3b57,a2c3d3dd-30f7-4511-8288-d5c7edc7422d,222,1788548739277301846,1788548739502422846,225,17.61411476135254,1.1180287599563599,2742.874755859375,7161.26806640625
5b4bffcb-62c3-4bc0-9be5-205b0c6d3b57,a2c3d3dd-30f7-4511-8288-d5c7edc7422d,223,1788548740578422846,1788548740638547846,60,192.0036163330078,12.151975631713867,3220.65966796875,5537.88427734375
5b4bffcb-62c3-4bc0-9be5-205b0c6d3b57,a2c3d3dd-30f7-4511-8288-d5c7edc7422d,224,1788548740863797846,1788548740898797846,35,78.85784912109375,4.991217613220215,2308.594482421875,3007.383544921875
5b4bffcb-62c3-4bc0-9be5-205b0c6d3b57,a2c3d3dd-30f7-4511-8288-d5c7edc7422d,225,1788548741619422846,1788548741864671846,245,291.507568359375,18.368398666381836,3791.383544921875,8850.40234375
5b4bffcb-62c3-4bc0-9be5-205b0c6d3b57,a2c3d3dd-30f7-4511-8288-d5c7edc7422d,226,1788548742079921846,1788548742365171846,285,54.12872314453125,3.423682928085327,3765.793212890625,8045.931640625
5b4bffcb-62c3-4bc0-9be5-205b0c6d3b57,a2c3d3dd-30f7-4511-8288-d5c7edc7422d,227,1788548742515296846,1788548742535308846,20,22.495243072509766,1.4238008260726929,1015.178955078125,1085.5960693359375
5b4bffcb-62c3-4bc0-9be5-205b0c6d3b57,a2c3d3dd-30f7-4511-8288-d5c7edc7422d,228,1788548743205921846,1788548743225921846,20,20.753522872924805,1.3168971538543701,924.3662109375,990.6656494140625
5b4bffcb-62c3-4bc0-9be5-205b0c6d3b57,a2c3d3dd-30f7-4511-8288-d5c7edc7422d,229,1788548744452170846,1788548744542170846,90,31.197555541992188,1.975642204284668,3426.66796875,7025.5498046875
5b4bffcb-62c3-4bc0-9be5-205b0c6d3b57,a2c3d3dd-30f7-4511-8288-d5c7edc7422d,230,1788548744977670846,1788548745007670846,30,31.367877960205078,1.987356424331665,1244.3692626953125,1421.9322509765625
5b4bffcb-62c3-4bc0-9be5-205b0c6d3b57,a2c3d3dd-30f7-4511-8288-d5c7edc7422d,231,1788548745172806846,1788548745197795846,25,31.845539093017578,2.021524429321289,1276.66259765625,1429.666015625
5b4bffcb-62c3-4bc0-9be5-205b0c6d3b57,a2c3d3dd-30f7-4511-8288-d5c7edc7422d,232,1788548745928545846,1788548745948555846,20,18.116771697998047,1.1499689817428589,888.078857421875,955.1902465820312
5b4bffcb-62c3-4bc0-9be5-205b0c6d3b57,a2c3d3dd-30f7-4511-8288-d5c7edc7422d,233,1788548746138670846,1788548746168677846,30,55.54689407348633,3.5205209255218506,1808.3983154296875,2213.013916015625
5b4bffcb-62c3-4bc0-9be5-205b0c6d3b57,a2c3d3dd-30f7-4511-8288-d5c7edc7422d,234,1788548746303920846,1788548746343920846,40,92.73440551757812,5.88405179977417,2323.05126953125,3145.283447265625
5b4bffcb-62c3-4bc0-9be5-205b0c6d3b57,a2c3d3dd-30f7-4511-8288-d5c7edc7422d,235,1788548747855294846,1788548747890294846,35,78.4129638671875,4.976795196533203,2259.069580078125,2897.453369140625
5b4bffcb-62c3-4bc0-9be5-205b0c6d3b57,a2c3d3dd-30f7-4511-8288-d5c7edc7422d,236,1788548748606044846,1788548748641044846,35,47.7760009765625,3.0307705402374268,1360.73388671875,1737.45263671875
5b4bffcb-62c3-4bc0-9be5-205b0c6d3b57,a2c3d3dd-30f7-4511-8288-d5c7edc7422d,237,1788548749461793846,1788548749511918846,50,54.94382095336914,3.4805922508239746,1084.516845703125,1254.4942626953125
5b4bffcb-62c3-4bc0-9be5-205b0c6d3b57,a2c3d3dd-30f7-4511-8288-d5c7edc7422d,238,1788548750447793846,1788548750482793846,35,65.8006362915039,4.165308952331543,1886.33544921875,2478.710205078125
5b4bffcb-62c3-4bc0-9be5-205b0c6d3b57,a2c3d3dd-30f7-4511-8288-d5c7edc7422d,239,1788548750863172846,1788548750893168846,30,42.62137222290039,2.693321943283081,1282.9073486328125,1779.030029296875
5b4bffcb-62c3-4bc0-9be5-205b0c6d3b57,a2c3d3dd-30f7-4511-8288-d5c7edc7422d,240,1788548751638917846,1788548751668924846,30,32.399818420410156,2.0517241954803467,1099.437255859375,1315.0377197265625
5b4bffcb-62c3-4bc0-9be5-205b0c6d3b57,a2c3d3dd-30f7-4511-8288-d5c7edc7422d,241,1788548752895042846,1788548752915042846,20,16.930089950561523,1.0710079669952393,863.0797119140625,927.167236328125
5b4bffcb-62c3-4bc0-9be5-205b0c6d3b57,a2c3d3dd-30f7-4511-8288-d5c7edc7422d,242,1788548753460552846,1788548753490667846,30,33.279541015625,2.103268623352051,1108.898193359375,1317.567138671875
5b4bffcb-62c3-4bc0-9be5-205b0c6d3b57,a2c3d3dd-30f7-4511-8288-d5c7edc7422d,243,1788548754451541846,1788548754486541846,35,40.36913299560547,2.543722629547119,1164.418212890625,1389.3089599609375
5b4bffcb-62c3-4bc0-9be5-205b0c6d3b57,a2c3d3dd-30f7-4511-8288-d5c7edc7422d,244,1788548755057045846,1788548755087171846,30,29.01597785949707,1.8308244943618774,974.3733520507812,1135.311279296875
5b4bffcb-62c3-4bc0-9be5-205b0c6d3b57,a2c3d3dd-30f7-4511-8288-d5c7edc7422d,245,1788548756528415846,1788548756573540846,45,59.36007308959961,3.7473325729370117,1375.798828125,1816.6070556640625
5b4bffcb-62c3-4bc0-9be5-205b0c6d3b57,a2c3d3dd-30f7-4511-8288-d5c7edc7422d,246,1788548757099054846,1788548757124040846,25,23.009031295776367,1.4484902620315552,927.5761108398438,993.43994140625
5b4bffcb-62c3-4bc0-9be5-205b0c6d3b57,a2c3d3dd-30f7-4511-8288-d5c7edc7422d,247,1788548758430290846,1788548758460290846,30,38.78684997558594,2.4404067993164062,1300.79931640625,1574.5684814453125
5b4bffcb-62c3-4bc0-9be5-205b0c6d3b57,a2c3d3dd-30f7-4511-8288-d5c7edc7422d,248,1788548759020790846,1788548759045789846,25,29.605392456054688,1.856945514678955,1191.665771484375,1377.95361328125
5b4bffcb-62c3-4bc0-9be5-205b0c6d3b57,a2c3d3dd-30f7-4511-8288-d5c7edc7422d,249,1788548759581289846,1788548759616414846,35,51.976890563964844,3.2710318565368652,1494.3468017578125,1811.9625244140625
5b4bffcb-62c3-4bc0-9be5-205b0c6d3b57,a2c3d3dd-30f7-4511-8288-d5c7edc7422d,250,1788548760086789846,1788548760106789846,20,17.81691551208496,1.1203888654708862,897.9957885742188,950.8698120117188
5b4bffcb-62c3-4bc0-9be5-205b0c6d3b57,a2c3d3dd-30f7-4511-8288-d5c7edc7422d,251,1788548760392164846,1788548760442164846,50,86.9469985961914,5.481532096862793,1748.2110595703125,2525.970458984375
5b4bffcb-62c3-4bc0-9be5-205b0c6d3b57,a2c3d3dd-30f7-4511-8288-d5c7edc7422d,252,1788548760832539846,1788548760857543846,25,22.800201416015625,1.4358415603637695,923.1928100585938,1086.1644287109375
5b4bffcb-62c3-4bc0-9be5-205b0c6d3b57,a2c3d3dd-30f7-4511-8288-d5c7edc7422d,253,1788548761408038846,1788548761458163846,50,155.264404296875,9.739665031433105,3114.17041015625,4890.2705078125
5b4bffcb-62c3-4bc0-9be5-205b0c6d3b57,a2c3d3dd-30f7-4511-8288-d5c7edc7422d,254,1788548761628288846,1788548761663288846,35,50.390953063964844,3.168778896331787,1438.475341796875,1920.645751953125
5b4bffcb-62c3-4bc0-9be5-205b0c6d3b57,a2c3d3dd-30f7-4511-8288-d5c7edc7422d,255,1788548762073663846,1788548762103663846,30,40.213356018066406,2.5432026386260986,1448.944091796875,1717.25830078125
5b4bffcb-62c3-4bc0-9be5-205b0c6d3b57,a2c3d3dd-30f7-4511-8288-d5c7edc7422d,256,1788548762529163846,1788548762559163846,30,46.528167724609375,2.952702522277832,1735.7025146484375,2107.7099609375
5b4bffcb-62c3-4bc0-9be5-205b0c6d3b57,a2c3d3dd-30f7-4511-8288-d5c7edc7422d,257,1788548763149663846,1788548763184792846,35,54.875823974609375,3.4823410511016846,1665.28076171875,2256.45703125
5b4bffcb-62c3-4bc0-9be5-205b0c6d3b57,a2c3d3dd-30f7-4511-8288-d5c7edc7422d,258,1788548763394913846,1788548763555037846,160,58.668983459472656,3.7246336936950684,4118.265625,10998.5283203125
5b4bffcb-62c3-4bc0-9be5-205b0c6d3b57,a2c3d3dd-30f7-4511-8288-d5c7edc7422d,259,1788548763705301846,1788548763725287846,20,19.581457138061523,1.23987877368927,1013.4458618164062,1098.2098388671875
5b4bffcb-62c3-4bc0-9be5-205b0c6d3b57,a2c3d3dd-30f7-4511-8288-d5c7edc7422d,260,1788548767628911846,1788548767819047846,190,44.75267791748047,2.8392958641052246,3895.5703125,11523.931640625
5b4bffcb-62c3-4bc0-9be5-205b0c6d3b57,a2c3d3dd-30f7-4511-8288-d5c7edc7422d,261,1788548768384660846,1788548768414660846,30,47.02558898925781,2.9806015491485596,1530.9378662109375,1890.9951171875
5b4bffcb-62c3-4bc0-9be5-205b0c6d3b57,a2c3d3dd-30f7-4511-8288-d5c7edc7422d,262,1788548768760035846,1788548768825035846,65,152.20010375976562,9.629636764526367,2369.22216796875,3567.279541015625
5b4bffcb-62c3-4bc0-9be5-205b0c6d3b57,a2c3d3dd-30f7-4511-8288-d5c7edc7422d,263,1788548769055285846,1788548769110285846,55,158.82191467285156,10.029017448425293,2857.426513671875,4501.361328125
5b4bffcb-62c3-4bc0-9be5-205b0c6d3b57,a2c3d3dd-30f7-4511-8288-d5c7edc7422d,264,1788548769580785846,1788548769780913846,200,9.239890098571777,0.5863133072853088,3026.84228515625,7481.16650390625
5b4bffcb-62c3-4bc0-9be5-205b0c6d3b57,a2c3d3dd-30f7-4511-8288-d5c7edc7422d,265,1788548770071160846,1788548770096285846,25,23.800445556640625,1.504785180091858,930.99658203125,1067.30029296875
5b4bffcb-62c3-4bc0-9be5-205b0c6d3b57,a2c3d3dd-30f7-4511-8288-d5c7edc7422d,266,1788548770316409846,1788548770336421846,20,17.743545532226562,1.1247354745864868,931.6495361328125,1021.521240234375
5b4bffcb-62c3-4bc0-9be5-205b0c6d3b57,a2c3d3dd-30f7-4511-8288-d5c7edc7422d,267,1788548770646784846,1788548770701784846,55,149.0529022216797,9.41232967376709,2987.894775390625,4631.16357421875
5b4bffcb-62c3-4bc0-9be5-205b0c6d3b57,a2c3d3dd-30f7-4511-8288-d5c7edc7422d,268,1788548770942034846,1788548770987040846,45,98.81990051269531,6.244061470031738,2098.231689453125,3001.95654296875
5b4bffcb-62c3-4bc0-9be5-205b0c6d3b57,a2c3d3dd-30f7-4511-8288-d5c7edc7422d,269,1788548771227284846,1788548771287415846,60,215.73135375976562,13.574446678161621,3658.740966796875,6071.3017578125
5b4bffcb-62c3-4bc0-9be5-205b0c6d3b57,a2c3d3dd-30f7-4511-8288-d5c7edc7422d,270,1788548771517534846,1788548771547659846,30,36.08340072631836,2.277667284011841,1152.668212890625,1436.841064453125
5b4bffcb-62c3-4bc0-9be5-205b0c6d3b57,a2c3d3dd-30f7-4511-8288-d5c7edc7422d,271,1788548771892909846,1788548771922913846,30,39.21124267578125,2.4844961166381836,1301.38037109375,1646.43798828125
5b4bffcb-62c3-4bc0-9be5-205b0c6d3b57,a2c3d3dd-30f7-4511-8288-d5c7edc7422d,272,1788548772158159846,1788548772188159846,30,44.804405212402344,2.845304250717163,1496.4744873046875,1843.5777587890625
5b4bffcb-62c3-4bc0-9be5-205b0c6d3b57,a2c3d3dd-30f7-4511-8288-d5c7edc7422d,273,1788548772788787846,1788548772818783846,30,40.12111282348633,2.546968936920166,1378.8289794921875,1680.997314453125
5b4bffcb-62c3-4bc0-9be5-205b0c6d3b57,a2c3d3dd-30f7-4511-8288-d5c7edc7422d,274,1788548774075033846,1788548774135033846,60,122.1999740600586,7.752801895141602,2093.385986328125,2938.70263671875
5b4bffcb-62c3-4bc0-9be5-205b0c6d3b57,a2c3d3dd-30f7-4511-8288-d5c7edc7422d,275,1788548775241032846,1788548775361157846,120,76.96920013427734,4.866103172302246,4677.76220703125,9971.93359375
5b4bffcb-62c3-4bc0-9be5-205b0c6d3b57,a2c3d3dd-30f7-4511-8288-d5c7edc7422d,276,1788548776437167846,1788548776472282846,35,48.89254379272461,3.0906379222869873,1406.576416015625,1693.0543212890625
5b4bffcb-62c3-4bc0-9be5-205b0c6d3b57,a2c3d3dd-30f7-4511-8288-d5c7edc7422d,277,1788548776862656846,1788548777117782846,255,48.519935607910156,3.0758044719696045,1576.5435791015625,2861.056884765625
5b4bffcb-62c3-4bc0-9be5-205b0c6d3b57,a2c3d3dd-30f7-4511-8288-d5c7edc7422d,278,1788548777273031846,1788548777513156846,240,91.97683715820312,5.829319953918457,3539.89111328125,9055.419921875
5b4bffcb-62c3-4bc0-9be5-205b0c6d3b57,a2c3d3dd-30f7-4511-8288-d5c7edc7422d,279,1788548777713406846,1788548777728406846,15,14.307034492492676,0.9084217548370361,1001.3085327148438,1047.5009765625
5b4bffcb-62c3-4bc0-9be5-205b0c6d3b57,a2c3d3dd-30f7-4511-8288-d5c7edc7422d,280,1788548778674281846,1788548778699281846,25,27.922895431518555,1.7695462703704834,1141.62451171875,1302.1142578125
5b4bffcb-62c3-4bc0-9be5-205b0c6d3b57,a2c3d3dd-30f7-4511-8288-d5c7edc7422d,281,1788548780120655846,1788548780190780846,70,156.3649139404297,9.900962829589844,2277.723876953125,3634.051025390625
5b4bffcb-62c3-4bc0-9be5-205b0c6d3b57,a2c3d3dd-30f7-4511-8288-d5c7edc7422d,282,1788548781341779846,1788548781386904846,45,60.647769927978516,3.8408126831054688,1359.4886474609375,1687.17578125
5b4bffcb-62c3-4bc0-9be5-205b0c6d3b57,a2c3d3dd-30f7-4511-8288-d5c7edc7422d,283,1788548782047532846,1788548782092529846,45,99.21339416503906,6.267575740814209,2215.22705078125,3320.756591796875
5b4bffcb-62c3-4bc0-9be5-205b0c6d3b57,a2c3d3dd-30f7-4511-8288-d5c7edc7422d,284,1788548784780028846,1788548784800028846,20,17.13037872314453,1.0854690074920654,856.6491088867188,920.6987915039062
5b4bffcb-62c3-4bc0-9be5-205b0c6d3b57,a2c3d3dd-30f7-4511-8288-d5c7edc7422d,285,1788548786231402846,1788548786286402846,55,169.4654541015625,10.6920166015625,3094.420654296875,4596.583984375
5b4bffcb-62c3-4bc0-9be5-205b0c6d3b57,a2c3d3dd-30f7-4511-8288-d5c7edc7422d,286,1788548786426536846,1788548786461652846,35,55.13631057739258,3.4787187576293945,1574.7362060546875,2032.64892578125
5b4bffcb-62c3-4bc0-9be5-205b0c6d3b57,a2c3d3dd-30f7-4511-8288-d5c7edc7422d,287,1788548786857027846,1788548787017152846,160,10.37014389038086,0.6620479226112366,4126.48828125,8629.935546875
5b4bffcb-62c3-4bc0-9be5-205b0c6d3b57,a2c3d3dd-30f7-4511-8288-d5c7edc7422d,288,1788548787382529846,1788548787437527846,55,110.1512222290039,6.940185070037842,2043.6015625,3170.568115234375
5b4bffcb-62c3-4bc0-9be5-205b0c6d3b57,a2c3d3dd-30f7-4511-8288-d5c7edc7422d,289,1788548787852901846,1788548787903030846,50,158.7198486328125,10.023287773132324,3187.620849609375,5179.83349609375
5b4bffcb-62c3-4bc0-9be5-205b0c6d3b57,a2c3d3dd-30f7-4511-8288-d5c7edc7422d,290,1788548790795660846,1788548791081025846,285,22.846115112304688,1.4497038125991821,3296.784423828125,8767.4794921875
5b4bffcb-62c3-4bc0-9be5-205b0c6d3b57,a2c3d3dd-30f7-4511-8288-d5c7edc7422d,291,1788548791466275846,1788548791501399846,35,61.23826599121094,3.880733013153076,1757.748046875,2257.5341796875
5b4bffcb-62c3-4bc0-9be5-205b0c6d3b57,a2c3d3dd-30f7-4511-8288-d5c7edc7422d,292,1788548791891774846,1788548791931774846,40,98.19798278808594,6.223143577575684,2446.252685546875,3341.484130859375
5b4bffcb-62c3-4bc0-9be5-205b0c6d3b57,a2c3d3dd-30f7-4511-8288-d5c7edc7422d,293,1788548792101899846,1788548792147024846,45,102.37030029296875,6.462686538696289,2297.890380859375,3339.663330078125
5b4bffcb-62c3-4bc0-9be5-205b0c6d3b57,a2c3d3dd-30f7-4511-8288-d5c7edc7422d,294,1788548792372149846,1788548792417274846,45,100.34992218017578,6.3289570808410645,2226.8251953125,3275.059814453125
5b4bffcb-62c3-4bc0-9be5-205b0c6d3b57,a2c3d3dd-30f7-4511-8288-d5c7edc7422d,295,1788548793463152846,1788548793508273846,45,106.72504425048828,6.736017227172852,2379.091552734375,3576.6328125
5b4bffcb-62c3-4bc0-9be5-205b0c6d3b57,a2c3d3dd-30f7-4511-8288-d5c7edc7422d,296,1788548793658402846,1788548793693406846,35,43.60118103027344,2.7513625621795654,1247.0289306640625,1592.7537841796875
5b4bffcb-62c3-4bc0-9be5-205b0c6d3b57,a2c3d3dd-30f7-4511-8288-d5c7edc7422d,297,1788548793903648846,1788548793928648846,25,27.30825424194336,1.7196472883224487,1110.725341796875,1257.1376953125
5b4bffcb-62c3-4bc0-9be5-205b0c6d3b57,a2c3d3dd-30f7-4511-8288-d5c7edc7422d,298,1788548794389023846,1788548794444148846,55,136.82501220703125,8.633598327636719,2519.355712890625,4369.32177734375
5b4bffcb-62c3-4bc0-9be5-205b0c6d3b57,a2c3d3dd-30f7-4511-8288-d5c7edc7422d,299,1788548794719398846,1788548794769399846,50,59.17483139038086,3.7468409538269043,1295.4739990234375,1658.67578125
5b4bffcb-62c3-4bc0-9be5-205b0c6d3b57,a2c3d3dd-30f7-4511-8288-d5c7edc7422d,300,1788548795039648846,1788548795064786846,25,27.272367477416992,1.7150131464004517,1084.560546875,1272.5509033203125
5b4bffcb-62c3-4bc0-9be5-205b0c6d3b57,a2c3d3dd-30f7-4511-8288-d5c7edc7422d,301,1788548795234898846,1788548795269897846,35,76.6420669555664,4.8606343269348145,2216.549560546875,2978.849853515625
5b4bffcb-62c3-4bc0-9be5-205b0c6d3b57,a2c3d3dd-30f7-4511-8288-d5c7edc7422d,302,1788548796661272846,1788548796701272846,40,76.2619857788086,4.840911388397217,1917.2293701171875,2597.728515625
5b4bffcb-62c3-4bc0-9be5-205b0c6d3b57,a2c3d3dd-30f7-4511-8288-d5c7edc7422d,303,1788548797271772846,1788548797301772846,30,31.90085220336914,2.0262246131896973,1101.185791015625,1219.3697509765625
5b4bffcb-62c3-4bc0-9be5-205b0c6d3b57,a2c3d3dd-30f7-4511-8288-d5c7edc7422d,304,1788548798117646846,1788548798147646846,30,39.69940948486328,2.5157089233398438,1337.8492431640625,1623.6417236328125
5b4bffcb-62c3-4bc0-9be5-205b0c6d3b57,a2c3d3dd-30f7-4511-8288-d5c7edc7422d,305,1788548799268646846,1788548799293645846,25,23.88733673095703,1.513396143913269,981.0758666992188,1102.9615478515625
5b4bffcb-62c3-4bc0-9be5-205b0c6d3b57,a2c3d3dd-30f7-4511-8288-d5c7edc7422d,306,1788548799704020846,1788548799729145846,25,25.582338333129883,1.618438959121704,1038.14453125,1210.1837158203125
5b4bffcb-62c3-4bc0-9be5-205b0c6d3b57,a2c3d3dd-30f7-4511-8288-d5c7edc7422d,307,1788548800204520846,1788548800229520846,25,28.77520179748535,1.8233360052108765,1159.473388671875,1282.043701171875
5b4bffcb-62c3-4bc0-9be5-205b0c6d3b57,a2c3d3dd-30f7-4511-8288-d5c7edc7422d,308,1788548801150394846,1788548801165394846,15,11.53406047821045,0.7314861416816711,777.4570922851562,792.2017822265625
5b4bffcb-62c3-4bc0-9be5-205b0c6d3b57,a2c3d3dd-30f7-4511-8288-d5c7edc7422d,309,1788548801425644846,1788548801445769846,20,19.823251724243164,1.2550932168960571,1001.3124389648438,1098.344970703125
5b4bffcb-62c3-4bc0-9be5-205b0c6d3b57,a2c3d3dd-30f7-4511-8288-d5c7edc7422d,310,1788548801926150846,1788548802056269846,130,72.50312042236328,4.599507808685303,3403.268798828125,7874.5517578125
5b4bffcb-62c3-4bc0-9be5-205b0c6d3b57,a2c3d3dd-30f7-4511-8288-d5c7edc7422d,311,1788548802401644846,1788548802431644846,30,31.03018569946289,1.9629753828048706,1053.5537109375,1272.0689697265625
5b4bffcb-62c3-4bc0-9be5-205b0c6d3b57,a2c3d3dd-30f7-4511-8288-d5c7edc7422d,312,1788548803537643846,1788548803562768846,25,27.15806770324707,1.7113442420959473,1086.671630859375,1234.9417724609375
5b4bffcb-62c3-4bc0-9be5-205b0c6d3b57,a2c3d3dd-30f7-4511-8288-d5c7edc7422d,313,1788548804408518846,1788548804443518846,35,45.73858642578125,2.891507387161255,1345.6568603515625,1782.768798828125
5b4bffcb-62c3-4bc0-9be5-205b0c6d3b57,a2c3d3dd-30f7-4511-8288-d5c7edc7422d,314,1788548805094144846,1788548805124147846,30,29.090147018432617,1.8418536186218262,986.0899658203125,1136.04296875
5b4bffcb-62c3-4bc0-9be5-205b0c6d3b57,a2c3d3dd-30f7-4511-8288-d5c7edc7422d,315,1788548805564653846,1788548805584642846,20,18.357505798339844,1.1572962999343872,937.863525390625,1022.3762817382812
5b4bffcb-62c3-4bc0-9be5-205b0c6d3b57,a2c3d3dd-30f7-4511-8288-d5c7edc7422d,316,1788548806380397846,1788548806410392846,30,24.817873001098633,1.568753957748413,837.6390380859375,887.3817138671875
5b4bffcb-62c3-4bc0-9be5-205b0c6d3b57,a2c3d3dd-30f7-4511-8288-d5c7edc7422d,317,1788548808052095846,1788548808072095846,20,17.87346649169922,1.1263997554779053,900.3526000976562,958.3489379882812
5b4bffcb-62c3-4bc0-9be5-205b0c6d3b57,a2c3d3dd-30f7-4511-8288-d5c7edc7422d,318,1788548808397470846,1788548808427470846,30,38.35881423950195,2.4151182174682617,1303.232421875,1586.2703857421875
5b4bffcb-62c3-4bc0-9be5-205b0c6d3b57,a2c3d3dd-30f7-4511-8288-d5c7edc7422d,319,1788548809153220846,1788548809168220846,15,13.869803428649902,0.8762563467025757,922.6387329101562,976.5549926757812
5b4bffcb-62c3-4bc0-9be5-205b0c6d3b57,a2c3d3dd-30f7-4511-8288-d5c7edc7422d,320,1788548809488470846,1788548809513474846,25,26.558914184570312,1.6720914840698242,1061.5218505859375,1183.63134765625
5b4bffcb-62c3-4bc0-9be5-205b0c6d3b57,a2c3d3dd-30f7-4511-8288-d5c7edc7422d,321,1788548810154095846,1788548810204224846,50,149.35647583007812,9.380252838134766,3008.907470703125,4745.482421875
5b4bffcb-62c3-4bc0-9be5-205b0c6d3b57,a2c3d3dd-30f7-4511-8288-d5c7edc7422d,322,1788548810349345846,1788548810384345846,35,55.945289611816406,3.515981674194336,1586.5960693359375,2052.7060546875
5b4bffcb-62c3-4bc0-9be5-205b0c6d3b57,a2c3d3dd-30f7-4511-8288-d5c7edc7422d,323,1788548811315220846,1788548811360221846,45,105.52874755859375,6.640913486480713,2379.7900390625,3568.393798828125
5b4bffcb-62c3-4bc0-9be5-205b0c6d3b57,a2c3d3dd-30f7-4511-8288-d5c7edc7422d,324,1788548811715595846,1788548811915720846,200,147.00828552246094,9.27611255645752,4067.32177734375,10758.94921875
5b4bffcb-62c3-4bc0-9be5-205b0c6d3b57,a2c3d3dd-30f7-4511-8288-d5c7edc7422d,325,1788548816334971846,1788548816530095846,195,24.464237213134766,1.549597978591919,2810.198974609375,7363.65869140625
5b4bffcb-62c3-4bc0-9be5-205b0c6d3b57,a2c3d3dd-30f7-4511-8288-d5c7edc7422d,326,1788548819733097846,1788548819773219846,40,47.35293960571289,2.9972903728485107,1174.92822265625,1467.8797607421875
5b4bffcb-62c3-4bc0-9be5-205b0c6d3b57,a2c3d3dd-30f7-4511-8288-d5c7edc7422d,327,1788548820043470846,1788548820078469846,35,40.8906364440918,2.572600841522217,1168.937744140625,1431.7159423828125
5b4bffcb-62c3-4bc0-9be5-205b0c6d3b57,a2c3d3dd-30f7-4511-8288-d5c7edc7422d,328,1788548820263594846,1788548820298719846,35,55.503089904785156,3.518385410308838,1601.8939208984375,2093.56640625
5b4bffcb-62c3-4bc0-9be5-205b0c6d3b57,a2c3d3dd-30f7-4511-8288-d5c7edc7422d,329,1788548820403719846,1788548820638984846,235,32.750919342041016,2.0787439346313477,3652.379638671875,8630.09375
5b4bffcb-62c3-4bc0-9be5-205b0c6d3b57,a2c3d3dd-30f7-4511-8288-d5c7edc7422d,330,1788548824042219846,1788548824072220846,30,36.488983154296875,2.308950424194336,1228.0977783203125,1489.2926025390625
5b4bffcb-62c3-4bc0-9be5-205b0c6d3b57,a2c3d3dd-30f7-4511-8288-d5c7edc7422d,331,1788548824707844846,1788548824782844846,75,10.526182174682617,0.6674358248710632,1139.0009765625,1550.16259765625
5b4bffcb-62c3-4bc0-9be5-205b0c6d3b57,a2c3d3dd-30f7-4511-8288-d5c7edc7422d,332,1788548825253344846,1788548825273352846,20,18.66165542602539,1.1827406883239746,955.09228515625,1023.6489868164062
5b4bffcb-62c3-4bc0-9be5-205b0c6d3b57,a2c3d3dd-30f7-4511-8288-d5c7edc7422d,333,1788548825628729846,1788548825698719846,70,170.7074737548828,10.804423332214355,2514.2666015625,4125.3134765625
5b4bffcb-62c3-4bc0-9be5-205b0c6d3b57,a2c3d3dd-30f7-4511-8288-d5c7edc7422d,334,1788548826244219846,1788548826434469846,190,85.10069274902344,5.370114803314209,3176.233154296875,9731.98046875
5b4bffcb-62c3-4bc0-9be5-205b0c6d3b57,a2c3d3dd-30f7-4511-8288-d5c7edc7422d,335,1788548826674719846,1788548826704719846,30,32.34089279174805,2.048330068588257,1109.11962890625,1295.4075927734375
5b4bffcb-62c3-4bc0-9be5-205b0c6d3b57,a2c3d3dd-30f7-4511-8288-d5c7edc7422d,336,1788548827410353846,1788548827600603846,190,47.76878356933594,3.0480363368988037,4295.76953125,13614.4287109375
5b4bffcb-62c3-4bc0-9be5-205b0c6d3b57,a2c3d3dd-30f7-4511-8288-d5c7edc7422d,337,1788548828115973846,1788548828151094846,35,59.284332275390625,3.7451746463775635,1692.3421630859375,2124.36669921875
5b4bffcb-62c3-4bc0-9be5-205b0c6d3b57,a2c3d3dd-30f7-4511-8288-d5c7edc7422d,338,1788548828261105846,1788548828571469846,310,17.87687110900879,1.128127932548523,3921.380615234375,15458.0498046875
5b4bffcb-62c3-4bc0-9be5-205b0c6d3b57,a2c3d3dd-30f7-4511-8288-d5c7edc7422d,339,1788548829076975846,1788548829111969846,35,68.25559997558594,4.313823699951172,1967.4891357421875,2596.6748046875
5b4bffcb-62c3-4bc0-9be5-205b0c6d3b57,a2c3d3dd-30f7-4511-8288-d5c7edc7422d,340,1788548829877719846,1788548830037860846,160,17.298830032348633,1.094247579574585,3604.272216796875,9241.732421875
5b4bffcb-62c3-4bc0-9be5-205b0c6d3b57,a2c3d3dd-30f7-4511-8288-d5c7edc7422d,341,1788548830398219846,1788548830423219846,25,23.750478744506836,1.5026975870132446,990.1328125,1138.8333740234375
5b4bffcb-62c3-4bc0-9be5-205b0c6d3b57,a2c3d3dd-30f7-4511-8288-d5c7edc7422d,342,1788548831614348846,1788548831634344846,20,16.979724884033203,1.075503945350647,867.9506225585938,899.5204467773438
5b4bffcb-62c3-4bc0-9be5-205b0c6d3b57,a2c3d3dd-30f7-4511-8288-d5c7edc7422d,343,1788548832019719846,1788548832079719846,60,64.38430786132812,4.065120220184326,1191.421630859375,1598.160888671875
5b4bffcb-62c3-4bc0-9be5-205b0c6d3b57,a2c3d3dd-30f7-4511-8288-d5c7edc7422d,344,1788548833270844846,1788548833305844846,35,33.112342834472656,2.0873794555664062,943.7634887695312,1049.5821533203125
5b4bffcb-62c3-4bc0-9be5-205b0c6d3b57,a2c3d3dd-30f7-4511-8288-d5c7edc7422d,345,1788548833671219846,1788548833836344846,165,76.49205017089844,4.789783954620361,3555.11328125,12304.146484375
5b4bffcb-62c3-4bc0-9be5-205b0c6d3b57,a2c3d3dd-30f7-4511-8288-d5c7edc7422d,346,1788548834176719846,1788548834196721846,20,21.951480865478516,1.3782856464385986,1098.240478515625,1157.2430419921875
5b4bffcb-62c3-4bc0-9be5-205b0c6d3b57,a2c3d3dd-30f7-4511-8288-d5c7edc7422d,347,1788548834947469846,1788548834987469846,40,81.38075256347656,5.122783660888672,2039.1546630859375,2820.583984375
5b4bffcb-62c3-4bc0-9be5-205b0c6d3b57,a2c3d3dd-30f7-4511-8288-d5c7edc7422d,348,1788548836303719846,1788548836343719846,40,55.34891891479492,3.5009779930114746,1424.30517578125,1927.023193359375
5b4bffcb-62c3-4bc0-9be5-205b0c6d3b57,a2c3d3dd-30f7-4511-8288-d5c7edc7422d,349,1788548836829223846,1788548836869229846,40,92.46707153320312,5.861100196838379,2339.815673828125,3113.95458984375
5b4bffcb-62c3-4bc0-9be5-205b0c6d3b57,a2c3d3dd-30f7-4511-8288-d5c7edc7422d,350,1788548837990348846,1788548838050348846,60,159.9871063232422,10.07457160949707,2693.8134765625,3811.37060546875
5b4bffcb-62c3-4bc0-9be5-205b0c6d3b57,a2c3d3dd-30f7-4511-8288-d5c7edc7422d,351,1788548838160468846,1788548838410718846,250,142.2274627685547,9.006842613220215,3227.333984375,10839.599609375
5b4bffcb-62c3-4bc0-9be5-205b0c6d3b57,a2c3d3dd-30f7-4511-8288-d5c7edc7422d,352,1788548839101344846,1788548839146343846,45,130.1847381591797,8.259270668029785,2893.169921875,4399.46875
5b4bffcb-62c3-4bc0-9be5-205b0c6d3b57,a2c3d3dd-30f7-4511-8288-d5c7edc7422d,353,1788548839491718846,1788548839596843846,105,132.9073028564453,8.42507553100586,3460.2041015625,6958.35546875
5b4bffcb-62c3-4bc0-9be5-205b0c6d3b57,a2c3d3dd-30f7-4511-8288-d5c7edc7422d,354,1788548839771972846,1788548839811981846,40,102.18286895751953,6.487734794616699,2569.984375,3654.24609375
5b4bffcb-62c3-4bc0-9be5-205b0c6d3b57,a2c3d3dd-30f7-4511-8288-d5c7edc7422d,355,1788548842509593846,1788548842554598846,45,91.94210052490234,5.834056377410889,2054.73828125,3132.093994140625
5b4bffcb-62c3-4bc0-9be5-205b0c6d3b57,a2c3d3dd-30f7-4511-8288-d5c7edc7422d,356,1788548843545593846,1788548843590593846,45,134.87586975097656,8.53937816619873,2987.224365234375,4534.9375
5b4bffcb-62c3-4bc0-9be5-205b0c6d3b57,a2c3d3dd-30f7-4511-8288-d5c7edc7422d,357,1788548844866722846,1788548845071968846,205,125.81114959716797,7.950369358062744,3236.8017578125,8817.7294921875
5b4bffcb-62c3-4bc0-9be5-205b0c6d3b57,a2c3d3dd-30f7-4511-8288-d5c7edc7422d,358,1788548845262093846,1788548845307218846,45,124.2894058227539,7.858771324157715,2786.692138671875,4050.1953125
5b4bffcb-62c3-4bc0-9be5-205b0c6d3b57,a2c3d3dd-30f7-4511-8288-d5c7edc7422d,359,1788548845792593846,1788548845822718846,30,40.0179557800293,2.521463632583618,1342.4852294921875,1548.95361328125
5b4bffcb-62c3-4bc0-9be5-205b0c6d3b57,a2c3d3dd-30f7-4511-8288-d5c7edc7422d,360,1788548845992843846,1788548846017843846,25,29.468082427978516,1.8569709062576294,1182.5850830078125,1360.7371826171875
5b4bffcb-62c3-4bc0-9be5-205b0c6d3b57,a2c3d3dd-30f7-4511-8288-d5c7edc7422d,361,1788548846573343846,1788548846608468846,35,51.44908142089844,3.235408306121826,1462.819091796875,1888.6287841796875
5b4bffcb-62c3-4bc0-9be5-205b0c6d3b57,a2c3d3dd-30f7-4511-8288-d5c7edc7422d,362,1788548846833593846,1788548846868718846,35,75.87066650390625,4.800718784332275,2185.5263671875,2854.362548828125
5b4bffcb-62c3-4bc0-9be5-205b0c6d3b57,a2c3d3dd-30f7-4511-8288-d5c7edc7422d,363,1788548847699476846,1788548847729468846,30,49.213260650634766,3.1226272583007812,1638.8426513671875,1986.78515625
5b4bffcb-62c3-4bc0-9be5-205b0c6d3b57,a2c3d3dd-30f7-4511-8288-d5c7edc7422d,364,1788548848084843846,1788548848249968846,165,60.92721176147461,3.869479179382324,2927.219970703125,6089.79736328125
5b4bffcb-62c3-4bc0-9be5-205b0c6d3b57,a2c3d3dd-30f7-4511-8288-d5c7edc7422d,365,1788548849526102846,1788548849556218846,30,36.14503479003906,2.297138214111328,1213.9503173828125,1454.818359375
5b4bffcb-62c3-4bc0-9be5-205b0c6d3b57,a2c3d3dd-30f7-4511-8288-d5c7edc7422d,366,1788548850156718846,1788548850186843846,30,26.070470809936523,1.6564451456069946,879.8604736328125,983.0208129882812
5b4bffcb-62c3-4bc0-9be5-205b0c6d3b57,a2c3d3dd-30f7-4511-8288-d5c7edc7422d,367,1788548851142730846,1788548851207730846,65,184.15245056152344,11.660232543945312,2824.256103515625,4079.846435546875
5b4bffcb-62c3-4bc0-9be5-205b0c6d3b57,a2c3d3dd-30f7-4511-8288-d5c7edc7422d,368,1788548852548967846,1788548852589092846,40,121.73273468017578,7.710178375244141,3040.665771484375,4240.7294921875
5b4bffcb-62c3-4bc0-9be5-205b0c6d3b57,a2c3d3dd-30f7-4511-8288-d5c7edc7422d,369,1788548852744217846,1788548852939342846,195,184.7314910888672,11.698210716247559,4653.85693359375,11827.9111328125
5b4bffcb-62c3-4bc0-9be5-205b0c6d3b57,a2c3d3dd-30f7-4511-8288-d5c7edc7422d,370,1788548853655092846,1788548853695092846,40,75.4568862915039,4.7387285232543945,1877.285888671875,2593.2568359375
5b4bffcb-62c3-4bc0-9be5-205b0c6d3b57,a2c3d3dd-30f7-4511-8288-d5c7edc7422d,371,1788548854095467846,1788548854120467846,25,23.972082138061523,1.4881508350372314,944.8597412109375,1016.4201049804688
5b4bffcb-62c3-4bc0-9be5-205b0c6d3b57,a2c3d3dd-30f7-4511-8288-d5c7edc7422d,372,1788548854355717846,1788548854405717846,50,147.89202880859375,9.20653247833252,3023.330322265625,5039.4814453125
5b4bffcb-62c3-4bc0-9be5-205b0c6d3b57,a2c3d3dd-30f7-4511-8288-d5c7edc7422d,373,1788548854660981846,1788548854731099846,70,217.35879516601562,13.764410018920898,3138.936279296875,4832.44775390625
5b4bffcb-62c3-4bc0-9be5-205b0c6d3b57,a2c3d3dd-30f7-4511-8288-d5c7edc7422d,374,1788548855096467846,1788548855126467846,30,35.00025939941406,2.22074031829834,1173.5172119140625,1430.3944091796875
5b4bffcb-62c3-4bc0-9be5-205b0c6d3b57,a2c3d3dd-30f7-4511-8288-d5c7edc7422d,375,1788548856367594846,1788548856582842846,215,79.36056518554688,5.033966541290283,2930.093017578125,8830.2880859375
5b4bffcb-62c3-4bc0-9be5-205b0c6d3b57,a2c3d3dd-30f7-4511-8288-d5c7edc7422d,376,1788548857528717846,1788548857924092846,395,866.7100830078125,54.89044952392578,3666.4208984375,10851.791015625
5b4bffcb-62c3-4bc0-9be5-205b0c6d3b57,a2c3d3dd-30f7-4511-8288-d5c7edc7422d,377,1788548858369467846,1788548858564717846,195,882.6864624023438,55.906124114990234,4853.916015625,8920.9833984375
5b4bffcb-62c3-4bc0-9be5-205b0c6d3b57,a2c3d3dd-30f7-4511-8288-d5c7edc7422d,378,1788548859065092846,1788548859105217846,40,55.991844177246094,3.5377047061920166,1388.4830322265625,1719.224853515625
5b4bffcb-62c3-4bc0-9be5-205b0c6d3b57,a2c3d3dd-30f7-4511-8288-d5c7edc7422d,379,1788548859915967846,1788548859975967846,60,118.90839385986328,7.536014080047607,2041.58447265625,3312.286865234375
5b4bffcb-62c3-4bc0-9be5-205b0c6d3b57,a2c3d3dd-30f7-4511-8288-d5c7edc7422d,380,1788548860196217846,1788548860396342846,200,587.251953125,37.700416564941406,2968.393310546875,6464.60205078125
5b4bffcb-62c3-4bc0-9be5-205b0c6d3b57,a2c3d3dd-30f7-4511-8288-d5c7edc7422d,381,1788548860616592846,1788548860786721846,170,591.3517456054688,37.80625915527344,5541.509765625,10589.3828125
5b4bffcb-62c3-4bc0-9be5-205b0c6d3b57,a2c3d3dd-30f7-4511-8288-d5c7edc7422d,382,1788548860971967846,1788548860996967846,25,30.178945541381836,1.8970706462860107,1192.8358154296875,1375.9930419921875
5b4bffcb-62c3-4bc0-9be5-205b0c6d3b57,a2c3d3dd-30f7-4511-8288-d5c7edc7422d,383,1788548861592467846,1788548861647592846,55,183.61328125,11.616692543029785,3168.790283203125,5721.482421875
5b4bffcb-62c3-4bc0-9be5-205b0c6d3b57,a2c3d3dd-30f7-4511-8288-d5c7edc7422d,384,1788548861922842846,1788548861957847846,35,60.66987991333008,3.843899965286255,1727.0914306640625,2276.01123046875
5b4bffcb-62c3-4bc0-9be5-205b0c6d3b57,a2c3d3dd-30f7-4511-8288-d5c7edc7422d,385,1788548863449217846,1788548863504341846,55,99.75763702392578,6.325464248657227,1912.1544189453125,2720.5771484375
5b4bffcb-62c3-4bc0-9be5-205b0c6d3b57,a2c3d3dd-30f7-4511-8288-d5c7edc7422d,386,1788548864365091846,1788548864550341846,185,192.74888610839844,12.173919677734375,5152.33203125,12428.859375
5b4bffcb-62c3-4bc0-9be5-205b0c6d3b57,a2c3d3dd-30f7-4511-8288-d5c7edc7422d,387,1788548864795591846,1788548864860591846,65,255.57534790039062,16.095069885253906,4015.109375,5591.0439453125
5b4bffcb-62c3-4bc0-9be5-205b0c6d3b57,a2c3d3dd-30f7-4511-8288-d5c7edc7422d,388,1788548865170841846,1788548865210971846,40,69.97187042236328,4.346134662628174,1710.5933837890625,2378.250732421875
5b4bffcb-62c3-4bc0-9be5-205b0c6d3b57,a2c3d3dd-30f7-4511-8288-d5c7edc7422d,389,1788548865931591846,1788548866126841846,195,207.44876098632812,13.110980033874512,3276.5576171875,6315.57666015625
5b4bffcb-62c3-4bc0-9be5-205b0c6d3b57,a2c3d3dd-30f7-4511-8288-d5c7edc7422d,390,1788548869374841846,1788548869414841846,40,83.2298583984375,5.253568172454834,2082.20458984375,2885.835693359375
5b4bffcb-62c3-4bc0-9be5-205b0c6d3b57,a2c3d3dd-30f7-4511-8288-d5c7edc7422d,391,1788548869564966846,1788548869605091846,40,100.50890350341797,6.343696594238281,2526.85302734375,3691.85888671875
5b4bffcb-62c3-4bc0-9be5-205b0c6d3b57,a2c3d3dd-30f7-4511-8288-d5c7edc7422d,392,1788548873583840846,1788548873613840846,30,42.97703552246094,2.723102569580078,1432.727783203125,1786.320556640625
5b4bffcb-62c3-4bc0-9be5-205b0c6d3b57,a2c3d3dd-30f7-4511-8288-d5c7edc7422d,393,1788548875150215846,1788548875170340846,20,17.436613082885742,1.1063250303268433,873.5070190429688,932.1861572265625
5b4bffcb-62c3-4bc0-9be5-205b0c6d3b57,a2c3d3dd-30f7-4511-8288-d5c7edc7422d,394,1788548875585715846,1788548875620715846,35,49.507896423339844,3.137801170349121,1406.1494140625,1843.0572509765625
5b4bffcb-62c3-4bc0-9be5-205b0c6d3b57,a2c3d3dd-30f7-4511-8288-d5c7edc7422d,395,1788548876821840846,1788548876851840846,30,47.76280975341797,3.0212960243225098,1601.8477783203125,1891.619873046875
5b4bffcb-62c3-4bc0-9be5-205b0c6d3b57,a2c3d3dd-30f7-4511-8288-d5c7edc7422d,396,1788548877902840846,1788548877932840846,30,38.298709869384766,2.4250810146331787,1312.0015869140625,1617.9764404296875
5b4bffcb-62c3-4bc0-9be5-205b0c6d3b57,a2c3d3dd-30f7-4511-8288-d5c7edc7422d,397,1788548878628590846,1788548878658590846,30,39.88249969482422,2.5263166427612305,1324.3271484375,1566.878173828125
5b4bffcb-62c3-4bc0-9be5-205b0c6d3b57,a2c3d3dd-30f7-4511-8288-d5c7edc7422d,398,1788548879629465846,1788548879644465846,15,12.301648139953613,0.7788756489753723,837.8639526367188,889.37451171875
5b4bffcb-62c3-4bc0-9be5-205b0c6d3b57,a2c3d3dd-30f7-4511-8288-d5c7edc7422d,399,1788548879909715846,1788548879929715846,20,19.14361572265625,1.2078865766525269,983.3162231445312,1067.5592041015625
5b4bffcb-62c3-4bc0-9be5-205b0c6d3b57,a2c3d3dd-30f7-4511-8288-d5c7edc7422d,400,1788548880615464846,1788548880645465846,30,33.761287689208984,2.133300542831421,1131.4395751953125,1350.74853515625
5b4bffcb-62c3-4bc0-9be5-205b0c6d3b57,a2c3d3dd-30f7-4511-8288-d5c7edc7422d,401,1788548881135965846,1788548881165965846,30,37.436885833740234,2.356888771057129,1249.0748291015625,1494.6143798828125
5b4bffcb-62c3-4bc0-9be5-205b0c6d3b57,a2c3d3dd-30f7-4511-8288-d5c7edc7422d,402,1788548881876590846,1788548881896590846,20,17.379587173461914,1.097836971282959,881.2677612304688,950.1148681640625
5b4bffcb-62c3-4bc0-9be5-205b0c6d3b57,a2c3d3dd-30f7-4511-8288-d5c7edc7422d,403,1788548882652339846,1788548882677339846,25,26.744949340820312,1.6861237287521362,1088.827880859375,1222.8389892578125
5b4bffcb-62c3-4bc0-9be5-205b0c6d3b57,a2c3d3dd-30f7-4511-8288-d5c7edc7422d,404,1788548883458089846,1788548883473089846,15,13.447946548461914,0.8467199802398682,904.962158203125,1010.3176879882812
5b4bffcb-62c3-4bc0-9be5-205b0c6d3b57,a2c3d3dd-30f7-4511-8288-d5c7edc7422d,405,1788548884003589846,1788548884023589846,20,17.844379425048828,1.1225636005401611,902.473388671875,997.7988891601562
5b4bffcb-62c3-4bc0-9be5-205b0c6d3b57,a2c3d3dd-30f7-4511-8288-d5c7edc7422d,406,1788548884619214846,1788548884654214846,35,40.78544998168945,2.5472147464752197,1105.0594482421875,1509.377197265625
5b4bffcb-62c3-4bc0-9be5-205b0c6d3b57,a2c3d3dd-30f7-4511-8288-d5c7edc7422d,407,1788548885149719846,1788548885174714846,25,25.667781829833984,1.6109986305236816,1053.9649658203125,1224.0650634765625
5b4bffcb-62c3-4bc0-9be5-205b0c6d3b57,a2c3d3dd-30f7-4511-8288-d5c7edc7422d,408,1788548885590089846,1788548885620089846,30,46.36440658569336,2.9183895587921143,1568.9998779296875,1892.280517578125
5b4bffcb-62c3-4bc0-9be5-205b0c6d3b57,a2c3d3dd-30f7-4511-8288-d5c7edc7422d,409,1788548886706089846,1788548886736214846,30,26.08817481994629,1.650224208831787,885.712890625,994.6063232421875
5b4bffcb-62c3-4bc0-9be5-205b0c6d3b57,a2c3d3dd-30f7-4511-8288-d5c7edc7422d,410,1788548887576967846,1788548887626964846,50,143.92953491210938,9.036040306091309,2908.117431640625,4548.1865234375
5b4bffcb-62c3-4bc0-9be5-205b0c6d3b57,a2c3d3dd-30f7-4511-8288-d5c7edc7422d,411,1788548887782214846,1788548887897214846,115,167.5645294189453,10.520828247070312,3790.095458984375,6854.86962890625
5b4bffcb-62c3-4bc0-9be5-205b0c6d3b57,a2c3d3dd-30f7-4511-8288-d5c7edc7422d,412,1788548888127464846,1788548888182589846,55,168.3021697998047,10.587590217590332,3071.666748046875,4991.19970703125
5b4bffcb-62c3-4bc0-9be5-205b0c6d3b57,a2c3d3dd-30f7-4511-8288-d5c7edc7422d,413,1788548889638963846,1788548889864088846,225,16.804399490356445,1.0697708129882812,4398.1640625,14447.806640625
5b4bffcb-62c3-4bc0-9be5-205b0c6d3b57,a2c3d3dd-30f7-4511-8288-d5c7edc7422d,414,1788548890554713846,1788548890804975846,250,58.52461624145508,3.6922008991241455,3078.223876953125,9757.0654296875
5b4bffcb-62c3-4bc0-9be5-205b0c6d3b57,a2c3d3dd-30f7-4511-8288-d5c7edc7422d,415,1788548891610713846,1788548891875963846,265,50.14439010620117,3.1798596382141113,3286.021484375,8556.650390625
5b4bffcb-62c3-4bc0-9be5-205b0c6d3b57,a2c3d3dd-30f7-4511-8288-d5c7edc7422d,416,1788548894443463846,1788548894483463846,40,49.3404541015625,3.1289727687835693,1282.1094970703125,1669.5228271484375
5b4bffcb-62c3-4bc0-9be5-205b0c6d3b57,a2c3d3dd-30f7-4511-8288-d5c7edc7422d,417,1788548894888838846,1788548894913850846,25,23.809791564941406,1.4999216794967651,956.1082153320312,1023.88916015625
5b4bffcb-62c3-4bc0-9be5-205b0c6d3b57,a2c3d3dd-30f7-4511-8288-d5c7edc7422d,418,1788548895084088846,1788548895119088846,35,58.702659606933594,3.721374034881592,1727.0289306640625,2215.58935546875
5b4bffcb-62c3-4bc0-9be5-205b0c6d3b57,a2c3d3dd-30f7-4511-8288-d5c7edc7422d,419,1788548899117837846,1788548899137837846,20,17.33870506286621,1.0979743003845215,870.637451171875,951.1010131835938
5b4bffcb-62c3-4bc0-9be5-205b0c6d3b57,a2c3d3dd-30f7-4511-8288-d5c7edc7422d,420,1788548901174712846,1788548901269837846,95,21.153322219848633,1.342089295387268,1534.3756103515625,2410.46142578125
5b4bffcb-62c3-4bc0-9be5-205b0c6d3b57,a2c3d3dd-30f7-4511-8288-d5c7edc7422d,421,1788548901830337846,1788548901960462846,130,26.43096923828125,1.68221116065979,3066.635498046875,7341.0087890625
5b4bffcb-62c3-4bc0-9be5-205b0c6d3b57,a2c3d3dd-30f7-4511-8288-d5c7edc7422d,422,1788548904878211846,1788548904898211846,20,20.156490325927734,1.2749327421188354,1010.9426879882812,1137.9063720703125
5b4bffcb-62c3-4bc0-9be5-205b0c6d3b57,a2c3d3dd-30f7-4511-8288-d5c7edc7422d,423,1788548912585461846,1788548912635585846,50,140.94200134277344,8.845635414123535,2879.013427734375,4397.3955078125
5b4bffcb-62c3-4bc0-9be5-205b0c6d3b57,a2c3d3dd-30f7-4511-8288-d5c7edc7422d,424,1788548912810710846,1788548912860723846,50,131.14395141601562,8.22544002532959,2639.628662109375,4165.45654296875
5b4bffcb-62c3-4bc0-9be5-205b0c6d3b57,a2c3d3dd-30f7-4511-8288-d5c7edc7422d,425,1788548913000835846,1788548913191085846,190,22.326765060424805,1.4167319536209106,3485.28857421875,12785.505859375
5b4bffcb-62c3-4bc0-9be5-205b0c6d3b57,a2c3d3dd-30f7-4511-8288-d5c7edc7422d,426,1788548913746585846,1788548913781585846,35,112.00791931152344,7.003420352935791,3195.01611328125,4210.29296875
5b4bffcb-62c3-4bc0-9be5-205b0c6d3b57,a2c3d3dd-30f7-4511-8288-d5c7edc7422d,427,1788548914036835846,1788548914106960846,70,228.00221252441406,14.33757209777832,3256.359619140625,5120.916015625
5b4bffcb-62c3-4bc0-9be5-205b0c6d3b57,a2c3d3dd-30f7-4511-8288-d5c7edc7422d,428,1788548914442210846,1788548914482343846,40,126.13724517822266,7.942219257354736,3151.5576171875,4515.103515625
5b4bffcb-62c3-4bc0-9be5-205b0c6d3b57,a2c3d3dd-30f7-4511-8288-d5c7edc7422d,429,1788548915092835846,1788548915278085846,185,14.788064002990723,0.9327918887138367,3351.672607421875,6578.87841796875
5b4bffcb-62c3-4bc0-9be5-205b0c6d3b57,a2c3d3dd-30f7-4511-8288-d5c7edc7422d,430,1788548915988710846,1788548916283959846,295,92.5345458984375,5.851994037628174,2999.868408203125,8565.943359375
5b4bffcb-62c3-4bc0-9be5-205b0c6d3b57,a2c3d3dd-30f7-4511-8288-d5c7edc7422d,431,1788548917410085846,1788548918360961846,951,46.86459732055664,2.960428237915039,2434.192626953125,8938.328125
5b4bffcb-62c3-4bc0-9be5-205b0c6d3b57,a2c3d3dd-30f7-4511-8288-d5c7edc7422d,432,1788548918516090846,1788548918636209846,120,135.38108825683594,8.582402229309082,3606.97998046875,9552.8046875
5b4bffcb-62c3-4bc0-9be5-205b0c6d3b57,a2c3d3dd-30f7-4511-8288-d5c7edc7422d,433,1788548918796348846,1788548918831334846,35,67.70075225830078,4.222240924835205,1852.99169921875,2387.717041015625
5b4bffcb-62c3-4bc0-9be5-205b0c6d3b57,a2c3d3dd-30f7-4511-8288-d5c7edc7422d,434,1788548918996584846,1788548919041584846,45,189.99595642089844,12.021842956542969,4293.45166015625,6643.9267578125
5b4bffcb-62c3-4bc0-9be5-205b0c6d3b57,a2c3d3dd-30f7-4511-8288-d5c7edc7422d,435,1788548919917459846,1788548919992459846,75,170.4601593017578,10.806754112243652,2332.48291015625,3517.328125
5b4bffcb-62c3-4bc0-9be5-205b0c6d3b57,a2c3d3dd-30f7-4511-8288-d5c7edc7422d,436,1788548920197709846,1788548920352834846,155,178.6790771484375,11.331133842468262,3074.996826171875,7178.88134765625
5b4bffcb-62c3-4bc0-9be5-205b0c6d3b57,a2c3d3dd-30f7-4511-8288-d5c7edc7422d,437,1788548921053459846,1788548921248709846,195,56.15504455566406,3.5539698600769043,3915.2255859375,10994.283203125
5b4bffcb-62c3-4bc0-9be5-205b0c6d3b57,a2c3d3dd-30f7-4511-8288-d5c7edc7422d,438,1788548921483834846,1788548921528959846,45,70.69598388671875,4.471651554107666,1631.824951171875,2734.990234375
5b4bffcb-62c3-4bc0-9be5-205b0c6d3b57,a2c3d3dd-30f7-4511-8288-d5c7edc7422d,439,1788548921834209846,1788548921864218846,30,38.62457275390625,2.438800811767578,1279.7449951171875,1604.9486083984375
5b4bffcb-62c3-4bc0-9be5-205b0c6d3b57,a2c3d3dd-30f7-4511-8288-d5c7edc7422d,440,1788548922694958846,1788548922730086846,35,48.42195510864258,3.0581440925598145,1378.6043701171875,1717.49560546875
5b4bffcb-62c3-4bc0-9be5-205b0c6d3b57,a2c3d3dd-30f7-4511-8288-d5c7edc7422d,441,1788548922885208846,1788548923105464846,220,83.37093353271484,5.266932010650635,3390.646484375,9447.6005859375
5b4bffcb-62c3-4bc0-9be5-205b0c6d3b57,a2c3d3dd-30f7-4511-8288-d5c7edc7422d,442,1788548924591837846,1788548924616833846,25,25.51384925842285,1.6176899671554565,1048.936767578125,1199.6695556640625
5b4bffcb-62c3-4bc0-9be5-205b0c6d3b57,a2c3d3dd-30f7-4511-8288-d5c7edc7422d,443,1788548925667833846,1788548925807958846,140,88.64608001708984,5.617898941040039,4062.3203125,9512.099609375
5b4bffcb-62c3-4bc0-9be5-205b0c6d3b57,a2c3d3dd-30f7-4511-8288-d5c7edc7422d,444,1788548926868958846,1788548926918958846,50,58.76074981689453,3.721317768096924,1192.8585205078125,1439.6641845703125
5b4bffcb-62c3-4bc0-9be5-205b0c6d3b57,a2c3d3dd-30f7-4511-8288-d5c7edc7422d,445,1788548927869832846,1788548927944957846,75,147.82945251464844,9.358771324157715,1988.7138671875,2871.55517578125
5b4bffcb-62c3-4bc0-9be5-205b0c6d3b57,a2c3d3dd-30f7-4511-8288-d5c7edc7422d,446,1788548928570582846,1788548928610582846,40,88.723388671875,5.594307899475098,2261.7724609375,3129.591796875
5b4bffcb-62c3-4bc0-9be5-205b0c6d3b57,a2c3d3dd-30f7-4511-8288-d5c7edc7422d,447,1788548929506457846,1788548929566457846,60,237.04664611816406,14.958044052124023,3958.8017578125,6105.1640625
5b4bffcb-62c3-4bc0-9be5-205b0c6d3b57,a2c3d3dd-30f7-4511-8288-d5c7edc7422d,448,1788548930001832846,1788548930066957846,65,269.0401916503906,17.013139724731445,4195.23974609375,6946.263671875
5b4bffcb-62c3-4bc0-9be5-205b0c6d3b57,a2c3d3dd-30f7-4511-8288-d5c7edc7422d,449,1788548930992832846,1788548931062832846,70,189.370361328125,11.941079139709473,2755.2314453125,4222.55078125
5b4bffcb-62c3-4bc0-9be5-205b0c6d3b57,a2c3d3dd-30f7-4511-8288-d5c7edc7422d,450,1788548932309082846,1788548932339082846,30,35.69888687133789,2.2525691986083984,1197.2047119140625,1462.2191162109375
5b4bffcb-62c3-4bc0-9be5-205b0c6d3b57,a2c3d3dd-30f7-4511-8288-d5c7edc7422d,451,1788548932734461846,1788548932824582846,90,93.70638275146484,5.887111663818359,1300.8460693359375,2414.353271484375
5b4bffcb-62c3-4bc0-9be5-205b0c6d3b57,a2c3d3dd-30f7-4511-8288-d5c7edc7422d,452,1788548933104832846,1788548933164832846,60,126.3802490234375,7.9552812576293945,2185.27978515625,3702.65380859375
5b4bffcb-62c3-4bc0-9be5-205b0c6d3b57,a2c3d3dd-30f7-4511-8288-d5c7edc7422d,453,1788548933890587846,1788548933915582846,25,22.790781021118164,1.4374397993087769,906.5946044921875,1034.9884033203125
5b4bffcb-62c3-4bc0-9be5-205b0c6d3b57,a2c3d3dd-30f7-4511-8288-d5c7edc7422d,454,1788548934641206846,1788548934686335846,45,76.69705963134766,4.851962566375732,1789.4273681640625,2590.760986328125
5b4bffcb-62c3-4bc0-9be5-205b0c6d3b57,a2c3d3dd-30f7-4511-8288-d5c7edc7422d,455,1788548935066711846,1788548935286831846,220,76.88957214355469,4.835526943206787,1963.434814453125,5004.47412109375
5b4bffcb-62c3-4bc0-9be5-205b0c6d3b57,a2c3d3dd-30f7-4511-8288-d5c7edc7422d,456,1788548935977456846,1788548936017586846,40,66.14958953857422,4.14816951751709,1650.35546875,2105.698486328125
5b4bffcb-62c3-4bc0-9be5-205b0c6d3b57,a2c3d3dd-30f7-4511-8288-d5c7edc7422d,457,1788548936563081846,1788548936603081846,40,110.45838928222656,6.915421009063721,2773.52978515625,3823.523681640625
5b4bffcb-62c3-4bc0-9be5-205b0c6d3b57,a2c3d3dd-30f7-4511-8288-d5c7edc7422d,458,1788548937533956846,1788548937558956846,25,22.281024932861328,1.3993067741394043,934.8222045898438,1019.61962890625
5b4bffcb-62c3-4bc0-9be5-205b0c6d3b57,a2c3d3dd-30f7-4511-8288-d5c7edc7422d,459,1788548939665955846,1788548939896205846,230,191.16981506347656,11.988980293273926,4457.55908203125,13218.03515625
5b4bffcb-62c3-4bc0-9be5-205b0c6d3b57,a2c3d3dd-30f7-4511-8288-d5c7edc7422d,460,1788548940036330846,1788548940061334846,25,25.12566375732422,1.5781875848770142,998.1325073242188,1139.7064208984375
5b4bffcb-62c3-4bc0-9be5-205b0c6d3b57,a2c3d3dd-30f7-4511-8288-d5c7edc7422d,461,1788548940336597846,1788548940376705846,40,93.18143463134766,5.859464645385742,2347.673095703125,3397.4931640625
5b4bffcb-62c3-4bc0-9be5-205b0c6d3b57,a2c3d3dd-30f7-4511-8288-d5c7edc7422d,462,1788548940756955846,1788548940802080846,45,90.22541046142578,5.674228191375732,2045.9326171875,3162.344970703125
5b4bffcb-62c3-4bc0-9be5-205b0c6d3b57,a2c3d3dd-30f7-4511-8288-d5c7edc7422d,463,1788548941502705846,1788548941737955846,235,52.304935455322266,3.3115272521972656,3187.003173828125,7728.32568359375
5b4bffcb-62c3-4bc0-9be5-205b0c6d3b57,a2c3d3dd-30f7-4511-8288-d5c7edc7422d,464,1788548942433585846,1788548942613705846,180,142.9512939453125,9.078716278076172,2600.186767578125,6243.8505859375
5b4bffcb-62c3-4bc0-9be5-205b0c6d3b57,a2c3d3dd-30f7-4511-8288-d5c7edc7422d,465,1788548942848955846,1788548943264330846,415,817.71533203125,51.888572692871094,2529.778076171875,8281.4775390625
5b4bffcb-62c3-4bc0-9be5-205b0c6d3b57,a2c3d3dd-30f7-4511-8288-d5c7edc7422d,466,1788548943544580846,1788548943829955846,285,869.6220703125,55.140968322753906,5198.56787109375,8968.4716796875
5b4bffcb-62c3-4bc0-9be5-205b0c6d3b57,a2c3d3dd-30f7-4511-8288-d5c7edc7422d,467,1788548946167082846,1788548946197079846,30,33.00962448120117,2.095836639404297,1094.7435302734375,1223.6162109375
5b4bffcb-62c3-4bc0-9be5-205b0c6d3b57,a2c3d3dd-30f7-4511-8288-d5c7edc7422d,468,1788548946427340846,1788548946642590846,215,18.002662658691406,1.141771674156189,2780.382568359375,6595.81396484375
5b4bffcb-62c3-4bc0-9be5-205b0c6d3b57,a2c3d3dd-30f7-4511-8288-d5c7edc7422d,469,1788548947858713846,1788548947923704846,65,188.68504333496094,11.929333686828613,2955.2587890625,4006.6259765625
5b4bffcb-62c3-4bc0-9be5-205b0c6d3b57,a2c3d3dd-30f7-4511-8288-d5c7edc7422d,470,1788548948073954846,1788548948098954846,25,38.05984878540039,2.3758699893951416,1562.6612548828125,1833.5001220703125
5b4bffcb-62c3-4bc0-9be5-205b0c6d3b57,a2c3d3dd-30f7-4511-8288-d5c7edc7422d,471,1788548948269091846,1788548948314083846,45,184.43275451660156,11.653739929199219,4049.09033203125,6110.46142578125
5b4bffcb-62c3-4bc0-9be5-205b0c6d3b57,a2c3d3dd-30f7-4511-8288-d5c7edc7422d,472,1788548948599329846,1788548948644468846,45,138.3911895751953,8.771570205688477,3142.565673828125,4854.62841796875
5b4bffcb-62c3-4bc0-9be5-205b0c6d3b57,a2c3d3dd-30f7-4511-8288-d5c7edc7422d,473,1788548951612203846,1788548951652207846,40,108.2258529663086,6.837724208831787,2706.26318359375,3774.816650390625
5b4bffcb-62c3-4bc0-9be5-205b0c6d3b57,a2c3d3dd-30f7-4511-8288-d5c7edc7422d,474,1788548952493078846,1788548952523078846,30,39.70484161376953,2.5115017890930176,1368.740234375,1640.6297607421875
5b4bffcb-62c3-4bc0-9be5-205b0c6d3b57,a2c3d3dd-30f7-4511-8288-d5c7edc7422d,475,1788548955210578846,1788548955225577846,15,13.354032516479492,0.8423683643341064,936.3611450195312,1009.8267211914062
5b4bffcb-62c3-4bc0-9be5-205b0c6d3b57,a2c3d3dd-30f7-4511-8288-d5c7edc7422d,476,1788548955485827846,1788548955540952846,55,37.49555206298828,2.3736398220062256,986.3657836914062,1151.756103515625
5b4bffcb-62c3-4bc0-9be5-205b0c6d3b57,a2c3d3dd-30f7-4511-8288-d5c7edc7422d,477,1788548956812077846,1788548956842202846,30,39.2039794921875,2.4754226207733154,1309.1329345703125,1612.1875
5b4bffcb-62c3-4bc0-9be5-205b0c6d3b57,a2c3d3dd-30f7-4511-8288-d5c7edc7422d,478,1788548957207452846,1788548957242582846,35,41.480464935302734,2.606019973754883,1209.1805419921875,1569.25537109375
5b4bffcb-62c3-4bc0-9be5-205b0c6d3b57,a2c3d3dd-30f7-4511-8288-d5c7edc7422d,479,1788548958213457846,1788548958233461846,20,18.276559829711914,1.1525958776474,903.1074829101562,974.6483154296875
5b4bffcb-62c3-4bc0-9be5-205b0c6d3b57,a2c3d3dd-30f7-4511-8288-d5c7edc7422d,480,1788548961066076846,1788548961086213846,20,17.076276779174805,1.0776097774505615,877.84130859375,947.7560424804688
5b4bffcb-62c3-4bc0-9be5-205b0c6d3b57,a2c3d3dd-30f7-4511-8288-d5c7edc7422d,481,1788548961566576846,1788548961586576846,20,17.33711814880371,1.095597743988037,901.716064453125,982.2903442382812
5b4bffcb-62c3-4bc0-9be5-205b0c6d3b57,a2c3d3dd-30f7-4511-8288-d5c7edc7422d,482,1788548962507451846,1788548962537451846,30,34.60330581665039,2.1730189323425293,1151.1060791015625,1408.2740478515625
5b4bffcb-62c3-4bc0-9be5-205b0c6d3b57,a2c3d3dd-30f7-4511-8288-d5c7edc7422d,483,1788548964083950846,1788548964108951846,25,23.793989181518555,1.4961310625076294,947.6126708984375,1058.0533447265625
5b4bffcb-62c3-4bc0-9be5-205b0c6d3b57,a2c3d3dd-30f7-4511-8288-d5c7edc7422d,484,1788548964704580846,1788548964774575846,70,18.770322799682617,1.1930783987045288,1103.509033203125,1754.1641845703125
5b4bffcb-62c3-4bc0-9be5-205b0c6d3b57,a2c3d3dd-30f7-4511-8288-d5c7edc7422d,485,1788548965159950846,1788548965210078846,50,58.194435119628906,3.6743125915527344,1183.734375,1501.5946044921875
5b4bffcb-62c3-4bc0-9be5-205b0c6d3b57,a2c3d3dd-30f7-4511-8288-d5c7edc7422d,486,1788548965605330846,1788548965635450846,30,39.043582916259766,2.464322805404663,1299.8411865234375,1555.694580078125
5b4bffcb-62c3-4bc0-9be5-205b0c6d3b57,a2c3d3dd-30f7-4511-8288-d5c7edc7422d,487,1788548966486200846,1788548966541325846,55,154.03082275390625,9.653828620910645,2873.129638671875,4631.51171875
5b4bffcb-62c3-4bc0-9be5-205b0c6d3b57,a2c3d3dd-30f7-4511-8288-d5c7edc7422d,488,1788548966666450846,1788548966881575846,215,167.9922637939453,10.5322904586792,5053.576171875,13270.333984375
5b4bffcb-62c3-4bc0-9be5-205b0c6d3b57,a2c3d3dd-30f7-4511-8288-d5c7edc7422d,489,1788548967026700846,1788548967076825846,50,199.51881408691406,12.527623176574707,3970.81884765625,6130.0703125
5b4bffcb-62c3-4bc0-9be5-205b0c6d3b57,a2c3d3dd-30f7-4511-8288-d5c7edc7422d,490,1788548967497200846,1788548967687328846,190,29.03946304321289,1.8370320796966553,3383.368408203125,10153.7744140625
5b4bffcb-62c3-4bc0-9be5-205b0c6d3b57,a2c3d3dd-30f7-4511-8288-d5c7edc7422d,491,1788548968227825846,1788548968382950846,155,19.58808708190918,1.2376459836959839,5350.86767578125,10330.8447265625
5b4bffcb-62c3-4bc0-9be5-205b0c6d3b57,a2c3d3dd-30f7-4511-8288-d5c7edc7422d,492,1788548969904449846,1788548970139699846,235,331.106201171875,20.907150268554688,2138.892333984375,4997.302734375
5b4bffcb-62c3-4bc0-9be5-205b0c6d3b57,a2c3d3dd-30f7-4511-8288-d5c7edc7422d,493,1788548970770199846,1788548970820324846,50,115.3626708984375,7.265560150146484,2507.892578125,3737.71875
5b4bffcb-62c3-4bc0-9be5-205b0c6d3b57,a2c3d3dd-30f7-4511-8288-d5c7edc7422d,494,1788548971100574846,1788548971756199846,656,633.0614624023438,40.089805603027344,3186.773193359375,7107.7705078125
5b4bffcb-62c3-4bc0-9be5-205b0c6d3b57,a2c3d3dd-30f7-4511-8288-d5c7edc7422d,495,1788548971956324846,1788548972061449846,105,52.63994598388672,3.3362412452697754,1672.8702392578125,2107.766845703125
5b4bffcb-62c3-4bc0-9be5-205b0c6d3b57,a2c3d3dd-30f7-4511-8288-d5c7edc7422d,496,1788548972356702846,1788548972566957846,210,990.2683715820312,62.576454162597656,5552.11279296875,15821.5849609375
5b4bffcb-62c3-4bc0-9be5-205b0c6d3b57,a2c3d3dd-30f7-4511-8288-d5c7edc7422d,497,1788548972647074846,1788548972667074846,20,25.23395347595215,1.5981184244155884,1227.6473388671875,1368.579833984375
5b4bffcb-62c3-4bc0-9be5-205b0c6d3b57,a2c3d3dd-30f7-4511-8288-d5c7edc7422d,498,1788548972922333846,1788548973002324846,80,385.9111022949219,24.303306579589844,5005.9033203125,8610.9892578125
5b4bffcb-62c3-4bc0-9be5-205b0c6d3b57,a2c3d3dd-30f7-4511-8288-d5c7edc7422d,499,1788548975524698846,1788548975584829846,60,245.982177734375,15.560942649841309,4115.16162109375,6653.408203125
5b4bffcb-62c3-4bc0-9be5-205b0c6d3b57,a2c3d3dd-30f7-4511-8288-d5c7edc7422d,500,1788548976335448846,1788548976400573846,65,268.1807556152344,16.923086166381836,4147.392578125,6734.05712890625
5b4bffcb-62c3-4bc0-9be5-205b0c6d3b57,a2c3d3dd-30f7-4511-8288-d5c7edc7422d,501,1788548980524447846,1788548980549453846,25,31.668031692504883,1.9991015195846558,1277.5128173828125,1505.07177734375
5b4bffcb-62c3-4bc0-9be5-205b0c6d3b57,a2c3d3dd-30f7-4511-8288-d5c7edc7422d,502,1788548981905696846,1788548981955821846,50,60.72312927246094,3.8451430797576904,1279.4788818359375,1873.682373046875
5b4bffcb-62c3-4bc0-9be5-205b0c6d3b57,a2c3d3dd-30f7-4511-8288-d5c7edc7422d,503,1788548982231077846,1788548982256071846,25,29.012393951416016,1.8375617265701294,1185.7713623046875,1330.456298828125
5b4bffcb-62c3-4bc0-9be5-205b0c6d3b57,a2c3d3dd-30f7-4511-8288-d5c7edc7422d,504,1788548982861571846,1788548982886696846,25,22.924789428710938,1.4506378173828125,938.2052612304688,1026.20361328125
5b4bffcb-62c3-4bc0-9be5-205b0c6d3b57,a2c3d3dd-30f7-4511-8288-d5c7edc7422d,505,1788548984282946846,1788548984317946846,35,60.1371955871582,3.8023641109466553,1731.392578125,2346.601806640625
5b4bffcb-62c3-4bc0-9be5-205b0c6d3b57,a2c3d3dd-30f7-4511-8288-d5c7edc7422d,506,1788548985739326846,1788548985759321846,20,16.84100341796875,1.066379427909851,878.07373046875,1004.3681030273438
5b4bffcb-62c3-4bc0-9be5-205b0c6d3b57,a2c3d3dd-30f7-4511-8288-d5c7edc7422d,507,1788548986670206846,1788548986695195846,25,26.358854293823242,1.6661020517349243,1080.953369140625,1316.0958251953125
5b4bffcb-62c3-4bc0-9be5-205b0c6d3b57,a2c3d3dd-30f7-4511-8288-d5c7edc7422d,508,1788548987055570846,1788548987075570846,20,16.827280044555664,1.0624974966049194,862.413818359375,945.4989624023438
5b4bffcb-62c3-4bc0-9be5-205b0c6d3b57,a2c3d3dd-30f7-4511-8288-d5c7edc7422d,509,1788548987616073846,1788548987646070846,30,46.508941650390625,2.9316506385803223,1528.3839111328125,1820.9837646484375
5b4bffcb-62c3-4bc0-9be5-205b0c6d3b57,a2c3d3dd-30f7-4511-8288-d5c7edc7422d,510,1788548988331820846,1788548988366820846,35,40.910850524902344,2.5763792991638184,1204.18701171875,1505.581298828125
5b4bffcb-62c3-4bc0-9be5-205b0c6d3b57,a2c3d3dd-30f7-4511-8288-d5c7edc7422d,511,1788548990058445846,1788548990088450846,30,31.578081130981445,1.9911240339279175,1057.396728515625,1230.2713623046875
5b4bffcb-62c3-4bc0-9be5-205b0c6d3b57,a2c3d3dd-30f7-4511-8288-d5c7edc7422d,512,1788548990959194846,1788548990984319846,25,23.105819702148438,1.4606901407241821,936.2628173828125,1029.3463134765625
5b4bffcb-62c3-4bc0-9be5-205b0c6d3b57,a2c3d3dd-30f7-4511-8288-d5c7edc7422d,513,1788548991970194846,1788548992005194846,35,57.031558990478516,3.5833001136779785,1645.7318115234375,2093.9619140625
5b4bffcb-62c3-4bc0-9be5-205b0c6d3b57,a2c3d3dd-30f7-4511-8288-d5c7edc7422d,514,1788548992750944846,1788548992775944846,25,28.863475799560547,1.8149971961975098,1165.0023193359375,1370.546630859375
5b4bffcb-62c3-4bc0-9be5-205b0c6d3b57,a2c3d3dd-30f7-4511-8288-d5c7edc7422d,515,1788548993406569846,1788548993446569846,40,67.69900512695312,4.271430969238281,1707.8572998046875,2271.783203125
5b4bffcb-62c3-4bc0-9be5-205b0c6d3b57,a2c3d3dd-30f7-4511-8288-d5c7edc7422d,516,1788548994132193846,1788548994152194846,20,18.617259979248047,1.1674267053604126,943.7859497070312,1015.9267578125
5b4bffcb-62c3-4bc0-9be5-205b0c6d3b57,a2c3d3dd-30f7-4511-8288-d5c7edc7422d,517,1788548994517568846,1788548994562694846,45,143.61439514160156,8.961703300476074,3247.71337890625,4777.09375
5b4bffcb-62c3-4bc0-9be5-205b0c6d3b57,a2c3d3dd-30f7-4511-8288-d5c7edc7422d,518,1788548994747823846,1788548994897948846,150,73.30013275146484,4.590684413909912,4720.31201171875,12935.568359375
5b4bffcb-62c3-4bc0-9be5-205b0c6d3b57,a2c3d3dd-30f7-4511-8288-d5c7edc7422d,519,1788548995223202846,1788548995258318846,35,65.26309204101562,4.093250274658203,1872.66796875,2414.029296875
5b4bffcb-62c3-4bc0-9be5-205b0c6d3b57,a2c3d3dd-30f7-4511-8288-d5c7edc7422d,520,1788548996219193846,1788548996254193846,35,45.172367095947266,2.8619494438171387,1268.0673828125,1640.5130615234375
5b4bffcb-62c3-4bc0-9be5-205b0c6d3b57,a2c3d3dd-30f7-4511-8288-d5c7edc7422d,521,1788548996444443846,1788548996699697846,255,69.11253356933594,4.385178089141846,2973.393798828125,8046.50634765625
5b4bffcb-62c3-4bc0-9be5-205b0c6d3b57,a2c3d3dd-30f7-4511-8288-d5c7edc7422d,522,1788548999512318846,1788548999747567846,235,183.4881591796875,11.630244255065918,3343.562744140625,9588.7431640625
5b4bffcb-62c3-4bc0-9be5-205b0c6d3b57,a2c3d3dd-30f7-4511-8288-d5c7edc7422d,523,1788549000378067846,1788549000398074846,20,18.35355567932129,1.161658763885498,918.8823852539062,993.64697265625
5b4bffcb-62c3-4bc0-9be5-205b0c6d3b57,a2c3d3dd-30f7-4511-8288-d5c7edc7422d,524,1788549001369067846,1788549001444073846,75,314.21051025390625,19.89877700805664,4219.43115234375,6133.23291015625
5b4bffcb-62c3-4bc0-9be5-205b0c6d3b57,a2c3d3dd-30f7-4511-8288-d5c7edc7422d,525,1788549002259941846,1788549002470066846,210,143.83587646484375,9.121187210083008,3875.788330078125,10708.15625
5b4bffcb-62c3-4bc0-9be5-205b0c6d3b57,a2c3d3dd-30f7-4511-8288-d5c7edc7422d,526,1788549003005566846,1788549003040566846,35,96.06230926513672,6.063899993896484,2400.421630859375,3431.14453125
5b4bffcb-62c3-4bc0-9be5-205b0c6d3b57,a2c3d3dd-30f7-4511-8288-d5c7edc7422d,527,1788549003385941846,1788549003641191846,255,130.56594848632812,8.26023006439209,3063.583984375,8067.26171875
5b4bffcb-62c3-4bc0-9be5-205b0c6d3b57,a2c3d3dd-30f7-4511-8288-d5c7edc7422d,528,1788549003966441846,1788549004006566846,40,74.40428161621094,4.699841022491455,1824.8272705078125,2271.704345703125
5b4bffcb-62c3-4bc0-9be5-205b0c6d3b57,a2c3d3dd-30f7-4511-8288-d5c7edc7422d,529,1788549004652191846,1788549004712191846,60,252.11521911621094,15.968842506408691,3954.99951171875,6678.9501953125
5b4bffcb-62c3-4bc0-9be5-205b0c6d3b57,a2c3d3dd-30f7-4511-8288-d5c7edc7422d,530,1788549004897320846,1788549004947441846,50,117.51629638671875,7.444484710693359,2165.5419921875,3362.351318359375
5b4bffcb-62c3-4bc0-9be5-205b0c6d3b57,a2c3d3dd-30f7-4511-8288-d5c7edc7422d,531,1788549005102566846,1788549005147566846,45,98.0730972290039,6.1953558921813965,2096.68408203125,3081.354248046875
5b4bffcb-62c3-4bc0-9be5-205b0c6d3b57,a2c3d3dd-30f7-4511-8288-d5c7edc7422d,532,1788549005688066846,1788549005758203846,70,277.3715515136719,17.51156234741211,3994.72998046875,5798.466796875
5b4bffcb-62c3-4bc0-9be5-205b0c6d3b57,a2c3d3dd-30f7-4511-8288-d5c7edc7422d,533,1788549006313691846,1788549006343690846,30,25.829565048217773,1.6374086141586304,1031.7098388671875,1223.9010009765625
5b4bffcb-62c3-4bc0-9be5-205b0c6d3b57,a2c3d3dd-30f7-4511-8288-d5c7edc7422d,534,1788549006513941846,1788549006543940846,30,40.870174407958984,2.592238187789917,1394.9437255859375,1684.079345703125
5b4bffcb-62c3-4bc0-9be5-205b0c6d3b57,a2c3d3dd-30f7-4511-8288-d5c7edc7422d,535,1788549007404690846,1788549007589940846,185,220.94244384765625,14.02009105682373,4031.3798828125,9468.91796875
5b4bffcb-62c3-4bc0-9be5-205b0c6d3b57,a2c3d3dd-30f7-4511-8288-d5c7edc7422d,536,1788549007895190846,1788549007950190846,55,108.1856918334961,6.847288131713867,1999.994384765625,2957.7998046875
5b4bffcb-62c3-4bc0-9be5-205b0c6d3b57,a2c3d3dd-30f7-4511-8288-d5c7edc7422d,537,1788549008750940846,1788549008826065846,75,371.5987548828125,23.231063842773438,4987.380859375,8774.634765625
5b4bffcb-62c3-4bc0-9be5-205b0c6d3b57,a2c3d3dd-30f7-4511-8288-d5c7edc7422d,538,1788549010607689846,1788549010657814846,50,133.81443786621094,8.405450820922852,2697.1240234375,4315.373046875
5b4bffcb-62c3-4bc0-9be5-205b0c6d3b57,a2c3d3dd-30f7-4511-8288-d5c7edc7422d,539,1788549010782939846,1788549010963064846,180,114.69075775146484,7.260817050933838,2994.841796875,9997.68359375
5b4bffcb-62c3-4bc0-9be5-205b0c6d3b57,a2c3d3dd-30f7-4511-8288-d5c7edc7422d,540,1788549012199197846,1788549012264314846,65,221.5390167236328,14.032079696655273,3423.167724609375,5759.8251953125
5b4bffcb-62c3-4bc0-9be5-205b0c6d3b57,a2c3d3dd-30f7-4511-8288-d5c7edc7422d,541,1788549013220189846,1788549013260189846,40,67.84921264648438,4.289118766784668,1700.743408203125,2258.3134765625
5b4bffcb-62c3-4bc0-9be5-205b0c6d3b57,a2c3d3dd-30f7-4511-8288-d5c7edc7422d,542,1788549013575563846,1788549013635564846,60,264.4530334472656,16.710514068603516,4416.3095703125,6535.478515625
5b4bffcb-62c3-4bc0-9be5-205b0c6d3b57,a2c3d3dd-30f7-4511-8288-d5c7edc7422d,543,1788549014726563846,1788549014766688846,40,89.52002716064453,5.632286548614502,2247.581787109375,3290.242919921875
5b4bffcb-62c3-4bc0-9be5-205b0c6d3b57,a2c3d3dd-30f7-4511-8288-d5c7edc7422d,544,1788549015317188846,1788549015482324846,165,161.4094696044922,10.11315631866455,4997.44140625,11690.7568359375
5b4bffcb-62c3-4bc0-9be5-205b0c6d3b57,a2c3d3dd-30f7-4511-8288-d5c7edc7422d,545,1788549015937813846,1788549015972818846,35,40.27630615234375,2.5236382484436035,1342.427978515625,1625.8111572265625
5b4bffcb-62c3-4bc0-9be5-205b0c6d3b57,a2c3d3dd-30f7-4511-8288-d5c7edc7422d,546,1788549016418188846,1788549016458188846,40,109.07581329345703,6.8730669021606445,2731.152099609375,3640.357666015625
5b4bffcb-62c3-4bc0-9be5-205b0c6d3b57,a2c3d3dd-30f7-4511-8288-d5c7edc7422d,547,1788549018945562846,1788549019085687846,140,14.57999038696289,0.9252774715423584,3253.78515625,9505.9033203125
5b4bffcb-62c3-4bc0-9be5-205b0c6d3b57,a2c3d3dd-30f7-4511-8288-d5c7edc7422d,548,1788549019406062846,1788549019591187846,185,162.39501953125,10.135035514831543,2889.66259765625,6317.63720703125
5b4bffcb-62c3-4bc0-9be5-205b0c6d3b57,a2c3d3dd-30f7-4511-8288-d5c7edc7422d,549,1788549020396937846,1788549020446937846,50,140.01193237304688,8.82730770111084,2788.517578125,4694.533203125
5b4bffcb-62c3-4bc0-9be5-205b0c6d3b57,a2c3d3dd-30f7-4511-8288-d5c7edc7422d,550,1788549020607189846,1788549020642187846,35,61.032344818115234,3.849590301513672,1702.6536865234375,2152.026123046875
5b4bffcb-62c3-4bc0-9be5-205b0c6d3b57,a2c3d3dd-30f7-4511-8288-d5c7edc7422d,551,1788549021047561846,1788549021202686846,155,132.47605895996094,8.397512435913086,3562.6025390625,7537.82568359375
5b4bffcb-62c3-4bc0-9be5-205b0c6d3b57,a2c3d3dd-30f7-4511-8288-d5c7edc7422d,552,1788549021528061846,1788549021563064846,35,43.474605560302734,2.7589986324310303,1295.3055419921875,1641.517822265625
5b4bffcb-62c3-4bc0-9be5-205b0c6d3b57,a2c3d3dd-30f7-4511-8288-d5c7edc7422d,553,1788549021968436846,1788549022018436846,50,150.4725341796875,9.553522109985352,3212.789794921875,5373.89453125
5b4bffcb-62c3-4bc0-9be5-205b0c6d3b57,a2c3d3dd-30f7-4511-8288-d5c7edc7422d,554,1788549022138561846,1788549022163561846,25,44.20078659057617,2.8080053329467773,1471.01025390625,1840.5167236328125
5b4bffcb-62c3-4bc0-9be5-205b0c6d3b57,a2c3d3dd-30f7-4511-8288-d5c7edc7422d,555,1788549022443944846,1788549022644061846,200,15.36998462677002,0.9768416285514832,3141.068115234375,6461.48193359375
5b4bffcb-62c3-4bc0-9be5-205b0c6d3b57,a2c3d3dd-30f7-4511-8288-d5c7edc7422d,556,1788549023059436846,1788549023519936846,460,639.9910278320312,40.51366424560547,2527.853515625,5237.1240234375
5b4bffcb-62c3-4bc0-9be5-205b0c6d3b57,a2c3d3dd-30f7-4511-8288-d5c7edc7422d,557,1788549023790186846,1788549023810186846,20,20.659046173095703,1.2943609952926636,1429.1796875,1599.43017578125
5b4bffcb-62c3-4bc0-9be5-205b0c6d3b57,a2c3d3dd-30f7-4511-8288-d5c7edc7422d,558,1788549024000311846,1788549024020311846,20,17.752058029174805,1.0786744356155396,1016.2196655273438,1062.6551513671875
5b4bffcb-62c3-4bc0-9be5-205b0c6d3b57,a2c3d3dd-30f7-4511-8288-d5c7edc7422d,559,1788549024510811846,1788549024741061846,230,971.42724609375,61.44736862182617,5668.0048828125,12308.2822265625
5b4bffcb-62c3-4bc0-9be5-205b0c6d3b57,a2c3d3dd-30f7-4511-8288-d5c7edc7422d,560,1788549025496812846,1788549025551810846,55,90.74095916748047,5.760644912719727,1830.2357177734375,2657.538330078125
5b4bffcb-62c3-4bc0-9be5-205b0c6d3b57,a2c3d3dd-30f7-4511-8288-d5c7edc7422d,561,1788549026287435846,1788549026352560846,65,187.93936157226562,11.927266120910645,2954.834228515625,4330.0869140625
5b4bffcb-62c3-4bc0-9be5-205b0c6d3b57,a2c3d3dd-30f7-4511-8288-d5c7edc7422d,562,1788549026497685846,1788549026522699846,25,26.009077072143555,1.6386140584945679,1053.3236083984375,1170.8714599609375
5b4bffcb-62c3-4bc0-9be5-205b0c6d3b57,a2c3d3dd-30f7-4511-8288-d5c7edc7422d,563,1788549026928060846,1788549026968185846,40,56.143951416015625,3.5362749099731445,1281.7755126953125,1595.9019775390625
5b4bffcb-62c3-4bc0-9be5-205b0c6d3b57,a2c3d3dd-30f7-4511-8288-d5c7edc7422d,564,1788549027643811846,1788549027683810846,40,67.60202026367188,4.251484394073486,1774.4622802734375,2440.61767578125
5b4bffcb-62c3-4bc0-9be5-205b0c6d3b57,a2c3d3dd-30f7-4511-8288-d5c7edc7422d,565,1788549027984060846,1788549028039185846,55,191.95956420898438,12.164522171020508,3503.252197265625,5885.2890625
5b4bffcb-62c3-4bc0-9be5-205b0c6d3b57,a2c3d3dd-30f7-4511-8288-d5c7edc7422d,566,1788549032778558846,1788549032798569846,20,18.38477897644043,1.1671870946884155,906.1845703125,973.6202392578125
5b4bffcb-62c3-4bc0-9be5-205b0c6d3b57,a2c3d3dd-30f7-4511-8288-d5c7edc7422d,567,1788549041056431846,1788549041081445846,25,24.837194442749023,1.56594979763031,1001.2596435546875,1170.296142578125
5b4bffcb-62c3-4bc0-9be5-205b0c6d3b57,a2c3d3dd-30f7-4511-8288-d5c7edc7422d,568,1788549043678805846,1788549043839055846,160,29.23708152770996,1.8462435007095337,2412.09814453125,6018.41552734375
5b4bffcb-62c3-4bc0-9be5-205b0c6d3b57,a2c3d3dd-30f7-4511-8288-d5c7edc7422d,569,1788549045230305846,1788549045250312846,20,17.941299438476562,1.1284003257751465,908.9292602539062,1047.68896484375
5b4bffcb-62c3-4bc0-9be5-205b0c6d3b57,a2c3d3dd-30f7-4511-8288-d5c7edc7422d,570,1788549046306304846,1788549046361429846,55,172.37705993652344,10.86629867553711,2889.355224609375,4423.998046875
5b4bffcb-62c3-4bc0-9be5-205b0c6d3b57,a2c3d3dd-30f7-4511-8288-d5c7edc7422d,571,1788549046531554846,1788549046756809846,225,174.1785125732422,10.984640121459961,4174.6845703125,12472.9833984375
5b4bffcb-62c3-4bc0-9be5-205b0c6d3b57,a2c3d3dd-30f7-4511-8288-d5c7edc7422d,572,1788549046896941846,1788549047167181846,270,108.52568054199219,6.7845234870910645,3449.885986328125,6348.8994140625
5b4bffcb-62c3-4bc0-9be5-205b0c6d3b57,a2c3d3dd-30f7-4511-8288-d5c7edc7422d,573,1788549047327304846,1788549047352304846,25,35.52204132080078,2.215245008468628,1250.41748046875,1390.2994384765625
5b4bffcb-62c3-4bc0-9be5-205b0c6d3b57,a2c3d3dd-30f7-4511-8288-d5c7edc7422d,574,1788549047837809846,1788549047882804846,45,147.65431213378906,9.047956466674805,3148.0810546875,4880.0732421875
5b4bffcb-62c3-4bc0-9be5-205b0c6d3b57,a2c3d3dd-30f7-4511-8288-d5c7edc7422d,575,1788549048983807846,1788549049023929846,40,147.80369567871094,9.379607200622559,3733.42529296875,5234.1953125
5b4bffcb-62c3-4bc0-9be5-205b0c6d3b57,a2c3d3dd-30f7-4511-8288-d5c7edc7422d,576,1788549049249054846,1788549049544428846,295,102.67782592773438,6.499744415283203,3246.985595703125,9802.05859375
5b4bffcb-62c3-4bc0-9be5-205b0c6d3b57,a2c3d3dd-30f7-4511-8288-d5c7edc7422d,577,1788549050305053846,1788549050515303846,210,55.89508056640625,3.551889181137085,2190.3193359375,5178.36083984375
5b4bffcb-62c3-4bc0-9be5-205b0c6d3b57,a2c3d3dd-30f7-4511-8288-d5c7edc7422d,578,1788549050650428846,1788549050680428846,30,32.78643798828125,2.082043170928955,1175.3740234375,1431.9849853515625
5b4bffcb-62c3-4bc0-9be5-205b0c6d3b57,a2c3d3dd-30f7-4511-8288-d5c7edc7422d,579,1788549053097678846,1788549053122683846,25,29.636877059936523,1.8829560279846191,1188.5380859375,1334.218505859375
5b4bffcb-62c3-4bc0-9be5-205b0c6d3b57,a2c3d3dd-30f7-4511-8288-d5c7edc7422d,580,1788549053758303846,1788549053788428846,30,35.793216705322266,2.2663168907165527,1241.6358642578125,1414.4693603515625
5b4bffcb-62c3-4bc0-9be5-205b0c6d3b57,a2c3d3dd-30f7-4511-8288-d5c7edc7422d,581,1788549060634801846,1788549060674801846,40,59.58749771118164,3.776033878326416,1556.5379638671875,1969.62353515625
5b4bffcb-62c3-4bc0-9be5-205b0c6d3b57,a2c3d3dd-30f7-4511-8288-d5c7edc7422d,582,1788549061245426846,1788549061280425846,35,45.958438873291016,2.906036853790283,1314.91552734375,1667.9083251953125
5b4bffcb-62c3-4bc0-9be5-205b0c6d3b57,a2c3d3dd-30f7-4511-8288-d5c7edc7422d,583,1788549061570675846,1788549061635803846,65,185.69732666015625,11.716667175292969,2893.679443359375,4984.515625
5b4bffcb-62c3-4bc0-9be5-205b0c6d3b57,a2c3d3dd-30f7-4511-8288-d5c7edc7422d,584,1788549061991052846,1788549062011050846,20,33.54364776611328,2.1041791439056396,1327.7987060546875,1672.37744140625
5b4bffcb-62c3-4bc0-9be5-205b0c6d3b57,a2c3d3dd-30f7-4511-8288-d5c7edc7422d,585,1788549062471550846,1788549062531554846,60,231.8029327392578,14.587564468383789,3865.950927734375,6059.138671875
5b4bffcb-62c3-4bc0-9be5-205b0c6d3b57,a2c3d3dd-30f7-4511-8288-d5c7edc7422d,586,1788549062831925846,1788549062941925846,110,67.40524291992188,4.26595401763916,3093.375732421875,7202.521484375
5b4bffcb-62c3-4bc0-9be5-205b0c6d3b57,a2c3d3dd-30f7-4511-8288-d5c7edc7422d,587,1788549064628554846,1788549064648549846,20,20.9514217376709,1.322844386100769,1045.2760009765625,1103.0721435546875
5b4bffcb-62c3-4bc0-9be5-205b0c6d3b57,a2c3d3dd-30f7-4511-8288-d5c7edc7422d,588,1788549065754674846,1788549065879799846,125,25.85308837890625,1.6286847591400146,1599.2708740234375,2977.00244140625
5b4bffcb-62c3-4bc0-9be5-205b0c6d3b57,a2c3d3dd-30f7-4511-8288-d5c7edc7422d,589,1788549068001799846,1788549068161926846,160,8.661935806274414,0.5488051772117615,2817.47607421875,7415.88330078125
5b4bffcb-62c3-4bc0-9be5-205b0c6d3b57,a2c3d3dd-30f7-4511-8288-d5c7edc7422d,590,1788549068357048846,1788549068612299846,255,28.48664665222168,1.806540846824646,2513.89599609375,7064.77783203125
5b4bffcb-62c3-4bc0-9be5-205b0c6d3b57,a2c3d3dd-30f7-4511-8288-d5c7edc7422d,591,1788549071219798846,1788549071359923846,140,134.91644287109375,8.552176475524902,2848.724365234375,6493.748046875
5b4bffcb-62c3-4bc0-9be5-205b0c6d3b57,a2c3d3dd-30f7-4511-8288-d5c7edc7422d,592,1788549071630173846,1788549071925422846,295,208.23191833496094,13.215021133422852,3830.01513671875,10165.3134765625
5b4bffcb-62c3-4bc0-9be5-205b0c6d3b57,a2c3d3dd-30f7-4511-8288-d5c7edc7422d,593,1788549072045547846,1788549072075547846,30,36.4638671875,2.312490224838257,1226.84423828125,1424.2249755859375
5b4bffcb-62c3-4bc0-9be5-205b0c6d3b57,a2c3d3dd-30f7-4511-8288-d5c7edc7422d,594,1788549073366797846,1788549073411797846,45,150.0681915283203,9.526347160339355,3033.18603515625,4582.97607421875
5b4bffcb-62c3-4bc0-9be5-205b0c6d3b57,a2c3d3dd-30f7-4511-8288-d5c7edc7422d,595,1788549073802172846,1788549073992422846,190,235.89541625976562,14.977954864501953,2749.22119140625,5672.3583984375
5b4bffcb-62c3-4bc0-9be5-205b0c6d3b57,a2c3d3dd-30f7-4511-8288-d5c7edc7422d,596,1788549074708047846,1788549074863172846,155,12.78262996673584,0.8043996691703796,6296.79443359375,17336.451171875
5b4bffcb-62c3-4bc0-9be5-205b0c6d3b57,a2c3d3dd-30f7-4511-8288-d5c7edc7422d,597,1788549075884172846,1788549076049296846,165,39.59693908691406,2.5167315006256104,4510.55126953125,10694.017578125
5b4bffcb-62c3-4bc0-9be5-205b0c6d3b57,a2c3d3dd-30f7-4511-8288-d5c7edc7422d,598,1788549076920171846,1788549076940181846,20,20.511547088623047,1.3032058477401733,1102.443359375,1214.6669921875
5b4bffcb-62c3-4bc0-9be5-205b0c6d3b57,a2c3d3dd-30f7-4511-8288-d5c7edc7422d,599,1788549077120296846,1788549077190421846,70,136.5478973388672,8.66369915008545,2274.531494140625,2928.7197265625
5b4bffcb-62c3-4bc0-9be5-205b0c6d3b57,a2c3d3dd-30f7-4511-8288-d5c7edc7422d,600,1788549077425671846,1788549077455676846,30,39.98799514770508,2.514017343521118,1314.0242919921875,1590.7410888671875
5b4bffcb-62c3-4bc0-9be5-205b0c6d3b57,a2c3d3dd-30f7-4511-8288-d5c7edc7422d,601,1788549077871046846,1788549077896046846,25,29.708642959594727,1.86371910572052,1204.9530029296875,1404.5977783203125
5b4bffcb-62c3-4bc0-9be5-205b0c6d3b57,a2c3d3dd-30f7-4511-8288-d5c7edc7422d,602,1788549078076171846,1788549078111296846,35,57.05437088012695,3.5766243934631348,1604.982421875,2069.865966796875
5b4bffcb-62c3-4bc0-9be5-205b0c6d3b57,a2c3d3dd-30f7-4511-8288-d5c7edc7422d,603,1788549078481546846,1788549078761921846,280,174.19813537597656,11.038731575012207,2932.991943359375,6091.72607421875
5b4bffcb-62c3-4bc0-9be5-205b0c6d3b57,a2c3d3dd-30f7-4511-8288-d5c7edc7422d,604,1788549078962046846,1788549078982048846,20,25.194866180419922,1.5984121561050415,1022.889892578125,1155.2200927734375
5b4bffcb-62c3-4bc0-9be5-205b0c6d3b57,a2c3d3dd-30f7-4511-8288-d5c7edc7422d,605,1788549080138172846,1788549080578545846,440,733.6693115234375,46.42135238647461,2940.027587890625,6936.0009765625
5b4bffcb-62c3-4bc0-9be5-205b0c6d3b57,a2c3d3dd-30f7-4511-8288-d5c7edc7422d,606,1788549081914795846,1788549082145044846,230,1097.837158203125,69.5797348022461,6827.98681640625,14977.02734375
5b4bffcb-62c3-4bc0-9be5-205b0c6d3b57,a2c3d3dd-30f7-4511-8288-d5c7edc7422d,607,1788549082380299846,1788549082410304846,30,41.29298400878906,2.592154026031494,1959.005859375,2377.9541015625
5b4bffcb-62c3-4bc0-9be5-205b0c6d3b57,a2c3d3dd-30f7-4511-8288-d5c7edc7422d,608,1788549082930796846,1788549082965794846,35,68.24462127685547,4.3161749839782715,1900.4742431640625,2482.899658203125
5b4bffcb-62c3-4bc0-9be5-205b0c6d3b57,a2c3d3dd-30f7-4511-8288-d5c7edc7422d,609,1788549083141044846,1788549083301169846,160,84.9834213256836,5.38236665725708,3511.093017578125,7765.14599609375
5b4bffcb-62c3-4bc0-9be5-205b0c6d3b57,a2c3d3dd-30f7-4511-8288-d5c7edc7422d,610,1788549084517294846,1788549084797544846,280,739.942138671875,46.839111328125,3099.902587890625,6712.095703125
5b4bffcb-62c3-4bc0-9be5-205b0c6d3b57,a2c3d3dd-30f7-4511-8288-d5c7edc7422d,611,1788549085328044846,1788549085478168846,150,782.4823608398438,49.527381896972656,5255.63037109375,7857.39453125
5b4bffcb-62c3-4bc0-9be5-205b0c6d3b57,a2c3d3dd-30f7-4511-8288-d5c7edc7422d,612,1788549086399043846,1788549086434043846,35,54.77407455444336,3.473576307296753,1575.292236328125,2020.32470703125
5b4bffcb-62c3-4bc0-9be5-205b0c6d3b57,a2c3d3dd-30f7-4511-8288-d5c7edc7422d,613,1788549087254919846,1788549087284925846,30,45.550960540771484,2.8852829933166504,1502.8494873046875,1830.5556640625
5b4bffcb-62c3-4bc0-9be5-205b0c6d3b57,a2c3d3dd-30f7-4511-8288-d5c7edc7422d,614,1788549087775293846,1788549087975545846,200,114.76128387451172,7.266515254974365,2543.919677734375,6401.3662109375
5b4bffcb-62c3-4bc0-9be5-205b0c6d3b57,a2c3d3dd-30f7-4511-8288-d5c7edc7422d,615,1788549088115668846,1788549088155668846,40,76.3592300415039,4.841430187225342,1919.054443359375,2637.89501953125
5b4bffcb-62c3-4bc0-9be5-205b0c6d3b57,a2c3d3dd-30f7-4511-8288-d5c7edc7422d,616,1788549099121040846,1788549099321165846,200,192.8091583251953,12.22547435760498,3805.754638671875,9874.001953125
5b4bffcb-62c3-4bc0-9be5-205b0c6d3b57,a2c3d3dd-30f7-4511-8288-d5c7edc7422d,617,1788549107704162846,1788549107924287846,220,135.8622589111328,8.58668327331543,2918.22705078125,8115.4609375
5b4bffcb-62c3-4bc0-9be5-205b0c6d3b57,a2c3d3dd-30f7-4511-8288-d5c7edc7422d,618,1788549109035412846,1788549109205537846,170,30.98236083984375,1.9688721895217896,3508.72705078125,8075.5966796875
5b4bffcb-62c3-4bc0-9be5-205b0c6d3b57,a2c3d3dd-30f7-4511-8288-d5c7edc7422d,619,1788549109300666846,1788549109330662846,30,27.932422637939453,1.7697776556015015,938.5750732421875,1081.335205078125
5b4bffcb-62c3-4bc0-9be5-205b0c6d3b57,a2c3d3dd-30f7-4511-8288-d5c7edc7422d,620,1788549109941162846,1788549109976287846,35,41.31730270385742,2.6206979751586914,1189.8892822265625,1523.4866943359375
5b4bffcb-62c3-4bc0-9be5-205b0c6d3b57,a2c3d3dd-30f7-4511-8288-d5c7edc7422d,621,1788549110837036846,1788549110982161846,145,75.95622253417969,4.805944442749023,3835.859130859375,10070.689453125
5b4bffcb-62c3-4bc0-9be5-205b0c6d3b57,a2c3d3dd-30f7-4511-8288-d5c7edc7422d,622,1788549111988163846,1788549112018161846,30,36.26899337768555,2.301084518432617,1234.5892333984375,1433.03857421875
5b4bffcb-62c3-4bc0-9be5-205b0c6d3b57,a2c3d3dd-30f7-4511-8288-d5c7edc7422d,623,1788549112163286846,1788549112288411846,125,50.51678466796875,3.1963677406311035,3632.33447265625,9041.87109375
5b4bffcb-62c3-4bc0-9be5-205b0c6d3b57,a2c3d3dd-30f7-4511-8288-d5c7edc7422d,624,1788549112553661846,1788549112583673846,30,41.27882385253906,2.614889621734619,1335.364990234375,1609.8865966796875
5b4bffcb-62c3-4bc0-9be5-205b0c6d3b57,a2c3d3dd-30f7-4511-8288-d5c7edc7422d,625,1788549112843911846,1788549113064161846,220,35.006591796875,2.220074415206909,2902.424072265625,8554.7197265625
5b4bffcb-62c3-4bc0-9be5-205b0c6d3b57,a2c3d3dd-30f7-4511-8288-d5c7edc7422d,626,1788549113644670846,1788549113679785846,35,50.04829406738281,3.1709742546081543,1406.047119140625,1708.1507568359375
5b4bffcb-62c3-4bc0-9be5-205b0c6d3b57,a2c3d3dd-30f7-4511-8288-d5c7edc7422d,627,1788549114390410846,1788549114595542846,205,137.5813446044922,8.726439476013184,3921.15625,9123.3173828125
5b4bffcb-62c3-4bc0-9be5-205b0c6d3b57,a2c3d3dd-30f7-4511-8288-d5c7edc7422d,628,1788549114710660846,1788549114750785846,40,76.0013656616211,4.758123874664307,1899.917724609375,2710.203369140625
5b4bffcb-62c3-4bc0-9be5-205b0c6d3b57,a2c3d3dd-30f7-4511-8288-d5c7edc7422d,629,1788549114910910846,1788549114930910846,20,21.384958267211914,1.3361153602600098,1071.6669921875,1165.916015625
5b4bffcb-62c3-4bc0-9be5-205b0c6d3b57,a2c3d3dd-30f7-4511-8288-d5c7edc7422d,630,1788549116061910846,1788549116102035846,40,66.59040832519531,4.1490702629089355,1686.032958984375,2392.904541015625
5b4bffcb-62c3-4bc0-9be5-205b0c6d3b57,a2c3d3dd-30f7-4511-8288-d5c7edc7422d,631,1788549116382285846,1788549116432285846,50,120.6435546875,7.503087043762207,2418.2060546875,3571.69189453125
5b4bffcb-62c3-4bc0-9be5-205b0c6d3b57,a2c3d3dd-30f7-4511-8288-d5c7edc7422d,632,1788549117183034846,1788549117218034846,35,58.070701599121094,3.619502067565918,1640.0750732421875,2209.00732421875
5b4bffcb-62c3-4bc0-9be5-205b0c6d3b57,a2c3d3dd-30f7-4511-8288-d5c7edc7422d,633,1788549118519284846,1788549118674409846,155,250.24488830566406,15.732098579406738,4162.328125,10403.2509765625
5b4bffcb-62c3-4bc0-9be5-205b0c6d3b57,a2c3d3dd-30f7-4511-8288-d5c7edc7422d,634,1788549119064784846,1788549119094784846,30,40.45028305053711,2.5493972301483154,1371.2918701171875,1657.17529296875
5b4bffcb-62c3-4bc0-9be5-205b0c6d3b57,a2c3d3dd-30f7-4511-8288-d5c7edc7422d,635,1788549121046658846,1788549121076658846,30,36.09244155883789,2.2793493270874023,1231.3515625,1492.4454345703125
5b4bffcb-62c3-4bc0-9be5-205b0c6d3b57,a2c3d3dd-30f7-4511-8288-d5c7edc7422d,636,1788549122412908846,1788549122718289846,305,72.0822982788086,4.527829647064209,3331.162109375,10243.931640625
5b4bffcb-62c3-4bc0-9be5-205b0c6d3b57,a2c3d3dd-30f7-4511-8288-d5c7edc7422d,637,1788549123388908846,1788549123413908846,25,26.912567138671875,1.6976540088653564,1068.7989501953125,1318.2647705078125
5b4bffcb-62c3-4bc0-9be5-205b0c6d3b57,a2c3d3dd-30f7-4511-8288-d5c7edc7422d,638,1788549123954407846,1788549124004407846,50,72.41287231445312,4.568258762359619,1569.8740234375,2320.819091796875
5b4bffcb-62c3-4bc0-9be5-205b0c6d3b57,a2c3d3dd-30f7-4511-8288-d5c7edc7422d,639,1788549124154532846,1788549124194657846,40,59.46798324584961,3.7624928951263428,1522.975341796875,2119.77783203125
5b4bffcb-62c3-4bc0-9be5-205b0c6d3b57,a2c3d3dd-30f7-4511-8288-d5c7edc7422d,640,1788549125060407846,1788549125235657846,175,51.16619110107422,3.2361626625061035,3170.393798828125,7718.20947265625
5b4bffcb-62c3-4bc0-9be5-205b0c6d3b57,a2c3d3dd-30f7-4511-8288-d5c7edc7422d,641,1788549126126407846,1788549126161532846,35,49.984397888183594,3.1446971893310547,1366.692138671875,1777.6339111328125
5b4bffcb-62c3-4bc0-9be5-205b0c6d3b57,a2c3d3dd-30f7-4511-8288-d5c7edc7422d,642,1788549128999157846,1788549129199281846,200,184.9521942138672,11.649848937988281,4373.9697265625,9353.244140625
5b4bffcb-62c3-4bc0-9be5-205b0c6d3b57,a2c3d3dd-30f7-4511-8288-d5c7edc7422d,643,1788549131471530846,1788549131491530846,20,38.238162994384766,2.421699285507202,1238.8734130859375,1416.471435546875
5b4bffcb-62c3-4bc0-9be5-205b0c6d3b57,a2c3d3dd-30f7-4511-8288-d5c7edc7422d,644,1788549131731655846,1788549131916905846,185,16.982948303222656,1.083316683769226,3152.7919921875,9183.0498046875
5b4bffcb-62c3-4bc0-9be5-205b0c6d3b57,a2c3d3dd-30f7-4511-8288-d5c7edc7422d,645,1788549133963780846,1788549134033905846,70,213.89186096191406,13.562945365905762,2806.5751953125,5167.8056640625
5b4bffcb-62c3-4bc0-9be5-205b0c6d3b57,a2c3d3dd-30f7-4511-8288-d5c7edc7422d,646,1788549134204029846,1788549134254030846,50,99.13111877441406,6.275399684906006,2027.6986083984375,2997.455078125
5b4bffcb-62c3-4bc0-9be5-205b0c6d3b57,a2c3d3dd-30f7-4511-8288-d5c7edc7422d,647,1788549134599404846,1788549134619404846,20,19.731014251708984,1.2482709884643555,1002.4132080078125,1103.1153564453125
5b4bffcb-62c3-4bc0-9be5-205b0c6d3b57,a2c3d3dd-30f7-4511-8288-d5c7edc7422d,648,1788549134819654846,1788549134884654846,65,178.35504150390625,11.315471649169922,2906.873046875,3690.955810546875
5b4bffcb-62c3-4bc0-9be5-205b0c6d3b57,a2c3d3dd-30f7-4511-8288-d5c7edc7422d,649,1788549135034779846,1788549135225029846,190,76.99394226074219,4.888774394989014,3541.263916015625,7390.72900390625
5b4bffcb-62c3-4bc0-9be5-205b0c6d3b57,a2c3d3dd-30f7-4511-8288-d5c7edc7422d,650,1788549135540279846,1788549135575279846,35,53.4674072265625,3.3926541805267334,1528.6475830078125,1945.3563232421875
5b4bffcb-62c3-4bc0-9be5-205b0c6d3b57,a2c3d3dd-30f7-4511-8288-d5c7edc7422d,651,1788549135775529846,1788549135805529846,30,30.504039764404297,1.935808777809143,1012.4725952148438,1195.585693359375
5b4bffcb-62c3-4bc0-9be5-205b0c6d3b57,a2c3d3dd-30f7-4511-8288-d5c7edc7422d,652,1788549136095779846,1788549136245904846,150,50.88953399658203,3.227044105529785,4410.91748046875,10586.138671875
5b4bffcb-62c3-4bc0-9be5-205b0c6d3b57,a2c3d3dd-30f7-4511-8288-d5c7edc7422d,653,1788549138923528846,1788549138973528846,50,130.67120361328125,8.29263973236084,2596.94287109375,3857.237548828125
5b4bffcb-62c3-4bc0-9be5-205b0c6d3b57,a2c3d3dd-30f7-4511-8288-d5c7edc7422d,654,1788549139944403846,1788549140124653846,180,178.94400024414062,11.357089042663574,2097.53564453125,4394.6962890625
5b4bffcb-62c3-4bc0-9be5-205b0c6d3b57,a2c3d3dd-30f7-4511-8288-d5c7edc7422d,655,1788549141355777846,1788549141385777846,30,51.489227294921875,3.2483651638031006,1477.5858154296875,1904.309326171875
5b4bffcb-62c3-4bc0-9be5-205b0c6d3b57,a2c3d3dd-30f7-4511-8288-d5c7edc7422d,656,1788549141801152846,1788549142011402846,210,178.52308654785156,11.306095123291016,4243.44384765625,10255.4375
5b4bffcb-62c3-4bc0-9be5-205b0c6d3b57,a2c3d3dd-30f7-4511-8288-d5c7edc7422d,657,1788549142652036846,1788549142692027846,40,86.54763793945312,5.4880475997924805,2170.35595703125,3050.005615234375
5b4bffcb-62c3-4bc0-9be5-205b0c6d3b57,a2c3d3dd-30f7-4511-8288-d5c7edc7422d,658,1788549143282527846,1788549143322652846,40,65.42849731445312,4.1448540687561035,1654.5301513671875,2237.993408203125
5b4bffcb-62c3-4bc0-9be5-205b0c6d3b57,a2c3d3dd-30f7-4511-8288-d5c7edc7422d,659,1788549144443651846,1788549144498781846,55,177.09228515625,11.200972557067871,3256.46826171875,4567.384765625
5b4bffcb-62c3-4bc0-9be5-205b0c6d3b57,a2c3d3dd-30f7-4511-8288-d5c7edc7422d,660,1788549144648901846,1788549144708905846,60,187.50193786621094,11.793340682983398,3151.11474609375,4743.50830078125
5b4bffcb-62c3-4bc0-9be5-205b0c6d3b57,a2c3d3dd-30f7-4511-8288-d5c7edc7422d,661,1788549144934151846,1788549144969151846,35,86.78297424316406,5.464550971984863,2187.584228515625,3016.813232421875
5b4bffcb-62c3-4bc0-9be5-205b0c6d3b57,a2c3d3dd-30f7-4511-8288-d5c7edc7422d,662,1788549146520658846,1788549146770901846,250,180.92019653320312,11.479737281799316,3234.414794921875,8703.1787109375
5b4bffcb-62c3-4bc0-9be5-205b0c6d3b57,a2c3d3dd-30f7-4511-8288-d5c7edc7422d,663,1788549148427400846,1788549148457400846,30,29.429237365722656,1.8690320253372192,984.4514770507812,1157.0135498046875
5b4bffcb-62c3-4bc0-9be5-205b0c6d3b57,a2c3d3dd-30f7-4511-8288-d5c7edc7422d,664,1788549150013900846,1788549150224150846,210,74.21066284179688,4.712916851043701,2730.45263671875,5249.46875
5b4bffcb-62c3-4bc0-9be5-205b0c6d3b57,a2c3d3dd-30f7-4511-8288-d5c7edc7422d,665,1788549151034903846,1788549151094900846,60,164.05409240722656,10.409525871276855,2783.508056640625,4177.27197265625
5b4bffcb-62c3-4bc0-9be5-205b0c6d3b57,a2c3d3dd-30f7-4511-8288-d5c7edc7422d,666,1788549151645409846,1788549152080907846,435,320.564208984375,20.33972930908203,3670.9794921875,9595.6669921875
5b4bffcb-62c3-4bc0-9be5-205b0c6d3b57,a2c3d3dd-30f7-4511-8288-d5c7edc7422d,667,1788549153036774846,1788549153091780846,55,157.17572021484375,9.92913818359375,2867.888916015625,4752.185546875
5b4bffcb-62c3-4bc0-9be5-205b0c6d3b57,a2c3d3dd-30f7-4511-8288-d5c7edc7422d,668,1788549153352024846,1788549153387149846,35,57.5373420715332,3.637899398803711,1648.5250244140625,2133.001953125
5b4bffcb-62c3-4bc0-9be5-205b0c6d3b57,a2c3d3dd-30f7-4511-8288-d5c7edc7422d,669,1788549156980534846,1788549157160651846,180,79.79301452636719,5.065783977508545,2733.684814453125,6253.96484375
5b4bffcb-62c3-4bc0-9be5-205b0c6d3b57,a2c3d3dd-30f7-4511-8288-d5c7edc7422d,670,1788549157375898846,1788549157405898846,30,43.10069274902344,2.7344167232513428,1390.305419921875,1747.992919921875
5b4bffcb-62c3-4bc0-9be5-205b0c6d3b57,a2c3d3dd-30f7-4511-8288-d5c7edc7422d,671,1788549158877272846,1788549158992397846,115,31.536231994628906,2.0009028911590576,3427.28662109375,9050.4267578125
5b4bffcb-62c3-4bc0-9be5-205b0c6d3b57,a2c3d3dd-30f7-4511-8288-d5c7edc7422d,672,1788549161830021846,1788549162025271846,195,62.08897018432617,3.936729669570923,3629.686279296875,10388.8466796875
5b4bffcb-62c3-4bc0-9be5-205b0c6d3b57,a2c3d3dd-30f7-4511-8288-d5c7edc7422d,673,1788549162265396846,1788549162285521846,20,32.775062561035156,2.0667614936828613,1216.2080078125,1272.9080810546875
5b4bffcb-62c3-4bc0-9be5-205b0c6d3b57,a2c3d3dd-30f7-4511-8288-d5c7edc7422d,674,1788549162635782846,1788549162660776846,25,29.69544219970703,1.866485595703125,1505.801025390625,1703.4833984375
5b4bffcb-62c3-4bc0-9be5-205b0c6d3b57,a2c3d3dd-30f7-4511-8288-d5c7edc7422d,675,1788549162866021846,1788549162891021846,25,24.616395950317383,1.513615608215332,1025.912109375,1207.3843994140625
5b4bffcb-62c3-4bc0-9be5-205b0c6d3b57,a2c3d3dd-30f7-4511-8288-d5c7edc7422d,676,1788549163176271846,1788549163216396846,40,51.32870864868164,3.175074577331543,1425.4334716796875,1760.6949462890625
5b4bffcb-62c3-4bc0-9be5-205b0c6d3b57,a2c3d3dd-30f7-4511-8288-d5c7edc7422d,677,1788549163501657846,1788549163631771846,130,112.15202331542969,7.070627689361572,3294.028076171875,6970.541015625
5b4bffcb-62c3-4bc0-9be5-205b0c6d3b57,a2c3d3dd-30f7-4511-8288-d5c7edc7422d,678,1788549164812895846,1788549164847895846,35,86.40399932861328,5.487348556518555,2239.378173828125,3078.811279296875
5b4bffcb-62c3-4bc0-9be5-205b0c6d3b57,a2c3d3dd-30f7-4511-8288-d5c7edc7422d,679,1788549164953020846,1788549164973020846,20,23.543663024902344,1.4952703714370728,1042.493408203125,1133.519287109375
5b4bffcb-62c3-4bc0-9be5-205b0c6d3b57,a2c3d3dd-30f7-4511-8288-d5c7edc7422d,680,1788549165348395846,1788549165573520846,225,74.87549591064453,4.754322528839111,3797.1611328125,12691.44140625
5b4bffcb-62c3-4bc0-9be5-205b0c6d3b57,a2c3d3dd-30f7-4511-8288-d5c7edc7422d,681,1788549166104020846,1788549166124028846,20,20.8051700592041,1.322187900543213,1101.1160888671875,1248.99072265625
5b4bffcb-62c3-4bc0-9be5-205b0c6d3b57,a2c3d3dd-30f7-4511-8288-d5c7edc7422d,682,1788549169877644846,1788549169907644846,30,42.919456481933594,2.722407341003418,1418.2940673828125,1761.9022216796875
5b4bffcb-62c3-4bc0-9be5-205b0c6d3b57,a2c3d3dd-30f7-4511-8288-d5c7edc7422d,683,1788549171894518846,1788549171929532846,35,60.78037643432617,3.8445236682891846,1749.958984375,2159.503662109375
5b4bffcb-62c3-4bc0-9be5-205b0c6d3b57,a2c3d3dd-30f7-4511-8288-d5c7edc7422d,684,1788549173175768846,1788549173420903846,245,42.83110046386719,2.7155072689056396,2436.888916015625,6917.85986328125
5b4bffcb-62c3-4bc0-9be5-205b0c6d3b57,a2c3d3dd-30f7-4511-8288-d5c7edc7422d,685,1788549174291768846,1788549174316768846,25,36.83030700683594,2.3329975605010986,1218.50927734375,1435.0167236328125
5b4bffcb-62c3-4bc0-9be5-205b0c6d3b57,a2c3d3dd-30f7-4511-8288-d5c7edc7422d,686,1788549175943267846,1788549175998397846,55,181.47950744628906,11.518380165100098,3298.8916015625,5158.625
5b4bffcb-62c3-4bc0-9be5-205b0c6d3b57,a2c3d3dd-30f7-4511-8288-d5c7edc7422d,687,1788549179336516846,1788549179391516846,55,161.9973602294922,10.232256889343262,2910.104736328125,4598.95068359375
5b4bffcb-62c3-4bc0-9be5-205b0c6d3b57,a2c3d3dd-30f7-4511-8288-d5c7edc7422d,688,1788549179576771846,1788549179591766846,15,21.008302688598633,1.3253079652786255,1055.598876953125,1177.913330078125
5b4bffcb-62c3-4bc0-9be5-205b0c6d3b57,a2c3d3dd-30f7-4511-8288-d5c7edc7422d,689,1788549179751891846,1788549179972141846,220,41.31950378417969,2.6039559841156006,4519.34130859375,8797.861328125
5b4bffcb-62c3-4bc0-9be5-205b0c6d3b57,a2c3d3dd-30f7-4511-8288-d5c7edc7422d,690,1788549180137266846,1788549180167266846,30,33.24967575073242,2.0971601009368896,1112.6558837890625,1337.529296875
5b4bffcb-62c3-4bc0-9be5-205b0c6d3b57,a2c3d3dd-30f7-4511-8288-d5c7edc7422d,691,1788549180602641846,1788549180913016846,310,124.8772964477539,7.926738739013672,3166.4931640625,8045.0283203125
5b4bffcb-62c3-4bc0-9be5-205b0c6d3b57,a2c3d3dd-30f7-4511-8288-d5c7edc7422d,692,1788549182104140846,1788549182154140846,50,128.001953125,8.117470741271973,2508.50146484375,3931.364013671875
5b4bffcb-62c3-4bc0-9be5-205b0c6d3b57,a2c3d3dd-30f7-4511-8288-d5c7edc7422d,693,1788549182709640846,1788549182959890846,250,38.016090393066406,2.408963680267334,4023.065185546875,11299.884765625
5b4bffcb-62c3-4bc0-9be5-205b0c6d3b57,a2c3d3dd-30f7-4511-8288-d5c7edc7422d,694,1788549183885775846,1788549184156015846,270,182.5079345703125,11.58846378326416,3538.231689453125,9147.873046875
5b4bffcb-62c3-4bc0-9be5-205b0c6d3b57,a2c3d3dd-30f7-4511-8288-d5c7edc7422d,695,1788549184516402846,1788549184581390846,65,253.425048828125,16.017911911010742,3933.785400390625,6247.96435546875
5b4bffcb-62c3-4bc0-9be5-205b0c6d3b57,a2c3d3dd-30f7-4511-8288-d5c7edc7422d,696,1788549186783514846,1788549187053764846,270,413.16790771484375,26.184877395629883,3362.1025390625,6599.666015625
5b4bffcb-62c3-4bc0-9be5-205b0c6d3b57,a2c3d3dd-30f7-4511-8288-d5c7edc7422d,697,1788549187133889846,1788549187173889846,40,80.36503601074219,5.079666614532471,2039.154052734375,2893.06640625
5b4bffcb-62c3-4bc0-9be5-205b0c6d3b57,a2c3d3dd-30f7-4511-8288-d5c7edc7422d,698,1788549187494139846,1788549187559263846,65,254.97763061523438,16.120746612548828,3954.051513671875,6865.17431640625
5b4bffcb-62c3-4bc0-9be5-205b0c6d3b57,a2c3d3dd-30f7-4511-8288-d5c7edc7422d,699,1788549187889513846,1788549187929638846,40,47.62579345703125,3.012380838394165,1230.487548828125,1593.14453125
5b4bffcb-62c3-4bc0-9be5-205b0c6d3b57,a2c3d3dd-30f7-4511-8288-d5c7edc7422d,700,1788549188179888846,1788549188214888846,35,45.196327209472656,2.8544859886169434,1295.6978759765625,1627.86328125
5b4bffcb-62c3-4bc0-9be5-205b0c6d3b57,a2c3d3dd-30f7-4511-8288-d5c7edc7422d,701,1788549188465138846,1788549188495138846,30,38.91973114013672,2.4628639221191406,1300.0113525390625,1612.9423828125
5b4bffcb-62c3-4bc0-9be5-205b0c6d3b57,a2c3d3dd-30f7-4511-8288-d5c7edc7422d,702,1788549189350888846,1788549189365888846,15,14.45678997039795,0.9163899421691895,962.332763671875,996.38232421875
5b4bffcb-62c3-4bc0-9be5-205b0c6d3b57,a2c3d3dd-30f7-4511-8288-d5c7edc7422d,703,1788549192053520846,1788549192083512846,30,49.46488571166992,3.1377694606781006,1646.16357421875,1972.0992431640625
5b4bffcb-62c3-4bc0-9be5-205b0c6d3b57,a2c3d3dd-30f7-4511-8288-d5c7edc7422d,704,1788549194625886846,1788549194670886846,45,45.419490814208984,2.880950450897217,1072.7464599609375,1230.957275390625
5b4bffcb-62c3-4bc0-9be5-205b0c6d3b57,a2c3d3dd-30f7-4511-8288-d5c7edc7422d,705,1788549196797886846,1788549196818011846,20,17.261735916137695,1.0934782028198242,871.1345825195312,964.2119750976562
5b4bffcb-62c3-4bc0-9be5-205b0c6d3b57,a2c3d3dd-30f7-4511-8288-d5c7edc7422d,706,1788549197919010846,1788549198109135846,190,36.4202995300293,2.3102428913116455,2222.691650390625,5432.2568359375
5b4bffcb-62c3-4bc0-9be5-205b0c6d3b57,a2c3d3dd-30f7-4511-8288-d5c7edc7422d,707,1788549199185135846,1788549199215260846,30,28.376262664794922,1.7991020679473877,982.8935546875,1099.0572509765625
5b4bffcb-62c3-4bc0-9be5-205b0c6d3b57,a2c3d3dd-30f7-4511-8288-d5c7edc7422d,708,1788549200791760846,1788549200821760846,30,29.816312789916992,1.885484218597412,1027.75537109375,1114.8160400390625
5b4bffcb-62c3-4bc0-9be5-205b0c6d3b57,a2c3d3dd-30f7-4511-8288-d5c7edc7422d,709,1788549201577384846,1788549201602509846,25,31.083105087280273,1.9639134407043457,1229.029296875,1406.50732421875
5b4bffcb-62c3-4bc0-9be5-205b0c6d3b57,a2c3d3dd-30f7-4511-8288-d5c7edc7422d,710,1788549202112884846,1788549202138009846,25,22.82253646850586,1.4416639804840088,916.3260498046875,1029.3363037109375
5b4bffcb-62c3-4bc0-9be5-205b0c6d3b57,a2c3d3dd-30f7-4511-8288-d5c7edc7422d,711,1788549203454259846,1788549203549259846,95,57.824954986572266,3.659283399581909,1022.0006103515625,1185.14990234375
5b4bffcb-62c3-4bc0-9be5-205b0c6d3b57,a2c3d3dd-30f7-4511-8288-d5c7edc7422d,712,1788549204725383846,1788549204750383846,25,23.63665771484375,1.4965771436691284,965.3198852539062,1070.904052734375
5b4bffcb-62c3-4bc0-9be5-205b0c6d3b57,a2c3d3dd-30f7-4511-8288-d5c7edc7422d,713,1788549205065758846,1788549205090758846,25,27.589937210083008,1.7478147745132446,1116.1495361328125,1318.2529296875
5b4bffcb-62c3-4bc0-9be5-205b0c6d3b57,a2c3d3dd-30f7-4511-8288-d5c7edc7422d,714,1788549205761383846,1788549205811383846,50,172.65611267089844,10.914946556091309,3476.98486328125,5482.2529296875
5b4bffcb-62c3-4bc0-9be5-205b0c6d3b57,a2c3d3dd-30f7-4511-8288-d5c7edc7422d,715,1788549205951508846,1788549206096633846,145,206.385986328125,13.04697036743164,4027.711669921875,10976.505859375
5b4bffcb-62c3-4bc0-9be5-205b0c6d3b57,a2c3d3dd-30f7-4511-8288-d5c7edc7422d,716,1788549206271883846,1788549206427008846,155,249.02783203125,15.763590812683105,3921.154052734375,7288.06884765625
5b4bffcb-62c3-4bc0-9be5-205b0c6d3b57,a2c3d3dd-30f7-4511-8288-d5c7edc7422d,717,1788549207307883846,1788549207352882846,45,124.07128143310547,7.832757949829102,2867.450439453125,4310.49072265625
5b4bffcb-62c3-4bc0-9be5-205b0c6d3b57,a2c3d3dd-30f7-4511-8288-d5c7edc7422d,718,1788549208524007846,1788549208709132846,185,77.36368560791016,4.873484134674072,3568.703125,8898.017578125
5b4bffcb-62c3-4bc0-9be5-205b0c6d3b57,a2c3d3dd-30f7-4511-8288-d5c7edc7422d,719,1788549209129507846,1788549209164632846,35,61.52306365966797,3.883852481842041,1754.080810546875,2273.833984375
5b4bffcb-62c3-4bc0-9be5-205b0c6d3b57,a2c3d3dd-30f7-4511-8288-d5c7edc7422d,720,1788549210225632846,1788549210605881846,380,378.1131286621094,23.936649322509766,3472.5517578125,10072.4296875
5b4bffcb-62c3-4bc0-9be5-205b0c6d3b57,a2c3d3dd-30f7-4511-8288-d5c7edc7422d,721,1788549210836132846,1788549210876131846,40,110.5047378540039,6.993966579437256,2763.571044921875,3859.682861328125
5b4bffcb-62c3-4bc0-9be5-205b0c6d3b57,a2c3d3dd-30f7-4511-8288-d5c7edc7422d,722,1788549212137381846,1788549212182381846,45,75.62809753417969,4.782740116119385,1670.6884765625,2469.5732421875
5b4bffcb-62c3-4bc0-9be5-205b0c6d3b57,a2c3d3dd-30f7-4511-8288-d5c7edc7422d,723,1788549212592760846,1788549212652885846,60,214.64805603027344,13.598464012145996,3657.82080078125,6080.6240234375
5b4bffcb-62c3-4bc0-9be5-205b0c6d3b57,a2c3d3dd-30f7-4511-8288-d5c7edc7422d,724,1788549213108264846,1788549213138256846,30,32.513282775878906,2.054190158843994,1104.7706298828125,1278.4862060546875
5b4bffcb-62c3-4bc0-9be5-205b0c6d3b57,a2c3d3dd-30f7-4511-8288-d5c7edc7422d,725,1788549213278506846,1788549213508631846,230,39.043060302734375,2.4566099643707275,3279.31396484375,8276.140625
5b4bffcb-62c3-4bc0-9be5-205b0c6d3b57,a2c3d3dd-30f7-4511-8288-d5c7edc7422d,726,1788549213588756846,1788549213638756846,50,101.44860076904297,6.379948139190674,2061.04541015625,3277.092041015625
5b4bffcb-62c3-4bc0-9be5-205b0c6d3b57,a2c3d3dd-30f7-4511-8288-d5c7edc7422d,727,1788549214945005846,1788549214995005846,50,166.77963256835938,10.512495040893555,3343.53515625,5161.58154296875
5b4bffcb-62c3-4bc0-9be5-205b0c6d3b57,a2c3d3dd-30f7-4511-8288-d5c7edc7422d,728,1788549216686637846,1788549216851755846,165,141.89927673339844,8.978483200073242,1972.14404296875,4210.67138671875
5b4bffcb-62c3-4bc0-9be5-205b0c6d3b57,a2c3d3dd-30f7-4511-8288-d5c7edc7422d,729,1788549217267255846,1788549217327255846,60,272.0763244628906,17.252901077270508,4417.6806640625,6673.4736328125
5b4bffcb-62c3-4bc0-9be5-205b0c6d3b57,a2c3d3dd-30f7-4511-8288-d5c7edc7422d,730,1788549217957892846,1788549218002879846,45,150.73245239257812,9.451891899108887,2973.456298828125,4297.7998046875
5b4bffcb-62c3-4bc0-9be5-205b0c6d3b57,a2c3d3dd-30f7-4511-8288-d5c7edc7422d,731,1788549218793637846,1788549218998879846,205,559.3635864257812,35.125892639160156,4842.23583984375,12322.474609375
5b4bffcb-62c3-4bc0-9be5-205b0c6d3b57,a2c3d3dd-30f7-4511-8288-d5c7edc7422d,732,1788549219279129846,1788549219304129846,25,22.71550750732422,1.342045545578003,972.4376831054688,1045.5496826171875
5b4bffcb-62c3-4bc0-9be5-205b0c6d3b57,a2c3d3dd-30f7-4511-8288-d5c7edc7422d,733,1788549219824629846,1788549219914754846,90,94.21446228027344,5.5320658683776855,1557.9442138671875,2658.359619140625
5b4bffcb-62c3-4bc0-9be5-205b0c6d3b57,a2c3d3dd-30f7-4511-8288-d5c7edc7422d,734,1788549220144879846,1788549220280004846,135,589.0455932617188,35.77398681640625,5348.85595703125,8571.2802734375
5b4bffcb-62c3-4bc0-9be5-205b0c6d3b57,a2c3d3dd-30f7-4511-8288-d5c7edc7422d,735,1788549220575254846,1788549220745504846,170,511.5105285644531,32.34354019165039,4653.63232421875,12850.9091796875
5b4bffcb-62c3-4bc0-9be5-205b0c6d3b57,a2c3d3dd-30f7-4511-8288-d5c7edc7422d,736,1788549220955629846,1788549220995754846,40,133.0021209716797,8.412993431091309,3360.9755859375,4591.068359375
5b4bffcb-62c3-4bc0-9be5-205b0c6d3b57,a2c3d3dd-30f7-4511-8288-d5c7edc7422d,737,1788549221145878846,1788549221180878846,35,53.48124313354492,3.36507511138916,1542.651611328125,1962.336669921875
5b4bffcb-62c3-4bc0-9be5-205b0c6d3b57,a2c3d3dd-30f7-4511-8288-d5c7edc7422d,738,1788549221766378846,1788549221811503846,45,127.31766510009766,8.046282768249512,2878.054931640625,4237.2802734375
5b4bffcb-62c3-4bc0-9be5-205b0c6d3b57,a2c3d3dd-30f7-4511-8288-d5c7edc7422d,739,1788549225104641846,1788549225234752846,130,93.0883560180664,5.911306858062744,4738.794921875,11994.20703125
5b4bffcb-62c3-4bc0-9be5-205b0c6d3b57,a2c3d3dd-30f7-4511-8288-d5c7edc7422d,740,1788549226335752846,1788549226360752846,25,33.38833999633789,2.116758108139038,1261.9915771484375,1506.001708984375
5b4bffcb-62c3-4bc0-9be5-205b0c6d3b57,a2c3d3dd-30f7-4511-8288-d5c7edc7422d,741,1788549227276626846,1788549227331626846,55,165.71437072753906,10.509055137634277,3057.794921875,4817.73095703125
5b4bffcb-62c3-4bc0-9be5-205b0c6d3b57,a2c3d3dd-30f7-4511-8288-d5c7edc7422d,742,1788549227461751846,1788549227491764846,30,34.636016845703125,2.1928255558013916,1171.8199462890625,1407.2296142578125
5b4bffcb-62c3-4bc0-9be5-205b0c6d3b57,a2c3d3dd-30f7-4511-8288-d5c7edc7422d,743,1788549228297638846,1788549228362626846,65,141.8134307861328,8.998502731323242,2270.919189453125,3749.70458984375
5b4bffcb-62c3-4bc0-9be5-205b0c6d3b57,a2c3d3dd-30f7-4511-8288-d5c7edc7422d,744,1788549228572876846,1788549228703001846,130,651.3355102539062,41.49705505371094,5066.77978515625,7254.60498046875
5b4bffcb-62c3-4bc0-9be5-205b0c6d3b57,a2c3d3dd-30f7-4511-8288-d5c7edc7422d,745,1788549229058251846,1788549229298501846,240,1144.195556640625,72.45213317871094,5321.48974609375,10529.7099609375
5b4bffcb-62c3-4bc0-9be5-205b0c6d3b57,a2c3d3dd-30f7-4511-8288-d5c7edc7422d,746,1788549229373626846,1788549229408627846,35,94.49053192138672,5.937380313873291,2388.892822265625,3348.8173828125
5b4bffcb-62c3-4bc0-9be5-205b0c6d3b57,a2c3d3dd-30f7-4511-8288-d5c7edc7422d,747,1788549229613876846,1788549229718876846,105,701.5977172851562,44.29465103149414,6691.96826171875,10667.5546875
5b4bffcb-62c3-4bc0-9be5-205b0c6d3b57,a2c3d3dd-30f7-4511-8288-d5c7edc7422d,748,1788549229849001846,1788549229884126846,35,80.11849975585938,5.080684661865234,2320.05908203125,3044.160888671875
5b4bffcb-62c3-4bc0-9be5-205b0c6d3b57,a2c3d3dd-30f7-4511-8288-d5c7edc7422d,749,1788549230930000846,1788549231070250846,140,576.6661987304688,36.963714599609375,4529.27734375,7178.00927734375
5b4bffcb-62c3-4bc0-9be5-205b0c6d3b57,a2c3d3dd-30f7-4511-8288-d5c7edc7422d,750,1788549231155250846,1788549231270375846,115,182.08480834960938,10.640188217163086,2789.63720703125,3414.816162109375
5b4bffcb-62c3-4bc0-9be5-205b0c6d3b57,a2c3d3dd-30f7-4511-8288-d5c7edc7422d,751,1788549231415500846,1788549231455500846,40,81.60688018798828,4.800438404083252,2200.580322265625,2859.19580078125
5b4bffcb-62c3-4bc0-9be5-205b0c6d3b57,a2c3d3dd-30f7-4511-8288-d5c7edc7422d,752,1788549231886000846,1788549232126125846,240,992.6377563476562,63.489662170410156,5371.42236328125,11360.0078125
5b4bffcb-62c3-4bc0-9be5-205b0c6d3b57,a2c3d3dd-30f7-4511-8288-d5c7edc7422d,753,1788549232866875846,1788549232901875846,35,67.0709457397461,4.258505821228027,1791.7611083984375,2353.60498046875
5b4bffcb-62c3-4bc0-9be5-205b0c6d3b57,a2c3d3dd-30f7-4511-8288-d5c7edc7422d,754,1788549233847749846,1788549233867874846,20,20.905338287353516,1.3264305591583252,1046.158447265625,1131.2718505859375
5b4bffcb-62c3-4bc0-9be5-205b0c6d3b57,a2c3d3dd-30f7-4511-8288-d5c7edc7422d,755,1788549235729624846,1788549235754624846,25,38.5880126953125,2.447828531265259,1291.1409912109375,1490.9268798828125
5b4bffcb-62c3-4bc0-9be5-205b0c6d3b57,a2c3d3dd-30f7-4511-8288-d5c7edc7422d,756,1788549236990748846,1788549237160874846,170,193.20887756347656,12.23629093170166,2751.456298828125,6249.314453125
5b4bffcb-62c3-4bc0-9be5-205b0c6d3b57,a2c3d3dd-30f7-4511-8288-d5c7edc7422d,757,1788549238346998846,1788549238377123846,30,38.493228912353516,2.4343392848968506,1282.2852783203125,1535.9085693359375
5b4bffcb-62c3-4bc0-9be5-205b0c6d3b57,a2c3d3dd-30f7-4511-8288-d5c7edc7422d,758,1788549238562248846,1788549238607248846,45,104.38851165771484,6.551779747009277,2351.09716796875,3526.1181640625
5b4bffcb-62c3-4bc0-9be5-205b0c6d3b57,a2c3d3dd-30f7-4511-8288-d5c7edc7422d,759,1788549241459997846,1788549241590122846,130,129.62106323242188,8.141051292419434,3156.5361328125,6733.568359375
5b4bffcb-62c3-4bc0-9be5-205b0c6d3b57,a2c3d3dd-30f7-4511-8288-d5c7edc7422d,760,1788549242731126846,1788549242756247846,25,31.9981746673584,2.0290205478668213,1315.0045166015625,1466.4683837890625
5b4bffcb-62c3-4bc0-9be5-205b0c6d3b57,a2c3d3dd-30f7-4511-8288-d5c7edc7422d,761,1788549245128371846,1788549245148496846,20,18.571094512939453,1.1763323545455933,957.0204467773438,1018.0776977539062
5b4bffcb-62c3-4bc0-9be5-205b0c6d3b57,a2c3d3dd-30f7-4511-8288-d5c7edc7422d,762,1788549246314506846,1788549246429620846,115,56.51421356201172,3.614718437194824,4044.743408203125,8567.0224609375
5b4bffcb-62c3-4bc0-9be5-205b0c6d3b57,a2c3d3dd-30f7-4511-8288-d5c7edc7422d,763,1788549246694879846,1788549246724870846,30,38.01990509033203,2.404597759246826,1278.823974609375,1530.1351318359375
5b4bffcb-62c3-4bc0-9be5-205b0c6d3b57,a2c3d3dd-30f7-4511-8288-d5c7edc7422d,764,1788549247860995846,1788549247886004846,25,29.285198211669922,1.8547338247299194,1177.682861328125,1336.614013671875
5b4bffcb-62c3-4bc0-9be5-205b0c6d3b57,a2c3d3dd-30f7-4511-8288-d5c7edc7422d,765,1788549248511620846,1788549248541620846,30,53.979183197021484,3.4229044914245605,1805.4893798828125,2232.373779296875
5b4bffcb-62c3-4bc0-9be5-205b0c6d3b57,a2c3d3dd-30f7-4511-8288-d5c7edc7422d,766,1788549249747744846,1788549249782749846,35,32.89349365234375,2.08760142326355,1123.1539306640625,1269.2149658203125
5b4bffcb-62c3-4bc0-9be5-205b0c6d3b57,a2c3d3dd-30f7-4511-8288-d5c7edc7422d,767,1788549250108119846,1788549250133119846,25,28.850786209106445,1.8285503387451172,1178.1160888671875,1319.176513671875
5b4bffcb-62c3-4bc0-9be5-205b0c6d3b57,a2c3d3dd-30f7-4511-8288-d5c7edc7422d,768,1788549252735618846,1788549252750618846,15,11.973186492919922,0.7528603076934814,804.3670043945312,832.0805053710938
5b4bffcb-62c3-4bc0-9be5-205b0c6d3b57,a2c3d3dd-30f7-4511-8288-d5c7edc7422d,769,1788549253421253846,1788549253441243846,20,19.06804847717285,1.2076159715652466,963.0091552734375,1043.4017333984375
5b4bffcb-62c3-4bc0-9be5-205b0c6d3b57,a2c3d3dd-30f7-4511-8288-d5c7edc7422d,770,1788549253816618846,1788549253846618846,30,34.40143966674805,2.176295280456543,1151.787353515625,1425.71875
5b4bffcb-62c3-4bc0-9be5-205b0c6d3b57,a2c3d3dd-30f7-4511-8288-d5c7edc7422d,771,1788549255288002846,1788549255302993846,15,12.655054092407227,0.8017646074295044,853.3099365234375,901.9585571289062
5b4bffcb-62c3-4bc0-9be5-205b0c6d3b57,a2c3d3dd-30f7-4511-8288-d5c7edc7422d,772,1788549255533243846,1788549255563242846,30,33.459922790527344,2.1181414127349854,1107.3204345703125,1265.0361328125
5b4bffcb-62c3-4bc0-9be5-205b0c6d3b57,a2c3d3dd-30f7-4511-8288-d5c7edc7422d,773,1788549256574256846,1788549256629242846,55,175.1021270751953,10.972917556762695,3203.031005859375,5213.40771484375
5b4bffcb-62c3-4bc0-9be5-205b0c6d3b57,a2c3d3dd-30f7-4511-8288-d5c7edc7422d,774,1788549256749367846,1788549256914492846,165,184.28269958496094,11.550798416137695,4197.54443359375,10703.5322265625
5b4bffcb-62c3-4bc0-9be5-205b0c6d3b57,a2c3d3dd-30f7-4511-8288-d5c7edc7422d,775,1788549257079617846,1788549257334867846,255,288.36541748046875,18.260826110839844,4359.92578125,8180.34423828125
5b4bffcb-62c3-4bc0-9be5-205b0c6d3b57,a2c3d3dd-30f7-4511-8288-d5c7edc7422d,776,1788549259351741846,1788549259566991846,215,159.67974853515625,10.098467826843262,3012.042724609375,7496.3291015625
5b4bffcb-62c3-4bc0-9be5-205b0c6d3b57,a2c3d3dd-30f7-4511-8288-d5c7edc7422d,777,1788549260052491846,1788549260122491846,70,170.1341552734375,10.769047737121582,2581.2685546875,4025.3671875
5b4bffcb-62c3-4bc0-9be5-205b0c6d3b57,a2c3d3dd-30f7-4511-8288-d5c7edc7422d,778,1788549260377741846,1788549260412741846,35,67.57746887207031,4.272515773773193,1927.493896484375,2459.99755859375
5b4bffcb-62c3-4bc0-9be5-205b0c6d3b57,a2c3d3dd-30f7-4511-8288-d5c7edc7422d,779,1788549260592991846,1788549260662991846,70,241.78985595703125,15.319933891296387,3442.0576171875,5501.64892578125
5b4bffcb-62c3-4bc0-9be5-205b0c6d3b57,a2c3d3dd-30f7-4511-8288-d5c7edc7422d,780,1788549260843241846,1788549260873241846,30,37.67247772216797,2.3910093307495117,1244.564453125,1524.14990234375
5b4bffcb-62c3-4bc0-9be5-205b0c6d3b57,a2c3d3dd-30f7-4511-8288-d5c7edc7422d,781,1788549261128491846,1788549261168491846,40,84.91159057617188,5.386701583862305,2130.5849609375,3013.927001953125
5b4bffcb-62c3-4bc0-9be5-205b0c6d3b57,a2c3d3dd-30f7-4511-8288-d5c7edc7422d,782,1788549261353626846,1788549261658991846,305,377.56219482421875,23.834226608276367,3607.349609375,10490.3349609375
5b4bffcb-62c3-4bc0-9be5-205b0c6d3b57,a2c3d3dd-30f7-4511-8288-d5c7edc7422d,783,1788549261919243846,1788549261964241846,45,133.30462646484375,8.385141372680664,2982.7431640625,4365.6865234375
5b4bffcb-62c3-4bc0-9be5-205b0c6d3b57,a2c3d3dd-30f7-4511-8288-d5c7edc7422d,784,1788549262164490846,1788549262239490846,75,277.87615966796875,17.553178787231445,3911.98876953125,5619.35888671875
5b4bffcb-62c3-4bc0-9be5-205b0c6d3b57,a2c3d3dd-30f7-4511-8288-d5c7edc7422d,785,1788549262414631846,1788549262464743846,50,123.83082580566406,7.862341403961182,2618.783935546875,4040.109130859375
5b4bffcb-62c3-4bc0-9be5-205b0c6d3b57,a2c3d3dd-30f7-4511-8288-d5c7edc7422d,786,1788549262614865846,1788549262674868846,60,120.54759216308594,7.651741981506348,2026.1802978515625,2776.995849609375
5b4bffcb-62c3-4bc0-9be5-205b0c6d3b57,a2c3d3dd-30f7-4511-8288-d5c7edc7422d,787,1788549262920115846,1788549262965240846,45,93.75269317626953,5.946077346801758,2353.662109375,3381.5576171875
5b4bffcb-62c3-4bc0-9be5-205b0c6d3b57,a2c3d3dd-30f7-4511-8288-d5c7edc7422d,788,1788549263410615846,1788549263460626846,50,77.30496215820312,4.90818452835083,1599.8216552734375,2213.050537109375
5b4bffcb-62c3-4bc0-9be5-205b0c6d3b57,a2c3d3dd-30f7-4511-8288-d5c7edc7422d,789,1788549264141365846,1788549264356490846,215,372.9254455566406,23.467422485351562,5282.7158203125,18547.97265625
5b4bffcb-62c3-4bc0-9be5-205b0c6d3b57,a2c3d3dd-30f7-4511-8288-d5c7edc7422d,790,1788549264441619846,1788549264511615846,70,269.0795593261719,17.024272918701172,3921.38525390625,6678.07568359375
5b4bffcb-62c3-4bc0-9be5-205b0c6d3b57,a2c3d3dd-30f7-4511-8288-d5c7edc7422d,791,1788549264676750846,1788549264826990846,150,653.41015625,39.71527099609375,4428.00341796875,6883.95263671875
5b4bffcb-62c3-4bc0-9be5-205b0c6d3b57,a2c3d3dd-30f7-4511-8288-d5c7edc7422d,792,1788549265027115846,1788549265087239846,60,161.66119384765625,9.784979820251465,2757.95458984375,4354.26220703125
5b4bffcb-62c3-4bc0-9be5-205b0c6d3b57,a2c3d3dd-30f7-4511-8288-d5c7edc7422d,793,1788549265367489846,1788549265427489846,60,150.52549743652344,9.440685272216797,2529.470458984375,4489.81396484375
5b4bffcb-62c3-4bc0-9be5-205b0c6d3b57,a2c3d3dd-30f7-4511-8288-d5c7edc7422d,794,1788549265542614846,1788549265587619846,45,138.50540161132812,8.641356468200684,2657.60693359375,4601.59033203125
5b4bffcb-62c3-4bc0-9be5-205b0c6d3b57,a2c3d3dd-30f7-4511-8288-d5c7edc7422d,795,1788549265847864846,1788549265942989846,95,516.2140502929688,32.68281555175781,5121.31884765625,8416.0478515625
5b4bffcb-62c3-4bc0-9be5-205b0c6d3b57,a2c3d3dd-30f7-4511-8288-d5c7edc7422d,796,1788549266478489846,1788549266823864846,345,619.2109375,39.14616012573242,3449.059326171875,10120.42578125
5b4bffcb-62c3-4bc0-9be5-205b0c6d3b57,a2c3d3dd-30f7-4511-8288-d5c7edc7422d,797,1788549266943989846,1788549266983989846,40,65.1686782836914,4.097930908203125,1449.7872314453125,1926.427490234375
5b4bffcb-62c3-4bc0-9be5-205b0c6d3b57,a2c3d3dd-30f7-4511-8288-d5c7edc7422d,798,1788549267639614846,1788549267804739846,165,475.2555236816406,30.020557403564453,4239.92919921875,9466.900390625
5b4bffcb-62c3-4bc0-9be5-205b0c6d3b57,a2c3d3dd-30f7-4511-8288-d5c7edc7422d,799,1788549267934863846,1788549267979871846,45,61.32642364501953,3.8574116230010986,1381.6575927734375,1963.2789306640625
5b4bffcb-62c3-4bc0-9be5-205b0c6d3b57,a2c3d3dd-30f7-4511-8288-d5c7edc7422d,800,1788549268084988846,1788549268280238846,195,533.258056640625,33.73632049560547,3988.622314453125,9456.771484375
5b4bffcb-62c3-4bc0-9be5-205b0c6d3b57,a2c3d3dd-30f7-4511-8288-d5c7edc7422d,801,1788549268575488846,1788549268600488846,25,31.078760147094727,1.9422497749328613,1222.1287841796875,1460.4647216796875
5b4bffcb-62c3-4bc0-9be5-205b0c6d3b57,a2c3d3dd-30f7-4511-8288-d5c7edc7422d,802,1788549268880738846,1788549269120988846,240,392.642578125,24.8371524810791,3880.58642578125,17298.896484375
5b4bffcb-62c3-4bc0-9be5-205b0c6d3b57,a2c3d3dd-30f7-4511-8288-d5c7edc7422d,803,1788549269561368846,1788549269676488846,115,137.39410400390625,8.715078353881836,1762.26171875,2931.70556640625
5b4bffcb-62c3-4bc0-9be5-205b0c6d3b57,a2c3d3dd-30f7-4511-8288-d5c7edc7422d,804,1788549270982737846,1788549271132862846,150,129.2009735107422,8.18906021118164,3201.1337890625,7408.34912109375
5b4bffcb-62c3-4bc0-9be5-205b0c6d3b57,a2c3d3dd-30f7-4511-8288-d5c7edc7422d,805,1788549271653362846,1788549271698379846,45,164.73228454589844,10.450370788574219,3387.814208984375,5365.26318359375
5b4bffcb-62c3-4bc0-9be5-205b0c6d3b57,a2c3d3dd-30f7-4511-8288-d5c7edc7422d,806,1788549271838612846,1788549271873612846,35,38.63553237915039,2.454422950744629,1141.2086181640625,1371.8909912109375
5b4bffcb-62c3-4bc0-9be5-205b0c6d3b57,a2c3d3dd-30f7-4511-8288-d5c7edc7422d,807,1788549272053747846,1788549272103741846,50,70.90815734863281,4.5023956298828125,1313.1121826171875,1853.973876953125
5b4bffcb-62c3-4bc0-9be5-205b0c6d3b57,a2c3d3dd-30f7-4511-8288-d5c7edc7422d,808,1788549272409112846,1788549272449112846,40,62.8458366394043,3.986682891845703,1564.2239990234375,2099.99609375
5b4bffcb-62c3-4bc0-9be5-205b0c6d3b57,a2c3d3dd-30f7-4511-8288-d5c7edc7422d,809,1788549272634362846,1788549272669362846,35,61.646488189697266,3.9171149730682373,1758.5467529296875,2277.657470703125
5b4bffcb-62c3-4bc0-9be5-205b0c6d3b57,a2c3d3dd-30f7-4511-8288-d5c7edc7422d,810,1788549273249862846,1788549273500112846,250,32.87259292602539,2.0887043476104736,4438.7626953125,11821.1435546875
5b4bffcb-62c3-4bc0-9be5-205b0c6d3b57,a2c3d3dd-30f7-4511-8288-d5c7edc7422d,811,1788549273710362846,1788549273745362846,35,54.40316390991211,3.4541871547698975,1564.7432861328125,1917.736083984375
5b4bffcb-62c3-4bc0-9be5-205b0c6d3b57,a2c3d3dd-30f7-4511-8288-d5c7edc7422d,812,1788549274085612846,1788549274100736846,15,13.67457103729248,0.8673506379127502,905.9820556640625,1020.6106567382812
5b4bffcb-62c3-4bc0-9be5-205b0c6d3b57,a2c3d3dd-30f7-4511-8288-d5c7edc7422d,813,1788549274591111846,1788549274836361846,245,98.19145202636719,6.216750144958496,3555.38037109375,9180.4033203125
5b4bffcb-62c3-4bc0-9be5-205b0c6d3b57,a2c3d3dd-30f7-4511-8288-d5c7edc7422d,814,1788549274951486846,1788549274991486846,40,75.40067291259766,4.776360034942627,2144.702392578125,2722.3310546875
5b4bffcb-62c3-4bc0-9be5-205b0c6d3b57,a2c3d3dd-30f7-4511-8288-d5c7edc7422d,815,1788549275737236846,1788549275772236846,35,47.53172302246094,3.0165903568267822,1372.1046142578125,1740.0096435546875
5b4bffcb-62c3-4bc0-9be5-205b0c6d3b57,a2c3d3dd-30f7-4511-8288-d5c7edc7422d,816,1788549276087611846,1788549276117611846,30,31.882564544677734,2.0232415199279785,1045.424072265625,1218.7344970703125
5b4bffcb-62c3-4bc0-9be5-205b0c6d3b57,a2c3d3dd-30f7-4511-8288-d5c7edc7422d,817,1788549276472861846,1788549276502986846,30,57.19890594482422,3.629223585128784,1613.8094482421875,2013.7835693359375
5b4bffcb-62c3-4bc0-9be5-205b0c6d3b57,a2c3d3dd-30f7-4511-8288-d5c7edc7422d,818,1788549276948361846,1788549276993361846,45,110.15901947021484,6.978458404541016,2462.7080078125,3567.20947265625
5b4bffcb-62c3-4bc0-9be5-205b0c6d3b57,a2c3d3dd-30f7-4511-8288-d5c7edc7422d,819,1788549278229610846,1788549278269610846,40,65.39945983886719,4.127545356750488,1662.91259765625,2169.949462890625
5b4bffcb-62c3-4bc0-9be5-205b0c6d3b57,a2c3d3dd-30f7-4511-8288-d5c7edc7422d,820,1788549278564864846,1788549278780110846,215,42.87388229370117,2.703552007675171,2772.064697265625,6618.47412109375
5b4bffcb-62c3-4bc0-9be5-205b0c6d3b57,a2c3d3dd-30f7-4511-8288-d5c7edc7422d,821,1788549279225485846,1788549279290610846,65,117.62447357177734,7.4321393966674805,1919.6312255859375,2730.7724609375
5b4bffcb-62c3-4bc0-9be5-205b0c6d3b57,a2c3d3dd-30f7-4511-8288-d5c7edc7422d,822,1788549280531734846,1788549280706859846,175,142.1025390625,8.973407745361328,2755.699462890625,5780.86572265625
5b4bffcb-62c3-4bc0-9be5-205b0c6d3b57,a2c3d3dd-30f7-4511-8288-d5c7edc7422d,823,1788549281627734846,1788549281682859846,55,113.05500793457031,7.135367393493652,2268.171142578125,3662.77392578125
5b4bffcb-62c3-4bc0-9be5-205b0c6d3b57,a2c3d3dd-30f7-4511-8288-d5c7edc7422d,824,1788549282093234846,1788549282113238846,20,20.838462829589844,1.314376950263977,1038.9771728515625,1148.2852783203125
5b4bffcb-62c3-4bc0-9be5-205b0c6d3b57,a2c3d3dd-30f7-4511-8288-d5c7edc7422d,825,1788549282433484846,1788549282488609846,55,124.16307830810547,7.83197546005249,2289.9208984375,3365.8818359375
5b4bffcb-62c3-4bc0-9be5-205b0c6d3b57,a2c3d3dd-30f7-4511-8288-d5c7edc7422d,826,1788549282653734846,1788549282703734846,50,178.91384887695312,11.338303565979004,3587.350830078125,5107.193359375
5b4bffcb-62c3-4bc0-9be5-205b0c6d3b57,a2c3d3dd-30f7-4511-8288-d5c7edc7422d,827,1788549283129234846,1788549283184234846,55,112.43317413330078,7.138423442840576,2068.535400390625,3284.43603515625
5b4bffcb-62c3-4bc0-9be5-205b0c6d3b57,a2c3d3dd-30f7-4511-8288-d5c7edc7422d,828,1788549283379359846,1788549283409493846,30,37.347625732421875,2.3491907119750977,1252.3480224609375,1536.02099609375
5b4bffcb-62c3-4bc0-9be5-205b0c6d3b57,a2c3d3dd-30f7-4511-8288-d5c7edc7422d,829,1788549283574609846,1788549283664733846,90,128.4037628173828,8.128097534179688,2531.584228515625,5068.240234375
5b4bffcb-62c3-4bc0-9be5-205b0c6d3b57,a2c3d3dd-30f7-4511-8288-d5c7edc7422d,830,1788549283809858846,1788549283849859846,40,41.79397964477539,2.6527953147888184,1212.9326171875,1570.814453125
5b4bffcb-62c3-4bc0-9be5-205b0c6d3b57,a2c3d3dd-30f7-4511-8288-d5c7edc7422d,831,1788549283999983846,1788549284195233846,195,28.226787567138672,1.7927429676055908,3601.548828125,9879.166015625
5b4bffcb-62c3-4bc0-9be5-205b0c6d3b57,a2c3d3dd-30f7-4511-8288-d5c7edc7422d,832,1788549284600624846,1788549284630608846,30,37.53547286987305,2.380614995956421,1260.29248046875,1521.3900146484375
5b4bffcb-62c3-4bc0-9be5-205b0c6d3b57,a2c3d3dd-30f7-4511-8288-d5c7edc7422d,833,1788549285271233846,1788549285311233846,40,66.6389389038086,4.229357719421387,1681.220947265625,2273.350830078125
5b4bffcb-62c3-4bc0-9be5-205b0c6d3b57,a2c3d3dd-30f7-4511-8288-d5c7edc7422d,834,1788549285881733846,1788549285921858846,40,161.59512329101562,10.260692596435547,4027.5751953125,5860.86767578125
5b4bffcb-62c3-4bc0-9be5-205b0c6d3b57,a2c3d3dd-30f7-4511-8288-d5c7edc7422d,835,1788549286222108846,1788549286247108846,25,27.96800422668457,1.77226722240448,1157.81103515625,1514.2501220703125
5b4bffcb-62c3-4bc0-9be5-205b0c6d3b57,a2c3d3dd-30f7-4511-8288-d5c7edc7422d,836,1788549286697482846,1788549286727607846,30,29.270225524902344,1.8538614511489868,1183.24658203125,1396.5064697265625
5b4bffcb-62c3-4bc0-9be5-205b0c6d3b57,a2c3d3dd-30f7-4511-8288-d5c7edc7422d,837,1788549286972732846,1788549287122986846,150,15.32698917388916,0.9719510078430176,3842.499755859375,9129.7607421875
5b4bffcb-62c3-4bc0-9be5-205b0c6d3b57,a2c3d3dd-30f7-4511-8288-d5c7edc7422d,838,1788549289094732846,1788549289129857846,35,48.02250289916992,3.043426275253296,1394.8275146484375,1815.06298828125
5b4bffcb-62c3-4bc0-9be5-205b0c6d3b57,a2c3d3dd-30f7-4511-8288-d5c7edc7422d,839,1788549289835481846,1788549289880481846,45,79.79772186279297,5.047445774078369,1756.28369140625,2613.1416015625
5b4bffcb-62c3-4bc0-9be5-205b0c6d3b57,a2c3d3dd-30f7-4511-8288-d5c7edc7422d,840,1788549290486106846,1788549290621231846,135,114.34573364257812,7.236505508422852,4373.93896484375,11857.5283203125
5b4bffcb-62c3-4bc0-9be5-205b0c6d3b57,a2c3d3dd-30f7-4511-8288-d5c7edc7422d,841,1788549291041606846,1788549291071606846,30,30.352325439453125,1.920739769935608,1035.237060546875,1211.5140380859375
5b4bffcb-62c3-4bc0-9be5-205b0c6d3b57,a2c3d3dd-30f7-4511-8288-d5c7edc7422d,842,1788549291507106846,1788549291572106846,65,255.68838500976562,16.17755126953125,3943.51953125,5810.03271484375
5b4bffcb-62c3-4bc0-9be5-205b0c6d3b57,a2c3d3dd-30f7-4511-8288-d5c7edc7422d,843,1788549292052606846,1788549292232731846,180,48.91129684448242,3.080812454223633,3602.756103515625,6588.1328125
5b4bffcb-62c3-4bc0-9be5-205b0c6d3b57,a2c3d3dd-30f7-4511-8288-d5c7edc7422d,844,1788549293063481846,1788549293118605846,55,159.72286987304688,10.10517692565918,2879.881103515625,4326.0986328125
5b4bffcb-62c3-4bc0-9be5-205b0c6d3b57,a2c3d3dd-30f7-4511-8288-d5c7edc7422d,845,1788549293263730846,1788549293318730846,55,213.40464782714844,13.509260177612305,3937.35986328125,6441.24267578125
5b4bffcb-62c3-4bc0-9be5-205b0c6d3b57,a2c3d3dd-30f7-4511-8288-d5c7edc7422d,846,1788549293483980846,1788549293508980846,25,20.973594665527344,1.3087846040725708,833.7547607421875,854.3404541015625
5b4bffcb-62c3-4bc0-9be5-205b0c6d3b57,a2c3d3dd-30f7-4511-8288-d5c7edc7422d,847,1788549293769239846,1788549293794230846,25,25.719863891601562,1.5978662967681885,1003.9208984375,1131.079345703125
5b4bffcb-62c3-4bc0-9be5-205b0c6d3b57,a2c3d3dd-30f7-4511-8288-d5c7edc7422d,848,1788549294004355846,1788549294039480846,35,75.17936706542969,4.674860000610352,2178.822021484375,2846.704833984375
5b4bffcb-62c3-4bc0-9be5-205b0c6d3b57,a2c3d3dd-30f7-4511-8288-d5c7edc7422d,849,1788549294339730846,1788549294364741846,25,47.7053108215332,2.9764950275421143,1605.3260498046875,1951.3302001953125
5b4bffcb-62c3-4bc0-9be5-205b0c6d3b57,a2c3d3dd-30f7-4511-8288-d5c7edc7422d,850,1788549294785105846,1788549294815230846,30,35.45037841796875,2.212283134460449,1181.6575927734375,1502.1859130859375
5b4bffcb-62c3-4bc0-9be5-205b0c6d3b57,a2c3d3dd-30f7-4511-8288-d5c7edc7422d,851,1788549295310605846,1788549295410730846,100,48.598567962646484,3.038158655166626,3463.12890625,7384.30029296875
5b4bffcb-62c3-4bc0-9be5-205b0c6d3b57,a2c3d3dd-30f7-4511-8288-d5c7edc7422d,852,1788549295570855846,1788549295590855846,20,30.484167098999023,1.9227653741836548,1203.0045166015625,1300.590576171875
5b4bffcb-62c3-4bc0-9be5-205b0c6d3b57,a2c3d3dd-30f7-4511-8288-d5c7edc7422d,853,1788549295806109846,1788549295836110846,30,50.24942398071289,3.177335262298584,1435.2900390625,1720.1773681640625
5b4bffcb-62c3-4bc0-9be5-205b0c6d3b57,a2c3d3dd-30f7-4511-8288-d5c7edc7422d,854,1788549296716979846,1788549296766979846,50,194.8886260986328,12.369978904724121,3636.1064453125,5534.0556640625
5b4bffcb-62c3-4bc0-9be5-205b0c6d3b57,a2c3d3dd-30f7-4511-8288-d5c7edc7422d,855,1788549297582729846,1788549297617854846,35,79.0548324584961,5.0113701820373535,2279.468994140625,2913.10595703125
5b4bffcb-62c3-4bc0-9be5-205b0c6d3b57,a2c3d3dd-30f7-4511-8288-d5c7edc7422d,856,1788549298148354846,1788549298258354846,110,272.74627685546875,17.21689796447754,3361.4990234375,5780.7939453125
5b4bffcb-62c3-4bc0-9be5-205b0c6d3b57,a2c3d3dd-30f7-4511-8288-d5c7edc7422d,857,1788549298668854846,1788549298693854846,25,28.815135955810547,1.7683017253875732,1089.5380859375,1191.9073486328125
5b4bffcb-62c3-4bc0-9be5-205b0c6d3b57,a2c3d3dd-30f7-4511-8288-d5c7edc7422d,858,1788549299139229846,1788549299164229846,25,26.516685485839844,1.6170680522918701,1098.9832763671875,1269.2935791015625
5b4bffcb-62c3-4bc0-9be5-205b0c6d3b57,a2c3d3dd-30f7-4511-8288-d5c7edc7422d,859,1788549299644733846,1788549299679728846,35,62.537899017333984,3.885171890258789,1715.3851318359375,2190.50732421875
5b4bffcb-62c3-4bc0-9be5-205b0c6d3b57,a2c3d3dd-30f7-4511-8288-d5c7edc7422d,860,1788549300035103846,1788549300055103846,20,20.448232650756836,1.248684048652649,1000.8060302734375,1064.864013671875
5b4bffcb-62c3-4bc0-9be5-205b0c6d3b57,a2c3d3dd-30f7-4511-8288-d5c7edc7422d,861,1788549300305353846,1788549300490478846,185,36.58403778076172,2.2537035942077637,4732.49658203125,14778.4931640625
5b4bffcb-62c3-4bc0-9be5-205b0c6d3b57,a2c3d3dd-30f7-4511-8288-d5c7edc7422d,862,1788549301481480846,1788549301641603846,160,162.46444702148438,10.091026306152344,2414.61865234375,4103.29931640625
5b4bffcb-62c3-4bc0-9be5-205b0c6d3b57,a2c3d3dd-30f7-4511-8288-d5c7edc7422d,863,1788549301776728846,1788549301811736846,35,99.98567199707031,6.454516410827637,2533.561767578125,3688.448486328125
5b4bffcb-62c3-4bc0-9be5-205b0c6d3b57,a2c3d3dd-30f7-4511-8288-d5c7edc7422d,864,1788549302192102846,1788549302227114846,35,84.84989166259766,5.694484233856201,2602.8671875,3356.811767578125
5b4bffcb-62c3-4bc0-9be5-205b0c6d3b57,a2c3d3dd-30f7-4511-8288-d5c7edc7422d,865,1788549302492352846,1788549302552477846,60,125.80083465576172,7.907074451446533,2070.60595703125,3127.313720703125
5b4bffcb-62c3-4bc0-9be5-205b0c6d3b57,a2c3d3dd-30f7-4511-8288-d5c7edc7422d,866,1788549302882727846,1788549302927852846,45,150.165771484375,8.2902193069458,3363.207763671875,4992.31689453125
5b4bffcb-62c3-4bc0-9be5-205b0c6d3b57,a2c3d3dd-30f7-4511-8288-d5c7edc7422d,867,1788549303067977846,1788549303563352846,495,241.41131591796875,13.462586402893066,1648.416015625,5126.87646484375
5b4bffcb-62c3-4bc0-9be5-205b0c6d3b57,a2c3d3dd-30f7-4511-8288-d5c7edc7422d,868,1788549303763607846,1788549305380102846,1616,731.4383544921875,47.394466400146484,2165.070068359375,8687.47265625
5b4bffcb-62c3-4bc0-9be5-205b0c6d3b57,a2c3d3dd-30f7-4511-8288-d5c7edc7422d,869,1788549305460227846,1788549306350976846,891,92.38220977783203,5.85135555267334,2287.3525390625,7895.35498046875
